day,level,cefr,review,filename,title,theme,words,summary,prompt,story
1,1,A1,,img_day1.png,Leo's Big Day,Leo's Big Day,cat · dog · bird · fish · big · small,Leo has a cat. Her name is Nala. Nala is small and white.,"Illustrate this short story as ONE single scene for a children's English book. Story: ""Leo has a cat. Her name is Nala. Nala is small and white. Leo also has a dog. His name is Boon. Boon is big and brown. One day, Leo sees a bird in the garden. The bird is yellow and small. He looks at the pond and sees a fish. It is orange and small. Leo smiles. He loves all his animals."" Show the main characters and the objects named. Original characters, not based on any existing franchise or known cartoon. children's storybook illustration, soft warm colors, friendly rounded shapes, gentle lighting, flat vector style with light texture, wide 16:9 scene, no text, no letters, no words, no watermark","Leo has a cat. Her name is Nala. Nala is small and white. Leo also has a dog. His name is Boon. Boon is big and brown. One day, Leo sees a bird in the garden. The bird is yellow and small. He looks at the pond and sees a fish. It is orange and small. Leo smiles. He loves all his animals."
2,1,A1,,img_day2.png,Mimi's Garden Walk,Mimi's Garden Walk,garden · flower · tree · grass · run · happy,"Mimi loves her garden. Every morning, she runs outside to look at her flowers. Today, she sees a tall tree near the gate.","Illustrate this short story as ONE single scene for a children's English book. Story: ""Mimi loves her garden. Every morning, she runs outside to look at her flowers. Today, she sees a tall tree near the gate. Under the tree, there is soft grass. Mimi sits on the grass. She is very happy. She starts to run between the flowers. Tomorrow, Mimi will plant new seeds. She cannot wait!"" Show the main characters and the objects named. Original characters, not based on any existing franchise or known cartoon. children's storybook illustration, soft warm colors, friendly rounded shapes, gentle lighting, flat vector style with light texture, wide 16:9 scene, no text, no letters, no words, no watermark","Mimi loves her garden. Every morning, she runs outside to look at her flowers. Today, she sees a tall tree near the gate. Under the tree, there is soft grass. Mimi sits on the grass. She is very happy. She starts to run between the flowers. Tomorrow, Mimi will plant new seeds. She cannot wait!"
3,1,A1,,img_day3.png,Sam's Farm Day,Sam's Farm Day,farm · cow · horse · sheep · eat · walk,"Sam lives on a farm. Every morning, he likes to walk and see his animals. The cow and sheep eat green grass all day.","Illustrate this short story as ONE single scene for a children's English book. Story: ""Sam lives on a farm. Every morning, he likes to walk and see his animals. He has one big cow, one brown horse, and three white sheep. The cow and sheep eat green grass all day. The horse eats hay near the barn. Sam loves to walk around his farm. It makes him very happy!"" Show the main characters and the objects named. Original characters, not based on any existing franchise or known cartoon. children's storybook illustration, soft warm colors, friendly rounded shapes, gentle lighting, flat vector style with light texture, wide 16:9 scene, no text, no letters, no words, no watermark","Sam lives on a farm. Every morning, he likes to walk and see his animals. He has one big cow, one brown horse, and three white sheep. The cow and sheep eat green grass all day. The horse eats hay near the barn. Sam loves to walk around his farm. It makes him very happy!"
4,1,A1,,img_day4.png,Duck at the Pond,Duck at the Pond,duck · swim · water · fly · fast · slow,"Near Leo's house, there is a pond. A yellow duck lives there. The duck can swim fast in the water.","Illustrate this short story as ONE single scene for a children's English book. Story: ""Near Leo's house, there is a pond. A yellow duck lives there. The duck can swim fast in the water. It can also fly! But when the duck walks, it is very slow. Leo laughs and claps. One day, Leo sees the duck fly up into the sky. It is so beautiful!"" Show the main characters and the objects named. Original characters, not based on any existing franchise or known cartoon. children's storybook illustration, soft warm colors, friendly rounded shapes, gentle lighting, flat vector style with light texture, wide 16:9 scene, no text, no letters, no words, no watermark","Near Leo's house, there is a pond. A yellow duck lives there. The duck can swim fast in the water. It can also fly! But when the duck walks, it is very slow. Leo laughs and claps. One day, Leo sees the duck fly up into the sky. It is so beautiful!"
5,1,A1,,img_day5.png,Amy and the Butterfly,Amy and the Butterfly,butterfly · insect · color · beautiful · sit · look,"Amy is Mimi's little sister. One day, she sees a butterfly in the garden. A butterfly is an insect.","Illustrate this short story as ONE single scene for a children's English book. Story: ""Amy is Mimi's little sister. One day, she sees a butterfly in the garden. A butterfly is an insect. It has many colors — red, yellow, and blue. Amy thinks it is very beautiful. She sits on a bench and looks at it for a long time. Then the butterfly sits right on Amy's hand! She smiles."" Show the main characters and the objects named. Original characters, not based on any existing franchise or known cartoon. children's storybook illustration, soft warm colors, friendly rounded shapes, gentle lighting, flat vector style with light texture, wide 16:9 scene, no text, no letters, no words, no watermark","Amy is Mimi's little sister. One day, she sees a butterfly in the garden. A butterfly is an insect. It has many colors — red, yellow, and blue. Amy thinks it is very beautiful. She sits on a bench and looks at it for a long time. Then the butterfly sits right on Amy's hand! She smiles."
6,1,A1,,img_day6.png,River Friends,River Friends,river · frog · jump · catch · long · short,Leo walks to the river one morning. The frog can jump very far. The fly has long wings but the frog's tongue is even longer!,"Illustrate this short story as ONE single scene for a children's English book. Story: ""Leo walks to the river one morning. He sees a green frog on a big rock. The frog can jump very far. It tries to catch a fly. The fly has long wings but the frog's tongue is even longer! Leo laughs. You have a very long tongue! The frog blinks at him. Some things are long, some are short. Both are good."" Show the main characters and the objects named. Original characters, not based on any existing franchise or known cartoon. children's storybook illustration, soft warm colors, friendly rounded shapes, gentle lighting, flat vector style with light texture, wide 16:9 scene, no text, no letters, no words, no watermark","Leo walks to the river one morning. He sees a green frog on a big rock. The frog can jump very far. It tries to catch a fly. The fly has long wings but the frog's tongue is even longer! Leo laughs. You have a very long tongue! The frog blinks at him. Some things are long, some are short. Both are good."
7,1,A1,ทบทวน,img_day7.png,Week 1 Review!,Week 1 Review!,cat · dog · bird · fish · big · small · flower · tree · grass · water · new · old · cow · horse · pig · hen · fat · thin · duck · frog · lake · swim · long · short · butterfly · bee · fly · happy · sad · run · river · jump · fast · slow · find · friend,,"Illustrate a cheerful review-day celebration for a children's English book: two original child-friendly characters cheering together among floating stars, balloons and simple everyday objects. Theme: Week 1 Review!. children's storybook illustration, soft warm colors, friendly rounded shapes, gentle lighting, flat vector style with light texture, wide 16:9 scene, no text, no letters, no words, no watermark",
8,1,A1,,img_day8.png,Leo's Big Breakfast,Leo's Big Breakfast,bread · milk · egg · apple · jam · hot,Leo wakes up early. Mimi brings an apple. The food is hot and good.,"Illustrate this short story as ONE single scene for a children's English book. Story: ""Leo wakes up early. He is very hungry. He sees bread on the table. He drinks a glass of milk. Then he cooks an egg. Mimi brings an apple. He puts jam on his bread! she says. The food is hot and good. Leo smiles. This is the best breakfast!"" Show the main characters and the objects named. Original characters, not based on any existing franchise or known cartoon. children's storybook illustration, soft warm colors, friendly rounded shapes, gentle lighting, flat vector style with light texture, wide 16:9 scene, no text, no letters, no words, no watermark",Leo wakes up early. He is very hungry. He sees bread on the table. He drinks a glass of milk. Then he cooks an egg. Mimi brings an apple. He puts jam on his bread! she says. The food is hot and good. Leo smiles. This is the best breakfast!
9,1,A1,,img_day9.png,Leo's Tasty Lunch,Leo's Tasty Lunch,rice · soup · sweet · drink · cold · cup,Leo is very hungry. says Leo. The water is very cold.,"Illustrate this short story as ONE single scene for a children's English book. Story: ""It is lunchtime. Leo is very hungry. He sees a bowl of rice and warm soup on the table. This soup smells sweet! says Leo. He picks up his cup and takes a drink of water. The water is very cold. Leo smiles. This is the best lunch! he says. Tomorrow, Leo wants to cook his own soup!"" Show the main characters and the objects named. Original characters, not based on any existing franchise or known cartoon. children's storybook illustration, soft warm colors, friendly rounded shapes, gentle lighting, flat vector style with light texture, wide 16:9 scene, no text, no letters, no words, no watermark","It is lunchtime. Leo is very hungry. He sees a bowl of rice and warm soup on the table. This soup smells sweet! says Leo. He picks up his cup and takes a drink of water. The water is very cold. Leo smiles. This is the best lunch! he says. Tomorrow, Leo wants to cook his own soup!"
10,1,A1,,img_day10.png,Mimi's Banana Cake,Mimi's Banana Cake,cake · juice · banana · hungry · full · cook,Mimi is hungry after school. The cake smells wonderful! Mimi pours some juice into a glass.,"Illustrate this short story as ONE single scene for a children's English book. Story: ""Mimi is hungry after school. She wants to make a banana cake. She takes three bananas and starts to cook. The cake smells wonderful! Mimi pours some juice into a glass. She is now full and happy. Tomorrow, Mimi will share her cake with Leo!"" Show the main characters and the objects named. Original characters, not based on any existing franchise or known cartoon. children's storybook illustration, soft warm colors, friendly rounded shapes, gentle lighting, flat vector style with light texture, wide 16:9 scene, no text, no letters, no words, no watermark","Mimi is hungry after school. She wants to make a banana cake. She takes three bananas and starts to cook. The cake smells wonderful! Mimi pours some juice into a glass. She is now full and happy. Tomorrow, Mimi will share her cake with Leo!"
11,1,A1,,img_day11.png,Leo's Chicken Noodle,Leo's Chicken Noodle,chicken · noodle · salt · fresh · buy · try,"Leo goes to the market to buy food. At home, Leo puts everything in a big pot. The soup tastes wonderful!","Illustrate this short story as ONE single scene for a children's English book. Story: ""Leo goes to the market to buy food. He wants to try making chicken noodle soup today. He buys fresh chicken and a little salt. At home, Leo puts everything in a big pot. The soup tastes wonderful! Leo smiles. I will cook this every week! Tomorrow, Leo will share the soup with Mimi."" Show the main characters and the objects named. Original characters, not based on any existing franchise or known cartoon. children's storybook illustration, soft warm colors, friendly rounded shapes, gentle lighting, flat vector style with light texture, wide 16:9 scene, no text, no letters, no words, no watermark","Leo goes to the market to buy food. He wants to try making chicken noodle soup today. He buys fresh chicken and a little salt. At home, Leo puts everything in a big pot. The soup tastes wonderful! Leo smiles. I will cook this every week! Tomorrow, Leo will share the soup with Mimi."
12,1,A1,,img_day12.png,Mimi's Grape Bowl,Mimi's Grape Bowl,orange · grape · meat · bowl · share · give,Mimi has a big bowl of fruit. Leo comes over. Let us share!,"Illustrate this short story as ONE single scene for a children's English book. Story: ""Mimi has a big bowl of fruit. She puts oranges and grapes inside. Leo comes over. He brings some meat for dinner. Let us share! says Mimi. She smiles and starts to give fruit to Leo. They eat together and laugh. Tomorrow, they will make a big dinner at the table!"" Show the main characters and the objects named. Original characters, not based on any existing franchise or known cartoon. children's storybook illustration, soft warm colors, friendly rounded shapes, gentle lighting, flat vector style with light texture, wide 16:9 scene, no text, no letters, no words, no watermark","Mimi has a big bowl of fruit. She puts oranges and grapes inside. Leo comes over. He brings some meat for dinner. Let us share! says Mimi. She smiles and starts to give fruit to Leo. They eat together and laugh. Tomorrow, they will make a big dinner at the table!"
13,1,A1,,img_day13.png,Leo's Meal Time,Leo's Meal Time,lunch · dinner · breakfast · ready · make · table,"Leo wakes up and is ready for breakfast. At noon, Mimi wants to make lunch. In the evening, Leo and Mimi have dinner together.","Illustrate this short story as ONE single scene for a children's English book. Story: ""Leo wakes up and is ready for breakfast. He sits at the table and eats eggs. At noon, Mimi wants to make lunch. She cooks rice and soup. In the evening, Leo and Mimi have dinner together. The food is so good! Tomorrow is Review Day!"" Show the main characters and the objects named. Original characters, not based on any existing franchise or known cartoon. children's storybook illustration, soft warm colors, friendly rounded shapes, gentle lighting, flat vector style with light texture, wide 16:9 scene, no text, no letters, no words, no watermark","Leo wakes up and is ready for breakfast. He sits at the table and eats eggs. At noon, Mimi wants to make lunch. She cooks rice and soup. In the evening, Leo and Mimi have dinner together. The food is so good! Tomorrow is Review Day!"
14,1,A1,ทบทวน,img_day14.png,Week 2 Food Review!,Week 2 Food Review!,bread · milk · egg · apple · hot · rice · soup · sweet · drink · cold · cake · juice · banana · hungry · cook · chicken · noodle · salt · fresh · buy · orange · grape · meat · share · give · lunch · dinner · breakfast · ready · make,,"Illustrate a cheerful review-day celebration for a children's English book: two original child-friendly characters cheering together among floating stars, balloons and simple everyday objects. Theme: Week 2 Food Review!. children's storybook illustration, soft warm colors, friendly rounded shapes, gentle lighting, flat vector style with light texture, wide 16:9 scene, no text, no letters, no words, no watermark",
15,1,A1,,img_day15.png,Welcome Home 🏠,Welcome Home,home · room · door · window · floor · wall,"After school, Leo runs home. The floor is clean and cool. Leo looks out of the window.","Illustrate this short story as ONE single scene for a children's English book. Story: ""After school, Leo runs home. He opens the door and steps inside. The floor is clean and cool. Leo looks out of the window. He can see the garden. Mimi is in her room. She is reading a book. On the wall, there is a big picture of their family. Leo smiles. He loves his home very much."" Show the main characters and the objects named. Original characters, not based on any existing franchise or known cartoon. children's storybook illustration, soft warm colors, friendly rounded shapes, gentle lighting, flat vector style with light texture, wide 16:9 scene, no text, no letters, no words, no watermark","After school, Leo runs home. He opens the door and steps inside. The floor is clean and cool. Leo looks out of the window. He can see the garden. Mimi is in her room. She is reading a book. On the wall, there is a big picture of their family. Leo smiles. He loves his home very much."
16,1,A1,,img_day16.png,The Living Room 🛋️,The Living Room,chair · mat · sofa · lamp · bench · watch,Leo and Mimi go to the living room. Dad is on the big sofa. Come to the bench with me!,"Illustrate this short story as ONE single scene for a children's English book. Story: ""Leo and Mimi go to the living room. Dad is on the big sofa. Come to the bench with me! he says. Mimi sits on the red chair. Leo turns on the lamp. They all watch TV on the soft mat. This is fun! says Mimi with a smile."" Show the main characters and the objects named. Original characters, not based on any existing franchise or known cartoon. children's storybook illustration, soft warm colors, friendly rounded shapes, gentle lighting, flat vector style with light texture, wide 16:9 scene, no text, no letters, no words, no watermark",Leo and Mimi go to the living room. Dad is on the big sofa. Come to the bench with me! he says. Mimi sits on the red chair. Leo turns on the lamp. They all watch TV on the soft mat. This is fun! says Mimi with a smile.
17,1,A1,,img_day17.png,The Kitchen 🍳,The Kitchen,kitchen · mug · plate · spoon · clean · help,Mum is in the kitchen. Can we help? asks Leo.,"Illustrate this short story as ONE single scene for a children's English book. Story: ""Mum is in the kitchen. Can we help? asks Leo. Yes! Please clean the plate, says Mum. Mimi puts food on the plate. Leo fills a blue mug with water. Mimi picks up the spoon and stirs. Good job! says Mum with a big smile."" Show the main characters and the objects named. Original characters, not based on any existing franchise or known cartoon. children's storybook illustration, soft warm colors, friendly rounded shapes, gentle lighting, flat vector style with light texture, wide 16:9 scene, no text, no letters, no words, no watermark","Mum is in the kitchen. Can we help? asks Leo. Yes! Please clean the plate, says Mum. Mimi puts food on the plate. Leo fills a blue mug with water. Mimi picks up the spoon and stirs. Good job! says Mum with a big smile."
18,1,A1,,img_day18.png,Bedtime 🛏️,Bedtime,bed · pillow · toy · book · sleep · quiet,"Leo puts his toy on the shelf. Mimi hugs her soft pillow. Please be quiet, says Mum.","Illustrate this short story as ONE single scene for a children's English book. Story: ""It is bedtime. Leo puts his toy on the shelf. Mimi hugs her soft pillow. Please be quiet, says Mum. Leo gets into his bed. He reads one last book. Soon they both sleep. The bedroom is dark and peaceful."" Show the main characters and the objects named. Original characters, not based on any existing franchise or known cartoon. children's storybook illustration, soft warm colors, friendly rounded shapes, gentle lighting, flat vector style with light texture, wide 16:9 scene, no text, no letters, no words, no watermark","It is bedtime. Leo puts his toy on the shelf. Mimi hugs her soft pillow. Please be quiet, says Mum. Leo gets into his bed. He reads one last book. Soon they both sleep. The bedroom is dark and peaceful."
19,1,A1,,img_day19.png,My Family 👨‍👩‍👧‍👦,,family · mother · father · sister · brother · love,After dinner the family sits together. Mimi is Leo's sister. Leo is Mimi's brother.,"Illustrate this short story as ONE single scene for a children's English book. Story: ""After dinner the family sits together. This is my mother, says Leo. She cooks the best food! This is my father, says Mimi. He reads to us at night. Mimi is Leo's sister. Leo is Mimi's brother. They love each other very much."" Show the main characters and the objects named. Original characters, not based on any existing franchise or known cartoon. children's storybook illustration, soft warm colors, friendly rounded shapes, gentle lighting, flat vector style with light texture, wide 16:9 scene, no text, no letters, no words, no watermark","After dinner the family sits together. This is my mother, says Leo. She cooks the best food! This is my father, says Mimi. He reads to us at night. Mimi is Leo's sister. Leo is Mimi's brother. They love each other very much."
20,1,A1,,img_day20.png,Our House 🏡,,yard · roof · stairs · narrow · wide · tidy,"Leo and Mimi draw a map of their house. Our house has a wide yard, says Leo. The roof is red and shiny!","Illustrate this short story as ONE single scene for a children's English book. Story: ""Leo and Mimi draw a map of their house. Our house has a wide yard, says Leo. The roof is red and shiny! Mimi draws the stairs going up. Our kitchen is narrow, she says. But the living room is wide! Mimi keeps her room very tidy. I love our house! they say together."" Show the main characters and the objects named. Original characters, not based on any existing franchise or known cartoon. children's storybook illustration, soft warm colors, friendly rounded shapes, gentle lighting, flat vector style with light texture, wide 16:9 scene, no text, no letters, no words, no watermark","Leo and Mimi draw a map of their house. Our house has a wide yard, says Leo. The roof is red and shiny! Mimi draws the stairs going up. Our kitchen is narrow, she says. But the living room is wide! Mimi keeps her room very tidy. I love our house! they say together."
21,1,A1,ทบทวน,img_day21.png,Week 3 Home Review!,Week 3 Home Review!,home · room · door · window · floor · wall · chair · table · sofa · lamp · sit · watch · kitchen · cup · plate · spoon · clean · help · bed · pillow · toy · book · sleep · quiet · family · mother · father · sister · brother · love · garden · roof · stairs · small · big · tidy,,"Illustrate a cheerful review-day celebration for a children's English book: two original child-friendly characters cheering together among floating stars, balloons and simple everyday objects. Theme: Week 3 Home Review!. children's storybook illustration, soft warm colors, friendly rounded shapes, gentle lighting, flat vector style with light texture, wide 16:9 scene, no text, no letters, no words, no watermark",
22,1,A1,,img_day22.png,First Day at School,First Day at School,school · class · teacher · student · desk · gate,"Leo wakes up early. His teacher says, Hello! Leo finds his own desk beside the gate.","Illustrate this short story as ONE single scene for a children's English book. Story: ""Leo wakes up early. It is his first day at school! He walks into a big class. His teacher says, Hello! Leo finds his own desk beside the gate. He sees many students. I like school! says Leo."" Show the main characters and the objects named. Original characters, not based on any existing franchise or known cartoon. children's storybook illustration, soft warm colors, friendly rounded shapes, gentle lighting, flat vector style with light texture, wide 16:9 scene, no text, no letters, no words, no watermark","Leo wakes up early. It is his first day at school! He walks into a big class. His teacher says, Hello! Leo finds his own desk beside the gate. He sees many students. I like school! says Leo."
23,1,A1,,img_day23.png,My Classroom,My Classroom,poster · pen · board · bright · handle · learn,Mimi is in her classroom. The teacher writes on the board. The room is big and bright.,"Illustrate this short story as ONE single scene for a children's English book. Story: ""Mimi is in her classroom. She has a pen on her desk and a poster on the wall. The teacher writes on the board. The room is big and bright. The handle is blue. Mimi is ready to learn today!"" Show the main characters and the objects named. Original characters, not based on any existing franchise or known cartoon. children's storybook illustration, soft warm colors, friendly rounded shapes, gentle lighting, flat vector style with light texture, wide 16:9 scene, no text, no letters, no words, no watermark",Mimi is in her classroom. She has a pen on her desk and a poster on the wall. The teacher writes on the board. The room is big and bright. The handle is blue. Mimi is ready to learn today!
24,1,A1,,img_day24.png,Leo's School Bag,Leo's School Bag,bag · pencil · ruler · eraser · paper · draw,"Leo has a big blue bag. In his bag, he has a pencil and a ruler. Leo loves to draw!","Illustrate this short story as ONE single scene for a children's English book. Story: ""Leo has a big blue bag. In his bag, he has a pencil and a ruler. He also has an eraser and some paper. Leo loves to draw! Today, he draws a cat on his paper."" Show the main characters and the objects named. Original characters, not based on any existing franchise or known cartoon. children's storybook illustration, soft warm colors, friendly rounded shapes, gentle lighting, flat vector style with light texture, wide 16:9 scene, no text, no letters, no words, no watermark","Leo has a big blue bag. In his bag, he has a pencil and a ruler. He also has an eraser and some paper. Leo loves to draw! Today, he draws a cat on his paper."
25,1,A1,,img_day25.png,Playtime!,Playtime!,play · friend · chase · hop · fun · game,Leo and his friends chase each other outside. says Leo.,"Illustrate this short story as ONE single scene for a children's English book. Story: ""It is playtime at school! Leo and his friends chase each other outside. They hop and laugh. They play a fun game together. This is so fun! says Leo. He loves to play with his friends."" Show the main characters and the objects named. Original characters, not based on any existing franchise or known cartoon. children's storybook illustration, soft warm colors, friendly rounded shapes, gentle lighting, flat vector style with light texture, wide 16:9 scene, no text, no letters, no words, no watermark",It is playtime at school! Leo and his friends chase each other outside. They hop and laugh. They play a fun game together. This is so fun! says Leo. He loves to play with his friends.
26,1,A1,,img_day26.png,My Teacher,My Teacher,kind · teach · listen · smart · read · write,"Leo's teacher is very kind. Leo loves to listen to her. Leo says, Thank you, teacher!","Illustrate this short story as ONE single scene for a children's English book. Story: ""Leo's teacher is very kind. She teaches Leo every day. Leo loves to listen to her. She is very smart! She teaches Leo to read and write. Leo says, Thank you, teacher!"" Show the main characters and the objects named. Original characters, not based on any existing franchise or known cartoon. children's storybook illustration, soft warm colors, friendly rounded shapes, gentle lighting, flat vector style with light texture, wide 16:9 scene, no text, no letters, no words, no watermark","Leo's teacher is very kind. She teaches Leo every day. Leo loves to listen to her. She is very smart! She teaches Leo to read and write. Leo says, Thank you, teacher!"
27,1,A1,,img_day27.png,Learning to Count,Learning to Count,number · count · easy · one · two · three,Mimi sees numbers on the board. Let's count! says the teacher.,"Illustrate this short story as ONE single scene for a children's English book. Story: ""Mimi sees numbers on the board. Let's count! says the teacher. Mimi counts: One, two, three! She smiles. It is easy! she says. The teacher says, Well done Mimi!"" Show the main characters and the objects named. Original characters, not based on any existing franchise or known cartoon. children's storybook illustration, soft warm colors, friendly rounded shapes, gentle lighting, flat vector style with light texture, wide 16:9 scene, no text, no letters, no words, no watermark","Mimi sees numbers on the board. Let's count! says the teacher. Mimi counts: One, two, three! She smiles. It is easy! she says. The teacher says, Well done Mimi!"
28,1,A1,ทบทวน,img_day28.png,Week 4 School Review!,Week 4 School Review!,school · bag · pen · friend · new · go · desk · board · draw · learn · write · think · pencil · ruler · paper · box · put · use · play · run · jump · ball · fun · fast · teacher · listen · ask · answer · say · know · number · count · first · last · ten · many,,"Illustrate a cheerful review-day celebration for a children's English book: two original child-friendly characters cheering together among floating stars, balloons and simple everyday objects. Theme: Week 4 School Review!. children's storybook illustration, soft warm colors, friendly rounded shapes, gentle lighting, flat vector style with light texture, wide 16:9 scene, no text, no letters, no words, no watermark",
29,1,A1,,img_day29.png,Colors Around Us,Colors Around Us,red · blue · green · yellow · grey · white,Leo paints a picture at school. The sky is blue. The sun is yellow.,"Illustrate this short story as ONE single scene for a children's English book. Story: ""Leo paints a picture at school. He uses red for the apple. The sky is blue. He paints a green tree. The sun is yellow. He adds a grey stone. The cloud is white. What a colorful picture!"" Show the main characters and the objects named. Original characters, not based on any existing franchise or known cartoon. children's storybook illustration, soft warm colors, friendly rounded shapes, gentle lighting, flat vector style with light texture, wide 16:9 scene, no text, no letters, no words, no watermark",Leo paints a picture at school. He uses red for the apple. The sky is blue. He paints a green tree. The sun is yellow. He adds a grey stone. The cloud is white. What a colorful picture!
30,1,A1,,img_day30.png,Shapes Everywhere,Shapes Everywhere,circle · square · triangle · star · shape · line,Mimi sees shapes everywhere! The sun is a big circle. The window is a square.,"Illustrate this short story as ONE single scene for a children's English book. Story: ""Mimi sees shapes everywhere! The sun is a big circle. The window is a square. The roof is a triangle. She draws a star on her paper. I can see a shape in every line! says Mimi."" Show the main characters and the objects named. Original characters, not based on any existing franchise or known cartoon. children's storybook illustration, soft warm colors, friendly rounded shapes, gentle lighting, flat vector style with light texture, wide 16:9 scene, no text, no letters, no words, no watermark",Mimi sees shapes everywhere! The sun is a big circle. The window is a square. The roof is a triangle. She draws a star on her paper. I can see a shape in every line! says Mimi.
31,2,A1,,img_day31.png,My Face,My Face,head · face · eye · ear · nose · mouth,Leo looks in the mirror. Leo opens his mouth wide. What a big smile!,"Illustrate this short story as ONE single scene for a children's English book. Story: ""Leo looks in the mirror. He turns his head and sees his happy face! He has two big eyes and two ears. He has one little nose. Leo opens his mouth wide. What a big smile! I love my head and my face, says Leo."" Show the main characters and the objects named. Original characters, not based on any existing franchise or known cartoon. children's storybook illustration, soft warm colors, friendly rounded shapes, gentle lighting, flat vector style with light texture, wide 16:9 scene, no text, no letters, no words, no watermark","Leo looks in the mirror. He turns his head and sees his happy face! He has two big eyes and two ears. He has one little nose. Leo opens his mouth wide. What a big smile! I love my head and my face, says Leo."
32,2,A1,,img_day32.png,My Body,My Body,body · hair · hand · arm · leg · foot,"Mimi has a strong body! Her legs are strong. One foot, two feet — Mimi runs fast!","Illustrate this short story as ONE single scene for a children's English book. Story: ""Mimi has a strong body! She has soft hair on her head. She waves her hand and lifts her two arms. Her legs are strong. One foot, two feet — Mimi runs fast! Look at me go, says Mimi!"" Show the main characters and the objects named. Original characters, not based on any existing franchise or known cartoon. children's storybook illustration, soft warm colors, friendly rounded shapes, gentle lighting, flat vector style with light texture, wide 16:9 scene, no text, no letters, no words, no watermark","Mimi has a strong body! She has soft hair on her head. She waves her hand and lifts her two arms. Her legs are strong. One foot, two feet — Mimi runs fast! Look at me go, says Mimi!"
33,2,A1,,img_day33.png,Smile and Laugh,Smile and Laugh,tooth · finger · neck · smile · laugh · cry,Leo brushes his white teeth. Every tooth is clean. A warm scarf is on his neck.,"Illustrate this short story as ONE single scene for a children's English book. Story: ""Leo brushes his white teeth. Every tooth is clean. He counts one, two on his fingers. A warm scarf is on his neck. Mimi tells a funny joke. Leo begins to smile. Then he starts to laugh! Do not cry, laugh with me, says Mimi."" Show the main characters and the objects named. Original characters, not based on any existing franchise or known cartoon. children's storybook illustration, soft warm colors, friendly rounded shapes, gentle lighting, flat vector style with light texture, wide 16:9 scene, no text, no letters, no words, no watermark","Leo brushes his white teeth. Every tooth is clean. He counts one, two on his fingers. A warm scarf is on his neck. Mimi tells a funny joke. Leo begins to smile. Then he starts to laugh! Do not cry, laugh with me, says Mimi."
34,2,A1,,img_day34.png,Five Senses,Five Senses,see · hear · smell · taste · touch · feel,Leo plays a game with his five senses. Leo feels so happy today!,"Illustrate this short story as ONE single scene for a children's English book. Story: ""Leo plays a game with his five senses. He can see a red bird. He can hear a sweet song. He can smell a flower. He can taste a sweet cake. He can touch the soft cat. Leo feels so happy today!"" Show the main characters and the objects named. Original characters, not based on any existing franchise or known cartoon. children's storybook illustration, soft warm colors, friendly rounded shapes, gentle lighting, flat vector style with light texture, wide 16:9 scene, no text, no letters, no words, no watermark",Leo plays a game with his five senses. He can see a red bird. He can hear a sweet song. He can smell a flower. He can taste a sweet cake. He can touch the soft cat. Leo feels so happy today!
35,2,A1,,img_day35.png,Move Your Body,Move Your Body,stand · dance · wash · brush · move · carry,"Every morning Mimi stands up tall. Mimi can move her body fast. Come and move with me, says Mimi!","Illustrate this short story as ONE single scene for a children's English book. Story: ""Every morning Mimi stands up tall. She washes her hands with soap. She brushes her hair. Then she likes to dance! Mimi can move her body fast. She can carry her school bag too. Come and move with me, says Mimi!"" Show the main characters and the objects named. Original characters, not based on any existing franchise or known cartoon. children's storybook illustration, soft warm colors, friendly rounded shapes, gentle lighting, flat vector style with light texture, wide 16:9 scene, no text, no letters, no words, no watermark","Every morning Mimi stands up tall. She washes her hands with soap. She brushes her hair. Then she likes to dance! Mimi can move her body fast. She can carry her school bag too. Come and move with me, says Mimi!"
36,2,A1,,img_day36.png,Strong and Tall,Strong and Tall,tall · strong · young · tired · sick · well,Leo is young and strong. Leo rests in his warm bed. Mimi brings him soup.,"Illustrate this short story as ONE single scene for a children's English book. Story: ""Leo is young and strong. He can climb the tall tree! But today Leo feels sick. He is tired. Leo rests in his warm bed. Mimi brings him soup. Soon Leo is well again. Now I am strong, says Leo with a smile!"" Show the main characters and the objects named. Original characters, not based on any existing franchise or known cartoon. children's storybook illustration, soft warm colors, friendly rounded shapes, gentle lighting, flat vector style with light texture, wide 16:9 scene, no text, no letters, no words, no watermark","Leo is young and strong. He can climb the tall tree! But today Leo feels sick. He is tired. Leo rests in his warm bed. Mimi brings him soup. Soon Leo is well again. Now I am strong, says Leo with a smile!"
37,2,A1,ทบทวน,img_day37.png,Week 6 Body Review!,Week 5 Body Review!,head · face · eye · ear · nose · mouth · body · hair · hand · arm · leg · foot · tooth · finger · neck · smile · laugh · cry · see · hear · smell · taste · touch · feel · stand · dance · wash · brush · move · carry · tall · strong · young · tired · sick · well,,"Illustrate a cheerful review-day celebration for a children's English book: two original child-friendly characters cheering together among floating stars, balloons and simple everyday objects. Theme: Week 5 Body Review!. children's storybook illustration, soft warm colors, friendly rounded shapes, gentle lighting, flat vector style with light texture, wide 16:9 scene, no text, no letters, no words, no watermark",
38,2,A1,,img_day38.png,What to Wear,What to Wear,shirt · dress · hat · shoe · sock · coat,Mimi opens her closet. What should she wear today? Now Mimi looks so nice!,"Illustrate this short story as ONE single scene for a children's English book. Story: ""Mimi opens her closet. What should she wear today? She picks a blue shirt. She wears a red dress. She puts on a warm coat and a hat. Then she wears her shoes and socks. Now Mimi looks so nice!"" Show the main characters and the objects named. Original characters, not based on any existing franchise or known cartoon. children's storybook illustration, soft warm colors, friendly rounded shapes, gentle lighting, flat vector style with light texture, wide 16:9 scene, no text, no letters, no words, no watermark",Mimi opens her closet. What should she wear today? She picks a blue shirt. She wears a red dress. She puts on a warm coat and a hat. Then she wears her shoes and socks. Now Mimi looks so nice!
39,2,A1,,img_day39.png,More Clothes,More Clothes,clothes · skirt · pocket · button · boot · cap,Leo likes his clothes. His coat has five little buttons. Leo puts on his blue cap.,"Illustrate this short story as ONE single scene for a children's English book. Story: ""Leo likes his clothes. He finds a coin in his pocket! His coat has five little buttons. He wears big rain boots. Leo puts on his blue cap. Mimi wears a pretty skirt. They are ready to play!"" Show the main characters and the objects named. Original characters, not based on any existing franchise or known cartoon. children's storybook illustration, soft warm colors, friendly rounded shapes, gentle lighting, flat vector style with light texture, wide 16:9 scene, no text, no letters, no words, no watermark",Leo likes his clothes. He finds a coin in his pocket! His coat has five little buttons. He wears big rain boots. Leo puts on his blue cap. Mimi wears a pretty skirt. They are ready to play!
40,2,A1,,img_day40.png,Getting Dressed,Getting Dressed,wear · put · take · choose · change · need,"Leo wants to get dressed. Oh no, he takes off his hat by mistake! Leo needs to change his socks too.","Illustrate this short story as ONE single scene for a children's English book. Story: ""It is morning. Leo wants to get dressed. He must choose a shirt to wear. He puts on his shoes. Oh no, he takes off his hat by mistake! Leo needs to change his socks too. I like my clothes today, says Leo!"" Show the main characters and the objects named. Original characters, not based on any existing franchise or known cartoon. children's storybook illustration, soft warm colors, friendly rounded shapes, gentle lighting, flat vector style with light texture, wide 16:9 scene, no text, no letters, no words, no watermark","It is morning. Leo wants to get dressed. He must choose a shirt to wear. He puts on his shoes. Oh no, he takes off his hat by mistake! Leo needs to change his socks too. I like my clothes today, says Leo!"
41,2,A1,,img_day41.png,Dark Colors,Dark Colors,black · brown · pink · purple · gray · dark,"Mimi paints many colors today. Her dress is pink and purple! Look up, the sky is gray.","Illustrate this short story as ONE single scene for a children's English book. Story: ""Mimi paints many colors today. She has a black cat. She wears brown boots. Her dress is pink and purple! Look up, the sky is gray. It is getting dark. Mimi loves all the colors in her dream!"" Show the main characters and the objects named. Original characters, not based on any existing franchise or known cartoon. children's storybook illustration, soft warm colors, friendly rounded shapes, gentle lighting, flat vector style with light texture, wide 16:9 scene, no text, no letters, no words, no watermark","Mimi paints many colors today. She has a black cat. She wears brown boots. Her dress is pink and purple! Look up, the sky is gray. It is getting dark. Mimi loves all the colors in her dream!"
42,2,A1,,img_day42.png,Pretty and Nice,Pretty and Nice,nice · pretty · favorite · same · different · dirty,"Leo wears a nice hat. Mimi has a pretty dress. Look, Leo and Mimi wear the same cap.","Illustrate this short story as ONE single scene for a children's English book. Story: ""Leo wears a nice hat. Mimi has a pretty dress. It is her favorite! Look, Leo and Mimi wear the same cap. They laugh! Their hats are different colors. Oh no, Leo's shoes are dirty. Time to wash them!"" Show the main characters and the objects named. Original characters, not based on any existing franchise or known cartoon. children's storybook illustration, soft warm colors, friendly rounded shapes, gentle lighting, flat vector style with light texture, wide 16:9 scene, no text, no letters, no words, no watermark","Leo wears a nice hat. Mimi has a pretty dress. It is her favorite! Look, Leo and Mimi wear the same cap. They laugh! Their hats are different colors. Oh no, Leo's shoes are dirty. Time to wash them!"
43,2,A1,,img_day43.png,At the Clothes Shop,At the Clothes Shop,money · pay · want · like · get · sell,Leo saves his money. The shop sells many pretty hats. Mimi likes the blue one best!,"Illustrate this short story as ONE single scene for a children's English book. Story: ""Leo saves his money. He wants a new hat for Mimi. The shop sells many pretty hats. Mimi likes the blue one best! Leo pays for it. Mimi gets a happy gift. Thank you, Leo, says Mimi with a big smile!"" Show the main characters and the objects named. Original characters, not based on any existing franchise or known cartoon. children's storybook illustration, soft warm colors, friendly rounded shapes, gentle lighting, flat vector style with light texture, wide 16:9 scene, no text, no letters, no words, no watermark","Leo saves his money. He wants a new hat for Mimi. The shop sells many pretty hats. Mimi likes the blue one best! Leo pays for it. Mimi gets a happy gift. Thank you, Leo, says Mimi with a big smile!"
44,2,A1,ทบทวน,img_day44.png,Week 7 Clothes Review!,Week 6 Clothes Review!,shirt · dress · hat · shoe · sock · coat · clothes · skirt · pocket · button · boot · cap · wear · put · take · choose · change · need · black · brown · pink · purple · gray · dark · nice · pretty · favorite · same · different · dirty · money · pay · want · like · get · sell,,"Illustrate a cheerful review-day celebration for a children's English book: two original child-friendly characters cheering together among floating stars, balloons and simple everyday objects. Theme: Week 6 Clothes Review!. children's storybook illustration, soft warm colors, friendly rounded shapes, gentle lighting, flat vector style with light texture, wide 16:9 scene, no text, no letters, no words, no watermark",
45,2,A1,,img_day45.png,Look at the Sky,Look at the Sky,sun · rain · snow · wind · cloud · sky,Leo lies on the green grass. The sun is bright and warm. A white cloud floats by.,"Illustrate this short story as ONE single scene for a children's English book. Story: ""Leo lies on the green grass. He looks at the big blue sky. The sun is bright and warm. A white cloud floats by. It looks like a sheep! The wind blows soft and cool. No rain or snow today. What a lovely day!"" Show the main characters and the objects named. Original characters, not based on any existing franchise or known cartoon. children's storybook illustration, soft warm colors, friendly rounded shapes, gentle lighting, flat vector style with light texture, wide 16:9 scene, no text, no letters, no words, no watermark",Leo lies on the green grass. He looks at the big blue sky. The sun is bright and warm. A white cloud floats by. It looks like a sheep! The wind blows soft and cool. No rain or snow today. What a lovely day!
46,2,A1,,img_day46.png,Four Seasons,Four Seasons,weather · season · spring · summer · winter · umbrella,"Mimi draws the four seasons for school. How is the weather today? In spring, flowers grow.","Illustrate this short story as ONE single scene for a children's English book. Story: ""Mimi draws the four seasons for school. How is the weather today? In spring, flowers grow. In summer, the days are hot. In winter, it is cold and snowy. Mimi holds an umbrella in the rain. Every season is special!"" Show the main characters and the objects named. Original characters, not based on any existing franchise or known cartoon. children's storybook illustration, soft warm colors, friendly rounded shapes, gentle lighting, flat vector style with light texture, wide 16:9 scene, no text, no letters, no words, no watermark","Mimi draws the four seasons for school. How is the weather today? In spring, flowers grow. In summer, the days are hot. In winter, it is cold and snowy. Mimi holds an umbrella in the rain. Every season is special!"
47,2,A1,,img_day47.png,Nature Wonders,Nature Wonders,rainbow · storm · ice · leaf · mountain · sea,A big storm comes with wind and rain. Look! A rainbow fills the sky.,"Illustrate this short story as ONE single scene for a children's English book. Story: ""A big storm comes with wind and rain. Then it stops. Look! A rainbow fills the sky. It is so beautiful. A green leaf falls down. The cold ice melts in the sun. The blue sea is near the tall mountain. Nature is amazing!"" Show the main characters and the objects named. Original characters, not based on any existing franchise or known cartoon. children's storybook illustration, soft warm colors, friendly rounded shapes, gentle lighting, flat vector style with light texture, wide 16:9 scene, no text, no letters, no words, no watermark",A big storm comes with wind and rain. Then it stops. Look! A rainbow fills the sky. It is so beautiful. A green leaf falls down. The cold ice melts in the sun. The blue sea is near the tall mountain. Nature is amazing!
48,2,A1,,img_day48.png,Weather Actions,Weather Actions,shine · blow · fall · wait · stay · hold,The sun shines in the morning. Leaves fall down from the tree. Rain starts!,"Illustrate this short story as ONE single scene for a children's English book. Story: ""The sun shines in the morning. But soon the wind blows hard. Leaves fall down from the tree. Rain starts! Leo waits for the rain to stop. He stays home. He holds his book and reads. Do not worry, the sun will shine again!"" Show the main characters and the objects named. Original characters, not based on any existing franchise or known cartoon. children's storybook illustration, soft warm colors, friendly rounded shapes, gentle lighting, flat vector style with light texture, wide 16:9 scene, no text, no letters, no words, no watermark","The sun shines in the morning. But soon the wind blows hard. Leaves fall down from the tree. Rain starts! Leo waits for the rain to stop. He stays home. He holds his book and reads. Do not worry, the sun will shine again!"
49,2,A1,,img_day49.png,Warm and Cool,Warm and Cool,warm · cool · wet · dry · sunny · cloudy,Today is warm and sunny. The cool wind feels nice on Leo's face. Leo goes home.,"Illustrate this short story as ONE single scene for a children's English book. Story: ""Today is warm and sunny. The cool wind feels nice on Leo's face. He plays in the rain and his shoes get wet! Leo goes home. He puts on dry socks. Tomorrow will be cloudy, says Mimi. Let us check the weather every day!"" Show the main characters and the objects named. Original characters, not based on any existing franchise or known cartoon. children's storybook illustration, soft warm colors, friendly rounded shapes, gentle lighting, flat vector style with light texture, wide 16:9 scene, no text, no letters, no words, no watermark","Today is warm and sunny. The cool wind feels nice on Leo's face. He plays in the rain and his shoes get wet! Leo goes home. He puts on dry socks. Tomorrow will be cloudy, says Mimi. Let us check the weather every day!"
50,2,A1,,img_day50.png,Day by Day,Day by Day,day · morning · night · today · tomorrow · year,"Good morning, says Mimi! Today is a sunny day. In the morning the sun rises.","Illustrate this short story as ONE single scene for a children's English book. Story: ""Good morning, says Mimi! Today is a sunny day. She writes in her weather diary. In the morning the sun rises. At night the stars shine. Tomorrow will be a new day. A whole year has many, many days. Every day is special!"" Show the main characters and the objects named. Original characters, not based on any existing franchise or known cartoon. children's storybook illustration, soft warm colors, friendly rounded shapes, gentle lighting, flat vector style with light texture, wide 16:9 scene, no text, no letters, no words, no watermark","Good morning, says Mimi! Today is a sunny day. She writes in her weather diary. In the morning the sun rises. At night the stars shine. Tomorrow will be a new day. A whole year has many, many days. Every day is special!"
51,2,A1,ทบทวน,img_day51.png,Week 8 Weather Review!,Week 7 Weather Review!,sun · rain · snow · wind · cloud · sky · weather · season · spring · summer · winter · umbrella · rainbow · storm · ice · leaf · mountain · sea · shine · blow · fall · wait · stay · hold · warm · cool · wet · dry · sunny · cloudy · day · morning · night · today · tomorrow · year,,"Illustrate a cheerful review-day celebration for a children's English book: two original child-friendly characters cheering together among floating stars, balloons and simple everyday objects. Theme: Week 7 Weather Review!. children's storybook illustration, soft warm colors, friendly rounded shapes, gentle lighting, flat vector style with light texture, wide 16:9 scene, no text, no letters, no words, no watermark",
52,2,A1,,img_day52.png,Around Town,Around Town,town · street · road · park · shop · market,Leo and Mimi walk around town. Leo holds a map. Mimi buys fresh fruit at the shop.,"Illustrate this short story as ONE single scene for a children's English book. Story: ""Leo and Mimi walk around town. Leo holds a map. They walk down the busy street. They cross the big road with care. They play in the green park. Then they go into a small shop near the market. Mimi buys fresh fruit at the shop. What a fun day in town!"" Show the main characters and the objects named. Original characters, not based on any existing franchise or known cartoon. children's storybook illustration, soft warm colors, friendly rounded shapes, gentle lighting, flat vector style with light texture, wide 16:9 scene, no text, no letters, no words, no watermark",Leo and Mimi walk around town. Leo holds a map. They walk down the busy street. They cross the big road with care. They play in the green park. Then they go into a small shop near the market. Mimi buys fresh fruit at the shop. What a fun day in town!
53,2,A1,,img_day53.png,Big Buildings,Big Buildings,hospital · library · restaurant · bank · hotel · zoo,Mimi shows her friend the town. The big hospital helps sick people. Mom keeps money at the bank.,"Illustrate this short story as ONE single scene for a children's English book. Story: ""Mimi shows her friend the town. The big hospital helps sick people. They read many books at the library. They eat lunch at the restaurant. Mom keeps money at the bank. Grandma sleeps at the hotel. Best of all, the zoo has many animals!"" Show the main characters and the objects named. Original characters, not based on any existing franchise or known cartoon. children's storybook illustration, soft warm colors, friendly rounded shapes, gentle lighting, flat vector style with light texture, wide 16:9 scene, no text, no letters, no words, no watermark","Mimi shows her friend the town. The big hospital helps sick people. They read many books at the library. They eat lunch at the restaurant. Mom keeps money at the bank. Grandma sleeps at the hotel. Best of all, the zoo has many animals!"
54,2,A1,,img_day54.png,Find the Way,Find the Way,building · bridge · corner · map · sign · place,Leo makes a secret map for a game. The toy shop is at the corner. Leo reads the sign.,"Illustrate this short story as ONE single scene for a children's English book. Story: ""Leo makes a secret map for a game. He walks to a tall building. He crosses the long bridge. The toy shop is at the corner. Leo reads the sign. This is the place! X marks the spot. Mimi and Leo find the hidden treasure!"" Show the main characters and the objects named. Original characters, not based on any existing franchise or known cartoon. children's storybook illustration, soft warm colors, friendly rounded shapes, gentle lighting, flat vector style with light texture, wide 16:9 scene, no text, no letters, no words, no watermark",Leo makes a secret map for a game. He walks to a tall building. He crosses the long bridge. The toy shop is at the corner. Leo reads the sign. This is the place! X marks the spot. Mimi and Leo find the hidden treasure!
55,2,A1,,img_day55.png,Let's Go,Let's Go,visit · meet · cross · turn · drive · stop,"Let us visit the zoo today! Leo and Mimi meet at the park. Look right, look left!","Illustrate this short story as ONE single scene for a children's English book. Story: ""Let us visit the zoo today! Leo and Mimi meet at the park. They cross the street with care. Look right, look left! Dad drives the car. They turn left at the corner. Stop at the red light! Safe and slow is the best way to go."" Show the main characters and the objects named. Original characters, not based on any existing franchise or known cartoon. children's storybook illustration, soft warm colors, friendly rounded shapes, gentle lighting, flat vector style with light texture, wide 16:9 scene, no text, no letters, no words, no watermark","Let us visit the zoo today! Leo and Mimi meet at the park. They cross the street with care. Look right, look left! Dad drives the car. They turn left at the corner. Stop at the red light! Safe and slow is the best way to go."
56,2,A1,,img_day56.png,Near and Far,Near and Far,near · far · left · right · here · there,Leo and Mimi play a treasure game. The park is near. The zoo is far away.,"Illustrate this short story as ONE single scene for a children's English book. Story: ""Leo and Mimi play a treasure game. The park is near. The zoo is far away. Mimi tells Leo the way. Turn left at the shop! Now look to the right. Come here, says Mimi. The treasure map is there, under the big tree!"" Show the main characters and the objects named. Original characters, not based on any existing franchise or known cartoon. children's storybook illustration, soft warm colors, friendly rounded shapes, gentle lighting, flat vector style with light texture, wide 16:9 scene, no text, no letters, no words, no watermark","Leo and Mimi play a treasure game. The park is near. The zoo is far away. Mimi tells Leo the way. Turn left at the shop! Now look to the right. Come here, says Mimi. The treasure map is there, under the big tree!"
57,2,A1,,img_day57.png,People in Town,People in Town,people · man · woman · child · city · village,Many people live in the town. A kind man helps Leo cross the road. The woman sells sweet fruit at the market.,"Illustrate this short story as ONE single scene for a children's English book. Story: ""Many people live in the town. A kind man helps Leo cross the road. The woman sells sweet fruit at the market. A happy child plays in the park. The big city has tall buildings. Grandma lives in a small village. Both places are home!"" Show the main characters and the objects named. Original characters, not based on any existing franchise or known cartoon. children's storybook illustration, soft warm colors, friendly rounded shapes, gentle lighting, flat vector style with light texture, wide 16:9 scene, no text, no letters, no words, no watermark",Many people live in the town. A kind man helps Leo cross the road. The woman sells sweet fruit at the market. A happy child plays in the park. The big city has tall buildings. Grandma lives in a small village. Both places are home!
58,2,A1,ทบทวน,img_day58.png,Week 9 Town Review!,Week 8 Town Review!,town · street · road · park · shop · market · hospital · library · restaurant · bank · hotel · zoo · building · bridge · corner · map · sign · place · visit · meet · cross · turn · drive · stop · near · far · left · right · here · there · people · man · woman · child · city · village,,"Illustrate a cheerful review-day celebration for a children's English book: two original child-friendly characters cheering together among floating stars, balloons and simple everyday objects. Theme: Week 8 Town Review!. children's storybook illustration, soft warm colors, friendly rounded shapes, gentle lighting, flat vector style with light texture, wide 16:9 scene, no text, no letters, no words, no watermark",
59,2,A1,,img_day59.png,Things That Go,Things That Go,car · bus · bike · train · boat · plane,Leo and Mimi sit by the road. Leo counts the red cars. A big bus goes by.,"Illustrate this short story as ONE single scene for a children's English book. Story: ""Leo and Mimi sit by the road. Leo counts the red cars. A big bus goes by. Mimi rides her bike. The fast train goes choo-choo! A boat sails on the river. High up, a plane flies in the sky. So many things that go!"" Show the main characters and the objects named. Original characters, not based on any existing franchise or known cartoon. children's storybook illustration, soft warm colors, friendly rounded shapes, gentle lighting, flat vector style with light texture, wide 16:9 scene, no text, no letters, no words, no watermark","Leo and Mimi sit by the road. Leo counts the red cars. A big bus goes by. Mimi rides her bike. The fast train goes choo-choo! A boat sails on the river. High up, a plane flies in the sky. So many things that go!"
60,2,A1,,img_day60.png,Let's Travel,Let's Travel,ride · station · ticket · trip · wheel · way,Leo and Mimi take a big trip! All aboard! The train wheels go round and round.,"Illustrate this short story as ONE single scene for a children's English book. Story: ""Leo and Mimi take a big trip! They wait at the busy train station. They buy two tickets. All aboard! The train wheels go round and round. They ride past green towns and tall hills. Look at that lake! says Mimi. This is the way to a new adventure. What a happy day!"" Show the main characters and the objects named. Original characters, not based on any existing franchise or known cartoon. children's storybook illustration, soft warm colors, friendly rounded shapes, gentle lighting, flat vector style with light texture, wide 16:9 scene, no text, no letters, no words, no watermark",Leo and Mimi take a big trip! They wait at the busy train station. They buy two tickets. All aboard! The train wheels go round and round. They ride past green towns and tall hills. Look at that lake! says Mimi. This is the way to a new adventure. What a happy day!
61,3,A1,,img_day61.png,Happy Feelings,Happy Feelings,glad · proud · excited · brave · calm · cheerful,Leo feels glad today. Mimi is so excited to see it! Leo is brave and calm.,"Illustrate this short story as ONE single scene for a children's English book. Story: ""Leo feels glad today. He is proud of his big drawing. Mimi is so excited to see it! Leo is brave and calm. He shows everyone his art. They both feel cheerful. It is a happy day for the friends!"" Show the main characters and the objects named. Original characters, not based on any existing franchise or known cartoon. children's storybook illustration, soft warm colors, friendly rounded shapes, gentle lighting, flat vector style with light texture, wide 16:9 scene, no text, no letters, no words, no watermark",Leo feels glad today. He is proud of his big drawing. Mimi is so excited to see it! Leo is brave and calm. He shows everyone his art. They both feel cheerful. It is a happy day for the friends!
62,3,A1,,img_day62.png,Big Feelings,Big Feelings,angry · afraid · worried · upset · bored · lonely,Sometimes Leo feels angry. Mimi is afraid of the dark. Leo is upset and bored at home.,"Illustrate this short story as ONE single scene for a children's English book. Story: ""Sometimes Leo feels angry. Mimi is afraid of the dark. She is worried too. Leo is upset and bored at home. Nobody wants to be lonely. So the friends hug each other. Now they feel much better together!"" Show the main characters and the objects named. Original characters, not based on any existing franchise or known cartoon. children's storybook illustration, soft warm colors, friendly rounded shapes, gentle lighting, flat vector style with light texture, wide 16:9 scene, no text, no letters, no words, no watermark",Sometimes Leo feels angry. Mimi is afraid of the dark. She is worried too. Leo is upset and bored at home. Nobody wants to be lonely. So the friends hug each other. Now they feel much better together!
63,3,A1,,img_day63.png,"I Think, I Hope","I Think, I Hope",hope · wish · dream · believe · remember · forget,Leo has a big hope. Mimi has a sweet dream at night. Leo tries hard to remember his words.,"Illustrate this short story as ONE single scene for a children's English book. Story: ""Leo has a big hope. He makes a wish on a star. Mimi has a sweet dream at night. They believe in each other. Leo tries hard to remember his words. Do not forget, says Mimi! Dreams can come true."" Show the main characters and the objects named. Original characters, not based on any existing franchise or known cartoon. children's storybook illustration, soft warm colors, friendly rounded shapes, gentle lighting, flat vector style with light texture, wide 16:9 scene, no text, no letters, no words, no watermark","Leo has a big hope. He makes a wish on a star. Mimi has a sweet dream at night. They believe in each other. Leo tries hard to remember his words. Do not forget, says Mimi! Dreams can come true."
64,3,A1,,img_day64.png,Being Kind,Being Kind,care · hug · thank · sorry · please · welcome,"Leo cares for his friend. Thank you, says Mimi! When Leo makes a mistake, he says I am sorry.","Illustrate this short story as ONE single scene for a children's English book. Story: ""Leo cares for his friend. He gives Mimi a warm hug. Thank you, says Mimi! When Leo makes a mistake, he says I am sorry. Please and welcome are kind words too. Being kind makes everyone happy!"" Show the main characters and the objects named. Original characters, not based on any existing franchise or known cartoon. children's storybook illustration, soft warm colors, friendly rounded shapes, gentle lighting, flat vector style with light texture, wide 16:9 scene, no text, no letters, no words, no watermark","Leo cares for his friend. He gives Mimi a warm hug. Thank you, says Mimi! When Leo makes a mistake, he says I am sorry. Please and welcome are kind words too. Being kind makes everyone happy!"
65,3,A1,,img_day65.png,Show It!,Show It!,shout · whisper · wave · nod · clap · point,"We can show our feelings! Do not shout, please. Mimi likes to whisper a secret.","Illustrate this short story as ONE single scene for a children's English book. Story: ""We can show our feelings! Do not shout, please. Mimi likes to whisper a secret. Leo waves his hand hello. He nods his head to say yes. They clap and point with joy. So many ways to show how we feel!"" Show the main characters and the objects named. Original characters, not based on any existing franchise or known cartoon. children's storybook illustration, soft warm colors, friendly rounded shapes, gentle lighting, flat vector style with light texture, wide 16:9 scene, no text, no letters, no words, no watermark","We can show our feelings! Do not shout, please. Mimi likes to whisper a secret. Leo waves his hand hello. He nods his head to say yes. They clap and point with joy. So many ways to show how we feel!"
66,3,A1,,img_day66.png,Feeling Great,Feeling Great,safe · sure · free · lucky · fine · great,"Leo feels safe at home. I am sure we can do it, says Mimi. Look, the bird is free in the sky!","Illustrate this short story as ONE single scene for a children's English book. Story: ""Leo feels safe at home. I am sure we can do it, says Mimi. Look, the bird is free in the sky! We are so lucky to be friends. How are you? I am fine and great! What a wonderful feeling."" Show the main characters and the objects named. Original characters, not based on any existing franchise or known cartoon. children's storybook illustration, soft warm colors, friendly rounded shapes, gentle lighting, flat vector style with light texture, wide 16:9 scene, no text, no letters, no words, no watermark","Leo feels safe at home. I am sure we can do it, says Mimi. Look, the bird is free in the sky! We are so lucky to be friends. How are you? I am fine and great! What a wonderful feeling."
67,3,A1,ทบทวน,img_day67.png,Week 10 Feelings Review!,Week 9 Feelings Review!,glad · proud · excited · brave · calm · cheerful · angry · afraid · worried · upset · bored · lonely · hope · wish · dream · believe · remember · forget · care · hug · thank · sorry · please · welcome · shout · whisper · wave · nod · clap · point · safe · sure · free · lucky · fine · great,,"Illustrate a cheerful review-day celebration for a children's English book: two original child-friendly characters cheering together among floating stars, balloons and simple everyday objects. Theme: Week 9 Feelings Review!. children's storybook illustration, soft warm colors, friendly rounded shapes, gentle lighting, flat vector style with light texture, wide 16:9 scene, no text, no letters, no words, no watermark",
68,3,A1,,img_day68.png,Wake Up!,Wake Up!,wake · yawn · stretch · comb · hurry · late,"The sun is up. Leo wakes up early. Hurry, Leo!","Illustrate this short story as ONE single scene for a children's English book. Story: ""The sun is up. Leo wakes up early. He gives a big yawn. Then he stretches his arms wide. He combs his hair neatly. Hurry, Leo! Do not be late for school. Leo runs out the door with a smile!"" Show the main characters and the objects named. Original characters, not based on any existing franchise or known cartoon. children's storybook illustration, soft warm colors, friendly rounded shapes, gentle lighting, flat vector style with light texture, wide 16:9 scene, no text, no letters, no words, no watermark","The sun is up. Leo wakes up early. He gives a big yawn. Then he stretches his arms wide. He combs his hair neatly. Hurry, Leo! Do not be late for school. Leo runs out the door with a smile!"
69,3,A1,,img_day69.png,School Time,School Time,bell · lesson · break · homework · test · grade,Ring! The school bell rings. Leo has a fun lesson today.,"Illustrate this short story as ONE single scene for a children's English book. Story: ""Ring! The school bell rings. Leo has a fun lesson today. Now it is break time to play. After school he does his homework. He studies for the test. Leo gets a good grade! Well done, Leo!"" Show the main characters and the objects named. Original characters, not based on any existing franchise or known cartoon. children's storybook illustration, soft warm colors, friendly rounded shapes, gentle lighting, flat vector style with light texture, wide 16:9 scene, no text, no letters, no words, no watermark","Ring! The school bell rings. Leo has a fun lesson today. Now it is break time to play. After school he does his homework. He studies for the test. Leo gets a good grade! Well done, Leo!"
70,3,A1,,img_day70.png,In the Evening,In the Evening,rest · relax · bath · supper · story · bedtime,In the evening Leo rests. The family eats a nice supper together. Mom reads a story at bedtime.,"Illustrate this short story as ONE single scene for a children's English book. Story: ""In the evening Leo rests. He likes to relax on the sofa. Then he takes a warm bath. The family eats a nice supper together. Mom reads a story at bedtime. Good night, Leo! Sweet dreams."" Show the main characters and the objects named. Original characters, not based on any existing franchise or known cartoon. children's storybook illustration, soft warm colors, friendly rounded shapes, gentle lighting, flat vector style with light texture, wide 16:9 scene, no text, no letters, no words, no watermark","In the evening Leo rests. He likes to relax on the sofa. Then he takes a warm bath. The family eats a nice supper together. Mom reads a story at bedtime. Good night, Leo! Sweet dreams."
71,3,A1,,img_day71.png,Telling Time,Telling Time,clock · hour · minute · early · noon · moment,Look at the big clock! One hour has sixty minutes. Leo wakes up early in the morning.,"Illustrate this short story as ONE single scene for a children's English book. Story: ""Look at the big clock! One hour has sixty minutes. Leo wakes up early in the morning. We eat lunch at noon. Time goes fast. Wait a moment, please, says Mimi. Every minute is special!"" Show the main characters and the objects named. Original characters, not based on any existing franchise or known cartoon. children's storybook illustration, soft warm colors, friendly rounded shapes, gentle lighting, flat vector style with light texture, wide 16:9 scene, no text, no letters, no words, no watermark","Look at the big clock! One hour has sixty minutes. Leo wakes up early in the morning. We eat lunch at noon. Time goes fast. Wait a moment, please, says Mimi. Every minute is special!"
72,3,A1,,img_day72.png,Days and Months,Days and Months,Monday · Friday · weekend · month · calendar · date,School starts on Monday. Friday is the last day of school. Leo loves the weekend!,"Illustrate this short story as ONE single scene for a children's English book. Story: ""School starts on Monday. Friday is the last day of school. Leo loves the weekend! He plays all day. There are twelve months in a year. Mimi checks the calendar. What is the date today? It is a special one!"" Show the main characters and the objects named. Original characters, not based on any existing franchise or known cartoon. children's storybook illustration, soft warm colors, friendly rounded shapes, gentle lighting, flat vector style with light texture, wide 16:9 scene, no text, no letters, no words, no watermark",School starts on Monday. Friday is the last day of school. Leo loves the weekend! He plays all day. There are twelve months in a year. Mimi checks the calendar. What is the date today? It is a special one!
73,3,A1,,img_day73.png,Special Days,Special Days,birthday · party · holiday · gift · candle · balloon,"Today is Leo's birthday! Tomorrow is a holiday, so everyone can come. Mimi brings a gift for Leo.","Illustrate this short story as ONE single scene for a children's English book. Story: ""Today is Leo's birthday! There is a big party at his house. Tomorrow is a holiday, so everyone can come. Mimi brings a gift for Leo. Blow the candle, Leo! Look at the red balloon. Happy birthday to you!"" Show the main characters and the objects named. Original characters, not based on any existing franchise or known cartoon. children's storybook illustration, soft warm colors, friendly rounded shapes, gentle lighting, flat vector style with light texture, wide 16:9 scene, no text, no letters, no words, no watermark","Today is Leo's birthday! There is a big party at his house. Tomorrow is a holiday, so everyone can come. Mimi brings a gift for Leo. Blow the candle, Leo! Look at the red balloon. Happy birthday to you!"
74,3,A1,ทบทวน,img_day74.png,Week 11 Routine Review!,Week 10 Routine Review!,wake · yawn · stretch · comb · hurry · late · bell · lesson · break · homework · test · grade · rest · relax · bath · supper · story · bedtime · clock · hour · minute · early · noon · moment · Monday · Friday · weekend · month · calendar · date · birthday · party · holiday · gift · candle · balloon,,"Illustrate a cheerful review-day celebration for a children's English book: two original child-friendly characters cheering together among floating stars, balloons and simple everyday objects. Theme: Week 10 Routine Review!. children's storybook illustration, soft warm colors, friendly rounded shapes, gentle lighting, flat vector style with light texture, wide 16:9 scene, no text, no letters, no words, no watermark",
75,3,A1,,img_day75.png,Let's Play Sport,Let's Play Sport,sport · kick · throw · race · win · team,"Leo loves sport! Mimi throws it far. Ready, set, go!","Illustrate this short story as ONE single scene for a children's English book. Story: ""Leo loves sport! He can kick the ball high. Mimi throws it far. Ready, set, go! They have a fun race. Leo and Mimi are on the same team. Come on! Our team can win! What a great game."" Show the main characters and the objects named. Original characters, not based on any existing franchise or known cartoon. children's storybook illustration, soft warm colors, friendly rounded shapes, gentle lighting, flat vector style with light texture, wide 16:9 scene, no text, no letters, no words, no watermark","Leo loves sport! He can kick the ball high. Mimi throws it far. Ready, set, go! They have a fun race. Leo and Mimi are on the same team. Come on! Our team can win! What a great game."
76,3,A1,,img_day76.png,Ball Games,Ball Games,goal · score · player · field · match · coach,Leo kicks the ball. Goal! Each player runs fast on the green field.,"Illustrate this short story as ONE single scene for a children's English book. Story: ""Leo kicks the ball. Goal! He gets a high score. Each player runs fast on the green field. It is an exciting match today. The coach cheers for the team. Good game, everyone! Sports are so much fun."" Show the main characters and the objects named. Original characters, not based on any existing franchise or known cartoon. children's storybook illustration, soft warm colors, friendly rounded shapes, gentle lighting, flat vector style with light texture, wide 16:9 scene, no text, no letters, no words, no watermark","Leo kicks the ball. Goal! He gets a high score. Each player runs fast on the green field. It is an exciting match today. The coach cheers for the team. Good game, everyone! Sports are so much fun."
77,3,A1,,img_day77.png,Make Music,Make Music,music · sing · drum · piano · guitar · note,"Leo loves music! Mimi can sing a happy song. Leo plays the drum, boom boom!","Illustrate this short story as ONE single scene for a children's English book. Story: ""Leo loves music! Mimi can sing a happy song. Leo plays the drum, boom boom! She plays the piano too. Leo strums the guitar. It makes sweet notes. La la la! They make music together all day."" Show the main characters and the objects named. Original characters, not based on any existing franchise or known cartoon. children's storybook illustration, soft warm colors, friendly rounded shapes, gentle lighting, flat vector style with light texture, wide 16:9 scene, no text, no letters, no words, no watermark","Leo loves music! Mimi can sing a happy song. Leo plays the drum, boom boom! She plays the piano too. Leo strums the guitar. It makes sweet notes. La la la! They make music together all day."
78,3,A1,,img_day78.png,Art and Craft,Art and Craft,paint · glue · cut · fold · clay · craft,Leo likes to paint bright colors. Mimi can cut and fold to make a bird. Look at their craft!,"Illustrate this short story as ONE single scene for a children's English book. Story: ""Leo likes to paint bright colors. He uses glue and paper. Mimi can cut and fold to make a bird. She makes a little cat from clay. Look at their craft! They love art. Making things is so much fun!"" Show the main characters and the objects named. Original characters, not based on any existing franchise or known cartoon. children's storybook illustration, soft warm colors, friendly rounded shapes, gentle lighting, flat vector style with light texture, wide 16:9 scene, no text, no letters, no words, no watermark",Leo likes to paint bright colors. He uses glue and paper. Mimi can cut and fold to make a bird. She makes a little cat from clay. Look at their craft! They love art. Making things is so much fun!
79,3,A1,,img_day79.png,Fun and Games,Fun and Games,hobby · puzzle · kite · doll · block · hide,Everyone has a hobby. Mimi does a big puzzle. Leo flies a red kite in the wind.,"Illustrate this short story as ONE single scene for a children's English book. Story: ""Everyone has a hobby. Mimi does a big puzzle. Leo flies a red kite in the wind. She plays with her doll. They build a tower with blocks. Let us play hide and seek! So many fun games to play."" Show the main characters and the objects named. Original characters, not based on any existing franchise or known cartoon. children's storybook illustration, soft warm colors, friendly rounded shapes, gentle lighting, flat vector style with light texture, wide 16:9 scene, no text, no letters, no words, no watermark",Everyone has a hobby. Mimi does a big puzzle. Leo flies a red kite in the wind. She plays with her doll. They build a tower with blocks. Let us play hide and seek! So many fun games to play.
80,3,A1,,img_day80.png,Story and Magic,Story and Magic,comic · riddle · joke · magic · prize · club,Leo reads a funny comic. Mimi asks a tricky riddle. Can you guess?,"Illustrate this short story as ONE single scene for a children's English book. Story: ""Leo reads a funny comic. Mimi asks a tricky riddle. Can you guess? Leo tells a joke and everyone laughs. Then Mimi does a magic trick! Wow! Their club gives a prize for the best trick. What a magical day!"" Show the main characters and the objects named. Original characters, not based on any existing franchise or known cartoon. children's storybook illustration, soft warm colors, friendly rounded shapes, gentle lighting, flat vector style with light texture, wide 16:9 scene, no text, no letters, no words, no watermark",Leo reads a funny comic. Mimi asks a tricky riddle. Can you guess? Leo tells a joke and everyone laughs. Then Mimi does a magic trick! Wow! Their club gives a prize for the best trick. What a magical day!
81,3,A1,ทบทวน,img_day81.png,Week 12 Hobbies Review!,Week 11 Hobbies Review!,sport · kick · throw · race · win · team · goal · score · player · field · match · coach · music · sing · drum · piano · guitar · note · paint · glue · cut · fold · clay · craft · hobby · puzzle · kite · doll · block · hide · comic · riddle · joke · magic · prize · club,,"Illustrate a cheerful review-day celebration for a children's English book: two original child-friendly characters cheering together among floating stars, balloons and simple everyday objects. Theme: Week 11 Hobbies Review!. children's storybook illustration, soft warm colors, friendly rounded shapes, gentle lighting, flat vector style with light texture, wide 16:9 scene, no text, no letters, no words, no watermark",
82,3,A1,,img_day82.png,People Who Help,People Who Help,doctor · nurse · farmer · chef · driver · singer,Many people help us every day. The doctor helps us feel well. The nurse is kind and gentle.,"Illustrate this short story as ONE single scene for a children's English book. Story: ""Many people help us every day. The doctor helps us feel well. The nurse is kind and gentle. A farmer grows our food. The chef cooks tasty lunch. The bus driver takes us to school. The singer makes us happy!"" Show the main characters and the objects named. Original characters, not based on any existing franchise or known cartoon. children's storybook illustration, soft warm colors, friendly rounded shapes, gentle lighting, flat vector style with light texture, wide 16:9 scene, no text, no letters, no words, no watermark",Many people help us every day. The doctor helps us feel well. The nurse is kind and gentle. A farmer grows our food. The chef cooks tasty lunch. The bus driver takes us to school. The singer makes us happy!
83,3,A1,,img_day83.png,More Jobs,More Jobs,baker · dancer · painter · pilot · actor · writer,The baker makes fresh bread. The dancer moves so well. A painter paints beautiful art.,"Illustrate this short story as ONE single scene for a children's English book. Story: ""So many jobs to do! The baker makes fresh bread. The dancer moves so well. A painter paints beautiful art. The pilot flies a big plane. An actor tells a story on stage. A writer writes fun books. What job do you want?"" Show the main characters and the objects named. Original characters, not based on any existing franchise or known cartoon. children's storybook illustration, soft warm colors, friendly rounded shapes, gentle lighting, flat vector style with light texture, wide 16:9 scene, no text, no letters, no words, no watermark",So many jobs to do! The baker makes fresh bread. The dancer moves so well. A painter paints beautiful art. The pilot flies a big plane. An actor tells a story on stage. A writer writes fun books. What job do you want?
84,3,A1,,img_day84.png,At Work,At Work,job · office · tool · plan · work · build,"Dad has a good job. To fix things, we need the right tool. First we make a plan.","Illustrate this short story as ONE single scene for a children's English book. Story: ""Dad has a good job. He works in a big office. To fix things, we need the right tool. First we make a plan. Then everyone works hard. Together they build a new house! Good work makes great things."" Show the main characters and the objects named. Original characters, not based on any existing franchise or known cartoon. children's storybook illustration, soft warm colors, friendly rounded shapes, gentle lighting, flat vector style with light texture, wide 16:9 scene, no text, no letters, no words, no watermark","Dad has a good job. He works in a big office. To fix things, we need the right tool. First we make a plan. Then everyone works hard. Together they build a new house! Good work makes great things."
85,3,A1,,img_day85.png,Places in Town,Places in Town,airport · museum · temple · cinema · factory · garage,Planes fly from the airport. We see old things at the museum. The temple is quiet and calm.,"Illustrate this short story as ONE single scene for a children's English book. Story: ""There are many places in town. Planes fly from the airport. We see old things at the museum. The temple is quiet and calm. Leo loves the cinema to watch films. The big factory makes toys. The garage fixes cars!"" Show the main characters and the objects named. Original characters, not based on any existing franchise or known cartoon. children's storybook illustration, soft warm colors, friendly rounded shapes, gentle lighting, flat vector style with light texture, wide 16:9 scene, no text, no letters, no words, no watermark",There are many places in town. Planes fly from the airport. We see old things at the museum. The temple is quiet and calm. Leo loves the cinema to watch films. The big factory makes toys. The garage fixes cars!
86,3,A1,,img_day86.png,Money and Shopping,Money and Shopping,coin · price · cheap · rich · poor · spend,Leo has a shiny coin. What is the price? We do not need to be rich to be happy.,"Illustrate this short story as ONE single scene for a children's English book. Story: ""Leo has a shiny coin. He goes to the shop. What is the price? This little toy is cheap. We do not need to be rich to be happy. Rich or poor, we are friends. Do not spend all your money, says Mimi!"" Show the main characters and the objects named. Original characters, not based on any existing franchise or known cartoon. children's storybook illustration, soft warm colors, friendly rounded shapes, gentle lighting, flat vector style with light texture, wide 16:9 scene, no text, no letters, no words, no watermark","Leo has a shiny coin. He goes to the shop. What is the price? This little toy is cheap. We do not need to be rich to be happy. Rich or poor, we are friends. Do not spend all your money, says Mimi!"
87,3,A1,,img_day87.png,Our World,Our World,world · country · flag · earth · ocean · land,We all live in one world. Each country has its own flag. The Earth is our big home.,"Illustrate this short story as ONE single scene for a children's English book. Story: ""We all live in one world. Each country has its own flag. The Earth is our big home. The ocean is deep and blue. Fish swim in the sea. Green land is everywhere. Let us take care of our beautiful world!"" Show the main characters and the objects named. Original characters, not based on any existing franchise or known cartoon. children's storybook illustration, soft warm colors, friendly rounded shapes, gentle lighting, flat vector style with light texture, wide 16:9 scene, no text, no letters, no words, no watermark",We all live in one world. Each country has its own flag. The Earth is our big home. The ocean is deep and blue. Fish swim in the sea. Green land is everywhere. Let us take care of our beautiful world!
88,3,A1,ทบทวน,img_day88.png,Week 13 Jobs Review!,Week 12 Jobs Review!,doctor · nurse · farmer · chef · driver · singer · baker · dancer · painter · pilot · actor · writer · job · office · tool · plan · work · build · airport · museum · temple · cinema · factory · garage · coin · price · cheap · rich · poor · spend · world · country · flag · earth · ocean · land,,"Illustrate a cheerful review-day celebration for a children's English book: two original child-friendly characters cheering together among floating stars, balloons and simple everyday objects. Theme: Week 12 Jobs Review!. children's storybook illustration, soft warm colors, friendly rounded shapes, gentle lighting, flat vector style with light texture, wide 16:9 scene, no text, no letters, no words, no watermark",
89,3,A1,,img_day89.png,Big Wide World,Big Wide World,north · south · east · west · moon · space,The world is big and wide! The sun rises in the east. Birds fly north and south.,"Illustrate this short story as ONE single scene for a children's English book. Story: ""The world is big and wide! The sun rises in the east. It sets in the west. Birds fly north and south. At night, the moon shines bright. Leo looks up and dreams of space. One day I will fly to the stars, says Leo!"" Show the main characters and the objects named. Original characters, not based on any existing franchise or known cartoon. children's storybook illustration, soft warm colors, friendly rounded shapes, gentle lighting, flat vector style with light texture, wide 16:9 scene, no text, no letters, no words, no watermark","The world is big and wide! The sun rises in the east. It sets in the west. Birds fly north and south. At night, the moon shines bright. Leo looks up and dreams of space. One day I will fly to the stars, says Leo!"
90,3,A1,,img_day90.png,A New Journey,A New Journey,journey · begin · end · grow · hello · goodbye,Leo and Mimi stand on a green hill. What a long journey! says Leo.,"Illustrate this short story as ONE single scene for a children's English book. Story: ""Leo and Mimi stand on a green hill. What a long journey! says Leo. They began at a small house and walked so far. Now the sun starts to set and the day is near its end. We learned so much, and we grow every day! says Mimi. They wave goodbye to the old path. Tomorrow a new journey will begin. Hello, new adventure!"" Show the main characters and the objects named. Original characters, not based on any existing franchise or known cartoon. children's storybook illustration, soft warm colors, friendly rounded shapes, gentle lighting, flat vector style with light texture, wide 16:9 scene, no text, no letters, no words, no watermark","Leo and Mimi stand on a green hill. What a long journey! says Leo. They began at a small house and walked so far. Now the sun starts to set and the day is near its end. We learned so much, and we grow every day! says Mimi. They wave goodbye to the old path. Tomorrow a new journey will begin. Hello, new adventure!"
91,4,A2,,img_day91.png,Getting Ready,Getting Ready,suitcase · backpack · snack · camera · torch · explore · adventure,The three friends were excited for their adventure. Leo packed his backpack with a snack and a torch. Mimi put her camera in her suitcase.,"Illustrate this short story as ONE single scene for a children's English book. Story: ""The three friends were excited for their adventure. Leo packed his backpack with a snack and a torch. Mimi put her camera in her suitcase. What should we explore first? asked Ben. Let us find out! said Leo. They were ready to explore the big forest. It was going to be a wonderful day!"" Show the main characters and the objects named. Original characters, not based on any existing franchise or known cartoon. children's storybook illustration, soft warm colors, friendly rounded shapes, gentle lighting, flat vector style with light texture, wide 16:9 scene, no text, no letters, no words, no watermark",The three friends were excited for their adventure. Leo packed his backpack with a snack and a torch. Mimi put her camera in her suitcase. What should we explore first? asked Ben. Let us find out! said Leo. They were ready to explore the big forest. It was going to be a wonderful day!
92,4,A2,,img_day92.png,On the Way,On the Way,seat · engine · passenger · ferry · sunrise · arrive · depart,The friends took a ferry across the lake. Leo found a seat by the window. Look at the big engine!,"Illustrate this short story as ONE single scene for a children's English book. Story: ""The friends took a ferry across the lake. Leo found a seat by the window. Look at the big engine! said Ben. Every passenger watched the beautiful sunrise. The ferry would arrive soon. When did we depart? asked Mimi. Early in the morning! laughed Leo."" Show the main characters and the objects named. Original characters, not based on any existing franchise or known cartoon. children's storybook illustration, soft warm colors, friendly rounded shapes, gentle lighting, flat vector style with light texture, wide 16:9 scene, no text, no letters, no words, no watermark",The friends took a ferry across the lake. Leo found a seat by the window. Look at the big engine! said Ben. Every passenger watched the beautiful sunrise. The ferry would arrive soon. When did we depart? asked Mimi. Early in the morning! laughed Leo.
93,4,A2,,img_day93.png,In the Forest,In the Forest,forest · trail · hill · valley · view · climb · wildlife,"A small trail went up a tall hill. From the top, they saw a wide valley. What a beautiful view!","Illustrate this short story as ONE single scene for a children's English book. Story: ""They walked into the green forest. A small trail went up a tall hill. From the top, they saw a wide valley. What a beautiful view! said Mimi. Leo wanted to climb a big rock. Ben looked for wildlife in the trees. The forest was full of life!"" Show the main characters and the objects named. Original characters, not based on any existing franchise or known cartoon. children's storybook illustration, soft warm colors, friendly rounded shapes, gentle lighting, flat vector style with light texture, wide 16:9 scene, no text, no letters, no words, no watermark","They walked into the green forest. A small trail went up a tall hill. From the top, they saw a wide valley. What a beautiful view! said Mimi. Leo wanted to climb a big rock. Ben looked for wildlife in the trees. The forest was full of life!"
94,4,A2,,img_day94.png,Animals We See,Animals We See,ranger · guide · squirrel · deer · waterfall · splash · wonderful,"In the forest, they met a park ranger. Look, a squirrel! said Ben.","Illustrate this short story as ONE single scene for a children's English book. Story: ""In the forest, they met a park ranger. She was their guide. Look, a squirrel! said Ben. It ran up a tree. Then they saw a deer near the waterfall. The water made a big splash. What a wonderful place! said Mimi. The ranger smiled."" Show the main characters and the objects named. Original characters, not based on any existing franchise or known cartoon. children's storybook illustration, soft warm colors, friendly rounded shapes, gentle lighting, flat vector style with light texture, wide 16:9 scene, no text, no letters, no words, no watermark","In the forest, they met a park ranger. She was their guide. Look, a squirrel! said Ben. It ran up a tree. Then they saw a deer near the waterfall. The water made a big splash. What a wonderful place! said Mimi. The ranger smiled."
95,4,A2,,img_day95.png,Picnic Lunch,Picnic Lunch,picnic · basket · sandwich · bottle · napkin · blanket · delicious,Mimi opened the basket. Leo made a sandwich for everyone. Ben poured water from a bottle.,"Illustrate this short story as ONE single scene for a children's English book. Story: ""It was time for a picnic! Mimi opened the basket. Leo made a sandwich for everyone. Ben poured water from a bottle. They sat on a soft blanket. Do not forget your napkin! said Mimi. The food was delicious. Everyone ate and laughed together."" Show the main characters and the objects named. Original characters, not based on any existing franchise or known cartoon. children's storybook illustration, soft warm colors, friendly rounded shapes, gentle lighting, flat vector style with light texture, wide 16:9 scene, no text, no letters, no words, no watermark",It was time for a picnic! Mimi opened the basket. Leo made a sandwich for everyone. Ben poured water from a bottle. They sat on a soft blanket. Do not forget your napkin! said Mimi. The food was delicious. Everyone ate and laughed together.
96,4,A2,,img_day96.png,Evening and Home,Evening and Home,campfire · tent · lake · sunset · photo · memory · sleepy,"In the evening, they made a campfire near the lake. The sunset was orange and pink. Mimi took a photo of the view.","Illustrate this short story as ONE single scene for a children's English book. Story: ""In the evening, they made a campfire near the lake. They sat by the warm tent. The sunset was orange and pink. Mimi took a photo of the view. What a happy memory! said Leo. Ben was very sleepy. Then they all went home. What a wonderful trip!"" Show the main characters and the objects named. Original characters, not based on any existing franchise or known cartoon. children's storybook illustration, soft warm colors, friendly rounded shapes, gentle lighting, flat vector style with light texture, wide 16:9 scene, no text, no letters, no words, no watermark","In the evening, they made a campfire near the lake. They sat by the warm tent. The sunset was orange and pink. Mimi took a photo of the view. What a happy memory! said Leo. Ben was very sleepy. Then they all went home. What a wonderful trip!"
97,4,A2,ทบทวน,img_day97.png,Week 14 A Day Out Review!,Week 13 A Day Out Review!,suitcase · backpack · snack · camera · torch · explore · adventure · seat · engine · passenger · ferry · sunrise · arrive · depart · forest · trail · hill · valley · view · climb · wildlife · ranger · guide · squirrel · deer · waterfall · splash · wonderful · picnic · basket · sandwich · bottle · napkin · blanket · delicious · campfire · tent · lake · sunset · photo · memory · sleepy,,"Illustrate a cheerful review-day celebration for a children's English book: two original child-friendly characters cheering together among floating stars, balloons and simple everyday objects. Theme: Week 13 A Day Out Review!. children's storybook illustration, soft warm colors, friendly rounded shapes, gentle lighting, flat vector style with light texture, wide 16:9 scene, no text, no letters, no words, no watermark",
98,4,A2,,img_day98.png,A New Friend,A New Friend,shy · nervous · greet · polite · invite · include · confident,A new boy came to school. Leo walked over and greeted him with a smile. Hello!,"Illustrate this short story as ONE single scene for a children's English book. Story: ""A new boy came to school. He looked shy and nervous. Leo walked over and greeted him with a smile. Hello! My name is Leo. The boy said hello in a polite voice. His name was Ben. Mimi invited Ben to play with them. They always include everyone. Soon Ben felt confident and happy!"" Show the main characters and the objects named. Original characters, not based on any existing franchise or known cartoon. children's storybook illustration, soft warm colors, friendly rounded shapes, gentle lighting, flat vector style with light texture, wide 16:9 scene, no text, no letters, no words, no watermark",A new boy came to school. He looked shy and nervous. Leo walked over and greeted him with a smile. Hello! My name is Leo. The boy said hello in a polite voice. His name was Ben. Mimi invited Ben to play with them. They always include everyone. Soon Ben felt confident and happy!
99,4,A2,,img_day99.png,Sharing is Caring,Sharing is Caring,kindness · generous · selfish · accept · refuse · grateful · praise,"Ben had only one cake. Kindness makes friends happy, said Leo. Do not be selfish, share what you have.","Illustrate this short story as ONE single scene for a children's English book. Story: ""Ben had only one cake. He gave half to Mimi. That was very generous! Kindness makes friends happy, said Leo. Do not be selfish, share what you have. Mimi accepted the cake and felt grateful. She did not refuse. Thank you, Ben! The teacher gave him praise for his kind heart."" Show the main characters and the objects named. Original characters, not based on any existing franchise or known cartoon. children's storybook illustration, soft warm colors, friendly rounded shapes, gentle lighting, flat vector style with light texture, wide 16:9 scene, no text, no letters, no words, no watermark","Ben had only one cake. He gave half to Mimi. That was very generous! Kindness makes friends happy, said Leo. Do not be selfish, share what you have. Mimi accepted the cake and felt grateful. She did not refuse. Thank you, Ben! The teacher gave him praise for his kind heart."
100,4,A2,,img_day100.png,Saying Sorry,Saying Sorry,argue · quarrel · blame · apologize · forgive · honest · comfort,"Leo and Ben began to argue about a game. Ben broke Leo's pencil by mistake. Do not blame him, said Mimi.","Illustrate this short story as ONE single scene for a children's English book. Story: ""Leo and Ben began to argue about a game. It turned into a quarrel. Ben broke Leo's pencil by mistake. Do not blame him, said Mimi. It was an accident. Ben was honest and said, I am sorry. He apologized. Leo decided to forgive him. Mimi hugged them both to comfort them. Friends again!"" Show the main characters and the objects named. Original characters, not based on any existing franchise or known cartoon. children's storybook illustration, soft warm colors, friendly rounded shapes, gentle lighting, flat vector style with light texture, wide 16:9 scene, no text, no letters, no words, no watermark","Leo and Ben began to argue about a game. It turned into a quarrel. Ben broke Leo's pencil by mistake. Do not blame him, said Mimi. It was an accident. Ben was honest and said, I am sorry. He apologized. Leo decided to forgive him. Mimi hugged them both to comfort them. Friends again!"
101,4,A2,,img_day101.png,Best Friends,Best Friends,trust · secret · loyal · promise · respect · jealous · sincere,Mimi told Leo a secret. Leo kept the promise and told nobody. A loyal friend is a treasure!,"Illustrate this short story as ONE single scene for a children's English book. Story: ""Mimi told Leo a secret. She knew she could trust him. Leo kept the promise and told nobody. A loyal friend is a treasure! Sometimes Ben felt jealous when they played alone. But Leo said, We respect you too. Come and join us! Their words were sincere. True friends always include each other."" Show the main characters and the objects named. Original characters, not based on any existing franchise or known cartoon. children's storybook illustration, soft warm colors, friendly rounded shapes, gentle lighting, flat vector style with light texture, wide 16:9 scene, no text, no letters, no words, no watermark","Mimi told Leo a secret. She knew she could trust him. Leo kept the promise and told nobody. A loyal friend is a treasure! Sometimes Ben felt jealous when they played alone. But Leo said, We respect you too. Come and join us! Their words were sincere. True friends always include each other."
102,4,A2,,img_day102.png,Helping Others,Helping Others,support · encourage · advice · gentle · patient · understand · humble,"Ben could not finish his homework. Leo helped him and gave good advice. Do not worry, we will support you!","Illustrate this short story as ONE single scene for a children's English book. Story: ""Ben could not finish his homework. Leo helped him and gave good advice. Do not worry, we will support you! Mimi was patient and gentle. She explained it again slowly. Now I understand! said Ben happily. Leo did not brag. He stayed humble. Friends encourage each other every day."" Show the main characters and the objects named. Original characters, not based on any existing franchise or known cartoon. children's storybook illustration, soft warm colors, friendly rounded shapes, gentle lighting, flat vector style with light texture, wide 16:9 scene, no text, no letters, no words, no watermark","Ben could not finish his homework. Leo helped him and gave good advice. Do not worry, we will support you! Mimi was patient and gentle. She explained it again slowly. Now I understand! said Ben happily. Leo did not brag. He stayed humble. Friends encourage each other every day."
103,4,A2,,img_day103.png,Kind Words,Kind Words,compliment · tease · listener · apart · reunion · exclude · humor,"Mimi gave Ben a nice compliment about his drawing. Never tease your friends in a mean way, she said. Leo is a good listener.","Illustrate this short story as ONE single scene for a children's English book. Story: ""Mimi gave Ben a nice compliment about his drawing. Never tease your friends in a mean way, she said. Leo is a good listener. He listens with care. Last year Ben moved away and lived apart from his old friends. Their reunion was full of joy! Never exclude anyone. A little humor makes everyone smile."" Show the main characters and the objects named. Original characters, not based on any existing franchise or known cartoon. children's storybook illustration, soft warm colors, friendly rounded shapes, gentle lighting, flat vector style with light texture, wide 16:9 scene, no text, no letters, no words, no watermark","Mimi gave Ben a nice compliment about his drawing. Never tease your friends in a mean way, she said. Leo is a good listener. He listens with care. Last year Ben moved away and lived apart from his old friends. Their reunion was full of joy! Never exclude anyone. A little humor makes everyone smile."
104,4,A2,ทบทวน,img_day104.png,Week 15 Friends Review!,Week 14 Friends Review!,shy · nervous · greet · polite · invite · include · confident · kindness · generous · selfish · accept · refuse · grateful · praise · argue · quarrel · blame · apologize · forgive · honest · comfort · trust · secret · loyal · promise · respect · jealous · sincere · support · encourage · advice · gentle · patient · understand · humble · compliment · tease · listener · apart · reunion · exclude · humor,,"Illustrate a cheerful review-day celebration for a children's English book: two original child-friendly characters cheering together among floating stars, balloons and simple everyday objects. Theme: Week 14 Friends Review!. children's storybook illustration, soft warm colors, friendly rounded shapes, gentle lighting, flat vector style with light texture, wide 16:9 scene, no text, no letters, no words, no watermark",
105,4,A2,,img_day105.png,Deep in the Woods,Deep in the Woods,wood · branch · root · bark · shade · still · discover,"Leo, Mimi and Ben walked into the quiet wood. A big branch hung above their heads. Ben touched the rough bark of an old tree.","Illustrate this short story as ONE single scene for a children's English book. Story: ""Leo, Mimi and Ben walked into the quiet wood. A big branch hung above their heads. Ben touched the rough bark of an old tree. Look at this root! It is bigger than my arm. They sat in the cool shade and stayed very still. Then Mimi began to discover something small moving near her foot."" Show the main characters and the objects named. Original characters, not based on any existing franchise or known cartoon. children's storybook illustration, soft warm colors, friendly rounded shapes, gentle lighting, flat vector style with light texture, wide 16:9 scene, no text, no letters, no words, no watermark","Leo, Mimi and Ben walked into the quiet wood. A big branch hung above their heads. Ben touched the rough bark of an old tree. Look at this root! It is bigger than my arm. They sat in the cool shade and stayed very still. Then Mimi began to discover something small moving near her foot."
106,4,A2,,img_day106.png,Growing Plants,Growing Plants,plant · seed · soil · sprout · sunlight · bloom · gardener,Grandpa is a careful gardener. Ben pushed his seed into the soft soil. Mimi watered her plant every morning.,"Illustrate this short story as ONE single scene for a children's English book. Story: ""Grandpa is a careful gardener. He gave each child one small seed. Ben pushed his seed into the soft soil. Mimi watered her plant every morning. Warm sunlight helped them grow. After one week the first seed began to sprout! In spring the flowers will bloom, said Grandpa with a smile."" Show the main characters and the objects named. Original characters, not based on any existing franchise or known cartoon. children's storybook illustration, soft warm colors, friendly rounded shapes, gentle lighting, flat vector style with light texture, wide 16:9 scene, no text, no letters, no words, no watermark","Grandpa is a careful gardener. He gave each child one small seed. Ben pushed his seed into the soft soil. Mimi watered her plant every morning. Warm sunlight helped them grow. After one week the first seed began to sprout! In spring the flowers will bloom, said Grandpa with a smile."
107,4,A2,,img_day107.png,Little Creatures,Little Creatures,beetle · spider · web · nest · wing · feather · crawl,A shiny beetle began to crawl across Ben's shoe. Above them a spider sat in the centre of its web. Mimi found a soft feather on the ground.,"Illustrate this short story as ONE single scene for a children's English book. Story: ""A shiny beetle began to crawl across Ben's shoe. Above them a spider sat in the centre of its web. Mimi found a soft feather on the ground. Look up! There is a bird nest in the branch. A small bird opened one wing and flew away. Nature is full of tiny wonders."" Show the main characters and the objects named. Original characters, not based on any existing franchise or known cartoon. children's storybook illustration, soft warm colors, friendly rounded shapes, gentle lighting, flat vector style with light texture, wide 16:9 scene, no text, no letters, no words, no watermark",A shiny beetle began to crawl across Ben's shoe. Above them a spider sat in the centre of its web. Mimi found a soft feather on the ground. Look up! There is a bird nest in the branch. A small bird opened one wing and flew away. Nature is full of tiny wonders.
108,4,A2,,img_day108.png,By the Water,By the Water,stream · pond · stone · pebble · deep · float · flow,A small stream ran beside the path. The water was clear but not deep. Ben threw a flat stone and it jumped three times!,"Illustrate this short story as ONE single scene for a children's English book. Story: ""A small stream ran beside the path. The water was clear but not deep. Ben threw a flat stone and it jumped three times! Mimi collected a smooth pebble for her pocket. A dry leaf began to float on the water. Watch how it moves, said Leo. The stream will flow all the way to the pond."" Show the main characters and the objects named. Original characters, not based on any existing franchise or known cartoon. children's storybook illustration, soft warm colors, friendly rounded shapes, gentle lighting, flat vector style with light texture, wide 16:9 scene, no text, no letters, no words, no watermark","A small stream ran beside the path. The water was clear but not deep. Ben threw a flat stone and it jumped three times! Mimi collected a smooth pebble for her pocket. A dry leaf began to float on the water. Watch how it moves, said Leo. The stream will flow all the way to the pond."
109,4,A2,,img_day109.png,Weather Changes,Weather Changes,thunder · lightning · breeze · fog · freeze · melt · forecast,In the morning a cool breeze moved the leaves. Thick fog covered the hill. Later the sky turned grey and they heard thunder.,"Illustrate this short story as ONE single scene for a children's English book. Story: ""In the morning a cool breeze moved the leaves. Thick fog covered the hill. Later the sky turned grey and they heard thunder. Bright lightning flashed above the wood! The forecast said rain, so they ran home. In winter this water will freeze into ice. In spring the ice will melt again."" Show the main characters and the objects named. Original characters, not based on any existing franchise or known cartoon. children's storybook illustration, soft warm colors, friendly rounded shapes, gentle lighting, flat vector style with light texture, wide 16:9 scene, no text, no letters, no words, no watermark","In the morning a cool breeze moved the leaves. Thick fog covered the hill. Later the sky turned grey and they heard thunder. Bright lightning flashed above the wood! The forecast said rain, so they ran home. In winter this water will freeze into ice. In spring the ice will melt again."
110,4,A2,,img_day110.png,Take Care of Earth,Take Care of Earth,planet · litter · waste · pollution · recycle · protect · save,"On the way home they saw litter beside the path. Ben put every plastic bottle into his bag. We must protect our planet, he said.","Illustrate this short story as ONE single scene for a children's English book. Story: ""On the way home they saw litter beside the path. Ben put every plastic bottle into his bag. We must protect our planet, he said. Cars and factories make pollution. Do not throw waste on the ground! At school they recycle paper every week. Small actions save the Earth for the future."" Show the main characters and the objects named. Original characters, not based on any existing franchise or known cartoon. children's storybook illustration, soft warm colors, friendly rounded shapes, gentle lighting, flat vector style with light texture, wide 16:9 scene, no text, no letters, no words, no watermark","On the way home they saw litter beside the path. Ben put every plastic bottle into his bag. We must protect our planet, he said. Cars and factories make pollution. Do not throw waste on the ground! At school they recycle paper every week. Small actions save the Earth for the future."
111,4,A2,ทบทวน,img_day111.png,Week 16 Friends Review!,Week 19 Friends Review!,wood · branch · root · bark · shade · still · discover · plant · seed · soil · sprout · sunlight · bloom · gardener · beetle · spider · web · nest · wing · feather · crawl · stream · pond · stone · pebble · deep · float · flow · thunder · lightning · breeze · fog · freeze · melt · forecast · planet · litter · waste · pollution · recycle · protect · save,,"Illustrate a cheerful review-day celebration for a children's English book: two original child-friendly characters cheering together among floating stars, balloons and simple everyday objects. Theme: Week 19 Friends Review!. children's storybook illustration, soft warm colors, friendly rounded shapes, gentle lighting, flat vector style with light texture, wide 16:9 scene, no text, no letters, no words, no watermark",
112,4,A2,,img_day112.png,School Subjects,School Subjects,subject · math · science · history · timetable · interesting · boring,The new timetable is on the wall. Which subject do you like best? asked Ben.,"Illustrate this short story as ONE single scene for a children's English book. Story: ""The new timetable is on the wall. Which subject do you like best? asked Ben. Leo loves math because he enjoys numbers. Mimi thinks science is more interesting than history. Nothing is boring if you are curious, said the teacher. Every subject opens a new door."" Show the main characters and the objects named. Original characters, not based on any existing franchise or known cartoon. children's storybook illustration, soft warm colors, friendly rounded shapes, gentle lighting, flat vector style with light texture, wide 16:9 scene, no text, no letters, no words, no watermark","The new timetable is on the wall. Which subject do you like best? asked Ben. Leo loves math because he enjoys numbers. Mimi thinks science is more interesting than history. Nothing is boring if you are curious, said the teacher. Every subject opens a new door."
113,4,A2,,img_day113.png,In the Classroom,In the Classroom,question · attention · correct · explain · focus · realize · clever,Ben raised his hand and asked a good question. The teacher gave him her full attention. Everyone tried to focus on the board.,"Illustrate this short story as ONE single scene for a children's English book. Story: ""Ben raised his hand and asked a good question. The teacher gave him her full attention. She began to explain the answer slowly. Everyone tried to focus on the board. That is correct, Ben! Now I realize how it works, he said with a smile. You are all clever when you listen well."" Show the main characters and the objects named. Original characters, not based on any existing franchise or known cartoon. children's storybook illustration, soft warm colors, friendly rounded shapes, gentle lighting, flat vector style with light texture, wide 16:9 scene, no text, no letters, no words, no watermark","Ben raised his hand and asked a good question. The teacher gave him her full attention. She began to explain the answer slowly. Everyone tried to focus on the board. That is correct, Ben! Now I realize how it works, he said with a smile. You are all clever when you listen well."
114,4,A2,,img_day114.png,Homework Time,Homework Time,project · notebook · effort · difficult · complete · improve · prepare,"Mimi opened her notebook and started the science project. Hard effort makes you improve, said Mum. Leo helped her prepare the drawings.","Illustrate this short story as ONE single scene for a children's English book. Story: ""Mimi opened her notebook and started the science project. It looked difficult at first. She did not give up. Hard effort makes you improve, said Mum. Leo helped her prepare the drawings. They spent one hour and did their best. Together they complete the work before dinner!"" Show the main characters and the objects named. Original characters, not based on any existing franchise or known cartoon. children's storybook illustration, soft warm colors, friendly rounded shapes, gentle lighting, flat vector style with light texture, wide 16:9 scene, no text, no letters, no words, no watermark","Mimi opened her notebook and started the science project. It looked difficult at first. She did not give up. Hard effort makes you improve, said Mum. Leo helped her prepare the drawings. They spent one hour and did their best. Together they complete the work before dinner!"
115,4,A2,,img_day115.png,Using Computers,Using Computers,screen · keyboard · mouse · internet · type · click · search,In the computer room every screen was ready. Ben typed his name on the keyboard. Mimi moved the mouse and clicked the blue button.,"Illustrate this short story as ONE single scene for a children's English book. Story: ""In the computer room every screen was ready. Ben typed his name on the keyboard. Mimi moved the mouse and clicked the blue button. They used the internet to search for pictures of insects. Type the word carefully, said the teacher. Look at all these beautiful photos!"" Show the main characters and the objects named. Original characters, not based on any existing franchise or known cartoon. children's storybook illustration, soft warm colors, friendly rounded shapes, gentle lighting, flat vector style with light texture, wide 16:9 scene, no text, no letters, no words, no watermark","In the computer room every screen was ready. Ben typed his name on the keyboard. Mimi moved the mouse and clicked the blue button. They used the internet to search for pictures of insects. Type the word carefully, said the teacher. Look at all these beautiful photos!"
116,4,A2,,img_day116.png,Test Day,Test Day,exam · pass · fail · retry · steady · accurate · applaud,"Today was the big exam. Ben felt worried but Leo kept a steady mind. Read every question twice, said the teacher.","Illustrate this short story as ONE single scene for a children's English book. Story: ""Today was the big exam. Ben felt worried but Leo kept a steady mind. Read every question twice, said the teacher. Mimi checked that her answers were accurate. Ben did not pass this time. Do not worry! If you fail, you can retry next month. His friends applaud him for trying so hard!"" Show the main characters and the objects named. Original characters, not based on any existing franchise or known cartoon. children's storybook illustration, soft warm colors, friendly rounded shapes, gentle lighting, flat vector style with light texture, wide 16:9 scene, no text, no letters, no words, no watermark","Today was the big exam. Ben felt worried but Leo kept a steady mind. Read every question twice, said the teacher. Mimi checked that her answers were accurate. Ben did not pass this time. Do not worry! If you fail, you can retry next month. His friends applaud him for trying so hard!"
117,4,A2,,img_day117.png,I Love Learning,I Love Learning,knowledge · idea · curious · wise · achieve · success · continue,"Ben is always curious about the world. Knowledge grows when you share it, said the wise old teacher. Mimi had a bright idea for a new club.","Illustrate this short story as ONE single scene for a children's English book. Story: ""Ben is always curious about the world. He asks many questions every day. Knowledge grows when you share it, said the wise old teacher. Mimi had a bright idea for a new club. If we continue to practise, we will achieve our dreams. Small steps lead to big success!"" Show the main characters and the objects named. Original characters, not based on any existing franchise or known cartoon. children's storybook illustration, soft warm colors, friendly rounded shapes, gentle lighting, flat vector style with light texture, wide 16:9 scene, no text, no letters, no words, no watermark","Ben is always curious about the world. He asks many questions every day. Knowledge grows when you share it, said the wise old teacher. Mimi had a bright idea for a new club. If we continue to practise, we will achieve our dreams. Small steps lead to big success!"
118,4,A2,ทบทวน,img_day118.png,Week 17 Friends Review!,Week 20 Friends Review!,subject · math · science · history · timetable · interesting · boring · question · attention · correct · explain · focus · realize · clever · project · notebook · effort · difficult · complete · improve · prepare · screen · keyboard · mouse · internet · type · click · search · exam · pass · fail · retry · steady · accurate · applaud · knowledge · idea · curious · wise · achieve · success · continue,,"Illustrate a cheerful review-day celebration for a children's English book: two original child-friendly characters cheering together among floating stars, balloons and simple everyday objects. Theme: Week 20 Friends Review!. children's storybook illustration, soft warm colors, friendly rounded shapes, gentle lighting, flat vector style with light texture, wide 16:9 scene, no text, no letters, no words, no watermark",
119,4,A2,,img_day119.png,A Celebration,A Celebration,celebrate · festival · guest · gather · surprise · enjoy · cheer,The school held a festival to celebrate the end of term. Leo helped gather every guest at the gate. Mimi brought a big surprise cake.,"Illustrate this short story as ONE single scene for a children's English book. Story: ""The school held a festival to celebrate the end of term. Leo helped gather every guest at the gate. Mimi brought a big surprise cake. Everyone began to cheer when the music started. They sang together and enjoyed the whole afternoon. What a wonderful day!"" Show the main characters and the objects named. Original characters, not based on any existing franchise or known cartoon. children's storybook illustration, soft warm colors, friendly rounded shapes, gentle lighting, flat vector style with light texture, wide 16:9 scene, no text, no letters, no words, no watermark",The school held a festival to celebrate the end of term. Leo helped gather every guest at the gate. Mimi brought a big surprise cake. Everyone began to cheer when the music started. They sang together and enjoyed the whole afternoon. What a wonderful day!
120,4,A2,,img_day120.png,Looking Forward,Looking Forward,award · medal · reward · ahead · ceremony · honour · forward,"At the ceremony the head teacher gave each child an award. Ben received a bright medal for his effort. Hard work always brings a reward, she said.","Illustrate this short story as ONE single scene for a children's English book. Story: ""At the ceremony the head teacher gave each child an award. Ben received a bright medal for his effort. Hard work always brings a reward, she said. It is an honour to stand with my friends, said Leo. A long road lies ahead of us. We will keep moving forward together. Level 5, here we come!"" Show the main characters and the objects named. Original characters, not based on any existing franchise or known cartoon. children's storybook illustration, soft warm colors, friendly rounded shapes, gentle lighting, flat vector style with light texture, wide 16:9 scene, no text, no letters, no words, no watermark","At the ceremony the head teacher gave each child an award. Ben received a bright medal for his effort. Hard work always brings a reward, she said. It is an honour to stand with my friends, said Leo. A long road lies ahead of us. We will keep moving forward together. Level 5, here we come!"
121,5,A2,,img_day121.png,A Special Recipe,A Special Recipe,recipe · ingredient · flour · sugar · mix · pour · bake,"Grandma opened her old recipe book. First we need every ingredient, she said. Ben measured the white flour.","Illustrate this short story as ONE single scene for a children's English book. Story: ""Grandma opened her old recipe book. First we need every ingredient, she said. Ben measured the white flour. Mimi added two spoons of sugar. Leo began to mix them in a big bowl. Then Grandma helped them pour the batter into a tin. Finally they bake it for thirty minutes."" Show the main characters and the objects named. Original characters, not based on any existing franchise or known cartoon. children's storybook illustration, soft warm colors, friendly rounded shapes, gentle lighting, flat vector style with light texture, wide 16:9 scene, no text, no letters, no words, no watermark","Grandma opened her old recipe book. First we need every ingredient, she said. Ben measured the white flour. Mimi added two spoons of sugar. Leo began to mix them in a big bowl. Then Grandma helped them pour the batter into a tin. Finally they bake it for thirty minutes."
122,5,A2,,img_day122.png,In the Kitchen,In the Kitchen,chop · slice · boil · fry · dish · serve · spoonful,Dad let the children help in the kitchen. Mimi began to chop the carrots. Ben tried to slice the bread carefully.,"Illustrate this short story as ONE single scene for a children's English book. Story: ""Dad let the children help in the kitchen. Mimi began to chop the carrots. Ben tried to slice the bread carefully. Dad put water in a pot to boil the eggs. Then he started to fry the rice. One spoonful of soy sauce is enough! Soon the hot dish was ready to serve."" Show the main characters and the objects named. Original characters, not based on any existing franchise or known cartoon. children's storybook illustration, soft warm colors, friendly rounded shapes, gentle lighting, flat vector style with light texture, wide 16:9 scene, no text, no letters, no words, no watermark",Dad let the children help in the kitchen. Mimi began to chop the carrots. Ben tried to slice the bread carefully. Dad put water in a pot to boil the eggs. Then he started to fry the rice. One spoonful of soy sauce is enough! Soon the hot dish was ready to serve.
123,5,A2,,img_day123.png,How Does It Taste?,How Does It Taste?,flavour · lemon · sour · salty · bitter · spicy · crispy,Every food has its own flavour. The lemon tart was very sour. Ben ate a lemon and made a funny face.,"Illustrate this short story as ONE single scene for a children's English book. Story: ""Every food has its own flavour. The lemon tart was very sour. Ben ate a lemon and made a funny face. It is too sour! The soup was a little salty. Dark coffee tastes bitter to children. Mimi loves spicy noodles. Leo likes crispy chicken best of all."" Show the main characters and the objects named. Original characters, not based on any existing franchise or known cartoon. children's storybook illustration, soft warm colors, friendly rounded shapes, gentle lighting, flat vector style with light texture, wide 16:9 scene, no text, no letters, no words, no watermark",Every food has its own flavour. The lemon tart was very sour. Ben ate a lemon and made a funny face. It is too sour! The soup was a little salty. Dark coffee tastes bitter to children. Mimi loves spicy noodles. Leo likes crispy chicken best of all.
124,5,A2,,img_day124.png,At the Restaurant,At the Restaurant,menu · order · waiter · customer · bill · tip · manners,The family sat down and looked at the menu. A kind waiter came to their table. May we order now?,"Illustrate this short story as ONE single scene for a children's English book. Story: ""The family sat down and looked at the menu. A kind waiter came to their table. May we order now? asked Dad politely. Every customer in the room looked happy. Ben said thank you and showed good manners. After the meal Dad paid the bill. He also left a small tip."" Show the main characters and the objects named. Original characters, not based on any existing franchise or known cartoon. children's storybook illustration, soft warm colors, friendly rounded shapes, gentle lighting, flat vector style with light texture, wide 16:9 scene, no text, no letters, no words, no watermark",The family sat down and looked at the menu. A kind waiter came to their table. May we order now? asked Dad politely. Every customer in the room looked happy. Ben said thank you and showed good manners. After the meal Dad paid the bill. He also left a small tip.
125,5,A2,,img_day125.png,Healthy Eating,Healthy Eating,healthy · vitamin · protein · portion · balance · avoid · nutrition,A healthy body needs good food. Fruit gives us vitamin C. Eggs and beans give us protein.,"Illustrate this short story as ONE single scene for a children's English book. Story: ""A healthy body needs good food. Fruit gives us vitamin C. Eggs and beans give us protein. You should avoid too much sugar, said the nurse. A small portion of cake is fine after school. Balance is the secret! Good nutrition helps you grow tall and strong."" Show the main characters and the objects named. Original characters, not based on any existing franchise or known cartoon. children's storybook illustration, soft warm colors, friendly rounded shapes, gentle lighting, flat vector style with light texture, wide 16:9 scene, no text, no letters, no words, no watermark","A healthy body needs good food. Fruit gives us vitamin C. Eggs and beans give us protein. You should avoid too much sugar, said the nurse. A small portion of cake is fine after school. Balance is the secret! Good nutrition helps you grow tall and strong."
126,5,A2,,img_day126.png,Market Day,Market Day,seller · stall · weigh · kilo · bargain · crowded · trolley,On Sunday they walked to the crowded street. Each stall sold something different. Mum asked the seller to weigh the fish.,"Illustrate this short story as ONE single scene for a children's English book. Story: ""On Sunday they walked to the crowded street. Each stall sold something different. Mum asked the seller to weigh the fish. We need one kilo, please. These mangoes are a real bargain today! Ben helped pick the best ones. Mimi pushed the heavy trolley home."" Show the main characters and the objects named. Original characters, not based on any existing franchise or known cartoon. children's storybook illustration, soft warm colors, friendly rounded shapes, gentle lighting, flat vector style with light texture, wide 16:9 scene, no text, no letters, no words, no watermark","On Sunday they walked to the crowded street. Each stall sold something different. Mum asked the seller to weigh the fish. We need one kilo, please. These mangoes are a real bargain today! Ben helped pick the best ones. Mimi pushed the heavy trolley home."
127,5,A2,ทบทวน,img_day127.png,Week 19 Friends Review!,Week 21 Friends Review!,recipe · ingredient · flour · sugar · mix · pour · bake · chop · slice · boil · fry · dish · serve · spoonful · flavour · lemon · sour · salty · bitter · spicy · crispy · menu · order · waiter · customer · bill · tip · manners · healthy · vitamin · protein · portion · balance · avoid · nutrition · stall · weigh · kilo · seller · bargain · crowded · trolley,,"Illustrate a cheerful review-day celebration for a children's English book: two original child-friendly characters cheering together among floating stars, balloons and simple everyday objects. Theme: Week 21 Friends Review!. children's storybook illustration, soft warm colors, friendly rounded shapes, gentle lighting, flat vector style with light texture, wide 16:9 scene, no text, no letters, no words, no watermark",
128,5,A2,,img_day128.png,Feeling Unwell,Feeling Unwell,unwell · fever · cough · sneeze · sore · ache · headache,"His face was hot with fever. My throat is sore, he said quietly. Mum touched his head.","Illustrate this short story as ONE single scene for a children's English book. Story: ""This morning Ben felt unwell. His face was hot with fever. He began to cough and sneeze. My throat is sore, he said quietly. Mum touched his head. Do you have a headache too? Yes, my whole body aches. Stay in bed today, said Mum kindly."" Show the main characters and the objects named. Original characters, not based on any existing franchise or known cartoon. children's storybook illustration, soft warm colors, friendly rounded shapes, gentle lighting, flat vector style with light texture, wide 16:9 scene, no text, no letters, no words, no watermark","This morning Ben felt unwell. His face was hot with fever. He began to cough and sneeze. My throat is sore, he said quietly. Mum touched his head. Do you have a headache too? Yes, my whole body aches. Stay in bed today, said Mum kindly."
129,5,A2,,img_day129.png,At the Clinic,At the Clinic,clinic · dentist · medicine · pill · injection · bandage · recover,Mum took Ben to the clinic near their home. The doctor gave him some medicine. Take one pill after every meal.,"Illustrate this short story as ONE single scene for a children's English book. Story: ""Mum took Ben to the clinic near their home. The doctor gave him some medicine. Take one pill after every meal. Ben was afraid of the injection but it did not hurt. Mimi cut her finger, so the nurse put a bandage on it. Next week they will visit the dentist. Soon Ben will recover."" Show the main characters and the objects named. Original characters, not based on any existing franchise or known cartoon. children's storybook illustration, soft warm colors, friendly rounded shapes, gentle lighting, flat vector style with light texture, wide 16:9 scene, no text, no letters, no words, no watermark","Mum took Ben to the clinic near their home. The doctor gave him some medicine. Take one pill after every meal. Ben was afraid of the injection but it did not hurt. Mimi cut her finger, so the nurse put a bandage on it. Next week they will visit the dentist. Soon Ben will recover."
130,5,A2,,img_day130.png,Move Your Body,Move Your Body,jog · fitness · muscle · breathe · heartbeat · pulse · stretchy,Every morning Leo and Dad jog around the park. Exercise is good for your fitness. Leo can feel his muscle grow stronger.,"Illustrate this short story as ONE single scene for a children's English book. Story: ""Every morning Leo and Dad jog around the park. Exercise is good for your fitness. Leo can feel his muscle grow stronger. Breathe slowly through your nose, said Dad. After running, his heartbeat was fast. Dad showed him how to find his pulse. Then they did some stretchy movements."" Show the main characters and the objects named. Original characters, not based on any existing franchise or known cartoon. children's storybook illustration, soft warm colors, friendly rounded shapes, gentle lighting, flat vector style with light texture, wide 16:9 scene, no text, no letters, no words, no watermark","Every morning Leo and Dad jog around the park. Exercise is good for your fitness. Leo can feel his muscle grow stronger. Breathe slowly through your nose, said Dad. After running, his heartbeat was fast. Dad showed him how to find his pulse. Then they did some stretchy movements."
131,5,A2,,img_day131.png,Time to Rest,Time to Rest,nap · alarm · awake · habit · peaceful · deeply · energy,A short nap after lunch is good for children. Mimi always sets her alarm for seven o'clock. Sometimes Ben stays awake too late.,"Illustrate this short story as ONE single scene for a children's English book. Story: ""A short nap after lunch is good for children. Mimi always sets her alarm for seven o'clock. Sometimes Ben stays awake too late. That is a bad habit! Keep the room peaceful and dark. Then you will sleep deeply. In the morning you will have lots of energy."" Show the main characters and the objects named. Original characters, not based on any existing franchise or known cartoon. children's storybook illustration, soft warm colors, friendly rounded shapes, gentle lighting, flat vector style with light texture, wide 16:9 scene, no text, no letters, no words, no watermark",A short nap after lunch is good for children. Mimi always sets her alarm for seven o'clock. Sometimes Ben stays awake too late. That is a bad habit! Keep the room peaceful and dark. Then you will sleep deeply. In the morning you will have lots of energy.
132,5,A2,,img_day132.png,Safety First,Safety First,safety · helmet · danger · warning · accident · careful · rule,Safety is more important than speed. You must wear a helmet on a bicycle. Look for the red warning sign.,"Illustrate this short story as ONE single scene for a children's English book. Story: ""Safety is more important than speed. You must wear a helmet on a bicycle. Look for the red warning sign. It means danger! Be careful when you cross the road. Follow every rule at the swimming pool. Then you will never have an accident."" Show the main characters and the objects named. Original characters, not based on any existing franchise or known cartoon. children's storybook illustration, soft warm colors, friendly rounded shapes, gentle lighting, flat vector style with light texture, wide 16:9 scene, no text, no letters, no words, no watermark",Safety is more important than speed. You must wear a helmet on a bicycle. Look for the red warning sign. It means danger! Be careful when you cross the road. Follow every rule at the swimming pool. Then you will never have an accident.
133,5,A2,,img_day133.png,Clean and Healthy,Clean and Healthy,hygiene · germ · soap · towel · toothbrush · spread · prevent,Good hygiene keeps you healthy. A germ is too small to see. Use soap and warm water for twenty seconds.,"Illustrate this short story as ONE single scene for a children's English book. Story: ""Good hygiene keeps you healthy. A germ is too small to see. Use soap and warm water for twenty seconds. Then dry your hands with a clean towel. Brush your teeth twice a day with your own toothbrush. Do not share it! Clean hands prevent germs from spreading to your family."" Show the main characters and the objects named. Original characters, not based on any existing franchise or known cartoon. children's storybook illustration, soft warm colors, friendly rounded shapes, gentle lighting, flat vector style with light texture, wide 16:9 scene, no text, no letters, no words, no watermark",Good hygiene keeps you healthy. A germ is too small to see. Use soap and warm water for twenty seconds. Then dry your hands with a clean towel. Brush your teeth twice a day with your own toothbrush. Do not share it! Clean hands prevent germs from spreading to your family.
134,5,A2,ทบทวน,img_day134.png,Week 20 Friends Review!,Week 22 Friends Review!,unwell · fever · cough · sneeze · sore · ache · headache · clinic · dentist · medicine · pill · injection · bandage · recover · jog · fitness · muscle · breathe · heartbeat · pulse · stretchy · nap · alarm · awake · habit · peaceful · deeply · energy · safety · helmet · danger · warning · accident · careful · rule · hygiene · germ · soap · towel · toothbrush · spread · prevent,,"Illustrate a cheerful review-day celebration for a children's English book: two original child-friendly characters cheering together among floating stars, balloons and simple everyday objects. Theme: Week 22 Friends Review!. children's storybook illustration, soft warm colors, friendly rounded shapes, gentle lighting, flat vector style with light texture, wide 16:9 scene, no text, no letters, no words, no watermark",
135,5,A2,,img_day135.png,My Own Money,My Own Money,wallet · purse · allowance · earn · jar · cost · afford,Every Sunday Ben gets a small allowance. Mimi uses a red purse instead. Last month Leo helped a neighbour and began to earn extra money.,"Illustrate this short story as ONE single scene for a children's English book. Story: ""Every Sunday Ben gets a small allowance. He keeps it in a brown wallet. Mimi uses a red purse instead. Last month Leo helped a neighbour and began to earn extra money. They put their coins in a glass jar. How much does the toy cost? I cannot afford it yet, said Ben."" Show the main characters and the objects named. Original characters, not based on any existing franchise or known cartoon. children's storybook illustration, soft warm colors, friendly rounded shapes, gentle lighting, flat vector style with light texture, wide 16:9 scene, no text, no letters, no words, no watermark","Every Sunday Ben gets a small allowance. He keeps it in a brown wallet. Mimi uses a red purse instead. Last month Leo helped a neighbour and began to earn extra money. They put their coins in a glass jar. How much does the toy cost? I cannot afford it yet, said Ben."
136,5,A2,,img_day136.png,How Much Is It?,How Much Is It?,expensive · discount · label · shelf · brand · compare · size,Read the label on the shelf first. Today there is a twenty percent discount! Always compare two things before you buy.,"Illustrate this short story as ONE single scene for a children's English book. Story: ""This bag looks very expensive, said Mimi. Read the label on the shelf first. Today there is a twenty percent discount! Always compare two things before you buy. This brand is cheaper than that one. Do they have my size? A wise shopper takes time to look."" Show the main characters and the objects named. Original characters, not based on any existing franchise or known cartoon. children's storybook illustration, soft warm colors, friendly rounded shapes, gentle lighting, flat vector style with light texture, wide 16:9 scene, no text, no letters, no words, no watermark","This bag looks very expensive, said Mimi. Read the label on the shelf first. Today there is a twenty percent discount! Always compare two things before you buy. This brand is cheaper than that one. Do they have my size? A wise shopper takes time to look."
137,5,A2,,img_day137.png,At the Checkout,At the Checkout,queue · cashier · scan · barcode · receipt · refund · exchange,"The cashier smiled at every customer. Keep your receipt safely, she said. If something is broken you can ask for a refund.","Illustrate this short story as ONE single scene for a children's English book. Story: ""They stood in a long queue at the shop. The cashier smiled at every customer. She began to scan each barcode quickly. Keep your receipt safely, she said. If something is broken you can ask for a refund. Or you can exchange it for a new one within seven days."" Show the main characters and the objects named. Original characters, not based on any existing franchise or known cartoon. children's storybook illustration, soft warm colors, friendly rounded shapes, gentle lighting, flat vector style with light texture, wide 16:9 scene, no text, no letters, no words, no watermark","They stood in a long queue at the shop. The cashier smiled at every customer. She began to scan each barcode quickly. Keep your receipt safely, she said. If something is broken you can ask for a refund. Or you can exchange it for a new one within seven days."
138,5,A2,,img_day138.png,Save or Spend?,Save or Spend?,budget · decide · overspend · patience · bonus · total · half,Mimi wrote a simple budget in her notebook. I will decide carefully before I buy anything. Do not overspend on small toys.,"Illustrate this short story as ONE single scene for a children's English book. Story: ""Mimi wrote a simple budget in her notebook. I will decide carefully before I buy anything. Do not overspend on small toys. With patience, the bonus is bigger. She counted the total in her jar. Ben decided to keep half and use half. That is a smart choice!"" Show the main characters and the objects named. Original characters, not based on any existing franchise or known cartoon. children's storybook illustration, soft warm colors, friendly rounded shapes, gentle lighting, flat vector style with light texture, wide 16:9 scene, no text, no letters, no words, no watermark","Mimi wrote a simple budget in her notebook. I will decide carefully before I buy anything. Do not overspend on small toys. With patience, the bonus is bigger. She counted the total in her jar. Ben decided to keep half and use half. That is a smart choice!"
139,5,A2,,img_day139.png,Lend and Borrow,Lend and Borrow,borrow · lend · owe · return · repay · reliable · worth,"Ben wanted to borrow twenty baht from Leo. Leo agreed to lend it to him. Now I owe you, said Ben.","Illustrate this short story as ONE single scene for a children's English book. Story: ""Ben wanted to borrow twenty baht from Leo. Leo agreed to lend it to him. Now I owe you, said Ben. He agreed to repay it on Friday. A reliable friend always returns what he takes. A good name is worth more than money. On Friday Ben kept his word!"" Show the main characters and the objects named. Original characters, not based on any existing franchise or known cartoon. children's storybook illustration, soft warm colors, friendly rounded shapes, gentle lighting, flat vector style with light texture, wide 16:9 scene, no text, no letters, no words, no watermark","Ben wanted to borrow twenty baht from Leo. Leo agreed to lend it to him. Now I owe you, said Ben. He agreed to repay it on Friday. A reliable friend always returns what he takes. A good name is worth more than money. On Friday Ben kept his word!"
140,5,A2,,img_day140.png,Giving Back,Giving Back,donate · charity · collect · volunteer · community · thoughtful · value,The school asked every class to donate old books. Mimi brought five and Ben brought three. Leo signed up as a volunteer on Saturday.,"Illustrate this short story as ONE single scene for a children's English book. Story: ""The school asked every class to donate old books. Mimi brought five and Ben brought three. They collect them for a small charity. Leo signed up as a volunteer on Saturday. Our community becomes stronger when we help, said the teacher. A thoughtful heart has real value."" Show the main characters and the objects named. Original characters, not based on any existing franchise or known cartoon. children's storybook illustration, soft warm colors, friendly rounded shapes, gentle lighting, flat vector style with light texture, wide 16:9 scene, no text, no letters, no words, no watermark","The school asked every class to donate old books. Mimi brought five and Ben brought three. They collect them for a small charity. Leo signed up as a volunteer on Saturday. Our community becomes stronger when we help, said the teacher. A thoughtful heart has real value."
141,5,A2,ทบทวน,img_day141.png,Week 21 Friends Review!,Week 23 Friends Review!,wallet · purse · allowance · earn · jar · cost · afford · expensive · discount · label · shelf · brand · compare · size · queue · cashier · scan · barcode · receipt · refund · exchange · budget · decide · overspend · patience · bonus · total · half · borrow · lend · owe · return · repay · reliable · worth · donate · charity · collect · volunteer · community · thoughtful · value,,"Illustrate a cheerful review-day celebration for a children's English book: two original child-friendly characters cheering together among floating stars, balloons and simple everyday objects. Theme: Week 23 Friends Review!. children's storybook illustration, soft warm colors, friendly rounded shapes, gentle lighting, flat vector style with light texture, wide 16:9 scene, no text, no letters, no words, no watermark",
142,5,A2,,img_day142.png,Packing to Go,Packing to Go,luggage · passport · booking · departure · route · abroad · tourist,Next week the family is going to travel abroad. Dad checked the booking on his phone. Mum found her passport in the drawer.,"Illustrate this short story as ONE single scene for a children's English book. Story: ""Next week the family is going to travel abroad. Dad checked the booking on his phone. Mum found her passport in the drawer. Ben helped carry the heavy luggage. Our departure is at six in the morning. Leo studied the route on a big map. We will be a tourist family for one week!"" Show the main characters and the objects named. Original characters, not based on any existing franchise or known cartoon. children's storybook illustration, soft warm colors, friendly rounded shapes, gentle lighting, flat vector style with light texture, wide 16:9 scene, no text, no letters, no words, no watermark",Next week the family is going to travel abroad. Dad checked the booking on his phone. Mum found her passport in the drawer. Ben helped carry the heavy luggage. Our departure is at six in the morning. Leo studied the route on a big map. We will be a tourist family for one week!
143,5,A2,,img_day143.png,At the Station,At the Station,railway · platform · carriage · delay · seatbelt · aisle · voyage,Our train leaves from platform three. Ben fastened his seatbelt on the bus later. Mimi walked down the aisle to find her seat.,"Illustrate this short story as ONE single scene for a children's English book. Story: ""They arrived early at the railway station. Our train leaves from platform three. There was a short delay of ten minutes. Then they found their carriage and sat down. Ben fastened his seatbelt on the bus later. Mimi walked down the aisle to find her seat. The whole voyage took four hours."" Show the main characters and the objects named. Original characters, not based on any existing franchise or known cartoon. children's storybook illustration, soft warm colors, friendly rounded shapes, gentle lighting, flat vector style with light texture, wide 16:9 scene, no text, no letters, no words, no watermark",They arrived early at the railway station. Our train leaves from platform three. There was a short delay of ten minutes. Then they found their carriage and sat down. Ben fastened his seatbelt on the bus later. Mimi walked down the aisle to find her seat. The whole voyage took four hours.
144,5,A2,,img_day144.png,By the Sea,By the Sea,coast · island · horizon · shell · tide · sail · seaside,The coast was the most beautiful place they had seen. A small island sat far away on the horizon. Mimi collected a pink shell from the sand.,"Illustrate this short story as ONE single scene for a children's English book. Story: ""The coast was the most beautiful place they had seen. A small island sat far away on the horizon. Mimi collected a pink shell from the sand. The tide rolled in slowly. Some boats began to sail past. Ben loved every minute at the seaside. This is the best day of the trip!"" Show the main characters and the objects named. Original characters, not based on any existing franchise or known cartoon. children's storybook illustration, soft warm colors, friendly rounded shapes, gentle lighting, flat vector style with light texture, wide 16:9 scene, no text, no letters, no words, no watermark",The coast was the most beautiful place they had seen. A small island sat far away on the horizon. Mimi collected a pink shell from the sand. The tide rolled in slowly. Some boats began to sail past. Ben loved every minute at the seaside. This is the best day of the trip!
145,5,A2,,img_day145.png,Amazing Places,Amazing Places,palace · landmark · desert · ancient · statue · scenery · amazing,Have you ever seen an old palace? A tall stone statue stood at the gate. From the top the scenery was amazing.,"Illustrate this short story as ONE single scene for a children's English book. Story: ""Have you ever seen an old palace? This one is the famous landmark of the city. It is more than four hundred years old and very ancient. A tall stone statue stood at the gate. From the top the scenery was amazing. One day I want to cross a desert too, said Ben."" Show the main characters and the objects named. Original characters, not based on any existing franchise or known cartoon. children's storybook illustration, soft warm colors, friendly rounded shapes, gentle lighting, flat vector style with light texture, wide 16:9 scene, no text, no letters, no words, no watermark","Have you ever seen an old palace? This one is the famous landmark of the city. It is more than four hundred years old and very ancient. A tall stone statue stood at the gate. From the top the scenery was amazing. One day I want to cross a desert too, said Ben."
146,5,A2,,img_day146.png,New Cultures,New Cultures,culture · language · custom · tradition · greeting · admire · eager,Every country has its own culture. Ben tried to learn a few words of the local language. In Thailand the greeting is a wai.,"Illustrate this short story as ONE single scene for a children's English book. Story: ""Every country has its own culture. Ben tried to learn a few words of the local language. In Thailand the greeting is a wai. That is our custom, explained Mimi. Each tradition tells a story about the past. Always admire what makes a place special. An eager traveller learns something new every day."" Show the main characters and the objects named. Original characters, not based on any existing franchise or known cartoon. children's storybook illustration, soft warm colors, friendly rounded shapes, gentle lighting, flat vector style with light texture, wide 16:9 scene, no text, no letters, no words, no watermark","Every country has its own culture. Ben tried to learn a few words of the local language. In Thailand the greeting is a wai. That is our custom, explained Mimi. Each tradition tells a story about the past. Always admire what makes a place special. An eager traveller learns something new every day."
147,5,A2,,img_day147.png,Keeping Memories,Keeping Memories,postcard · souvenir · photograph · album · scrapbook · lifetime · farewell,On the last day Mimi wrote a postcard to Grandma. Ben bought a small souvenir for his teacher. Dad took one more photograph of everyone.,"Illustrate this short story as ONE single scene for a children's English book. Story: ""On the last day Mimi wrote a postcard to Grandma. Ben bought a small souvenir for his teacher. Dad took one more photograph of everyone. At home they put the pictures in an album. Mimi made a colourful scrapbook too. This trip will last a lifetime in our hearts. It was time to say farewell."" Show the main characters and the objects named. Original characters, not based on any existing franchise or known cartoon. children's storybook illustration, soft warm colors, friendly rounded shapes, gentle lighting, flat vector style with light texture, wide 16:9 scene, no text, no letters, no words, no watermark",On the last day Mimi wrote a postcard to Grandma. Ben bought a small souvenir for his teacher. Dad took one more photograph of everyone. At home they put the pictures in an album. Mimi made a colourful scrapbook too. This trip will last a lifetime in our hearts. It was time to say farewell.
148,5,A2,ทบทวน,img_day148.png,Week 22 Friends Review!,Week 24 Friends Review!,luggage · passport · booking · departure · route · abroad · tourist · railway · platform · carriage · delay · seatbelt · aisle · voyage · coast · island · horizon · shell · tide · sail · seaside · palace · landmark · desert · ancient · statue · scenery · amazing · culture · language · custom · tradition · greeting · admire · eager · postcard · souvenir · photograph · album · scrapbook · lifetime · farewell,,"Illustrate a cheerful review-day celebration for a children's English book: two original child-friendly characters cheering together among floating stars, balloons and simple everyday objects. Theme: Week 24 Friends Review!. children's storybook illustration, soft warm colors, friendly rounded shapes, gentle lighting, flat vector style with light texture, wide 16:9 scene, no text, no letters, no words, no watermark",
149,5,A2,,img_day149.png,What I Can Do Now,What I Can Do Now,progress · confidence · fluent · review · mistake · practice · rejoice,Look how much progress you have made! Ben can speak with real confidence now. Do you review the old words?,"Illustrate this short story as ONE single scene for a children's English book. Story: ""Look how much progress you have made! Ben can speak with real confidence now. He is not fluent yet, but his daily practice shows every week. Do you review the old words? asked the teacher. Everyone makes a mistake sometimes. That is how we learn. Today we rejoice together after one hundred and fifty days!"" Show the main characters and the objects named. Original characters, not based on any existing franchise or known cartoon. children's storybook illustration, soft warm colors, friendly rounded shapes, gentle lighting, flat vector style with light texture, wide 16:9 scene, no text, no letters, no words, no watermark","Look how much progress you have made! Ben can speak with real confidence now. He is not fluent yet, but his daily practice shows every week. Do you review the old words? asked the teacher. Everyone makes a mistake sometimes. That is how we learn. Today we rejoice together after one hundred and fifty days!"
150,5,A2,,img_day150.png,The Road Ahead,The Road Ahead,challenge · target · effortless · discipline · persist · milestone,Every new level is a bigger challenge. Set one clear target for next month. Nothing is effortless at the start.,"Illustrate this short story as ONE single scene for a children's English book. Story: ""Every new level is a bigger challenge. Set one clear target for next month. Nothing is effortless at the start. With daily discipline it becomes easy. Those who persist always win. Day one hundred and fifty is a happy milestone. The road ahead is long and exciting!"" Show the main characters and the objects named. Original characters, not based on any existing franchise or known cartoon. children's storybook illustration, soft warm colors, friendly rounded shapes, gentle lighting, flat vector style with light texture, wide 16:9 scene, no text, no letters, no words, no watermark",Every new level is a bigger challenge. Set one clear target for next month. Nothing is effortless at the start. With daily discipline it becomes easy. Those who persist always win. Day one hundred and fifty is a happy milestone. The road ahead is long and exciting!
151,6,A2,,img_day151.png,Our Big Family,Our Big Family,relative · cousin · aunt · uncle · grandparent · twin · nephew,On Sunday every relative came to Grandma's house. Ben met his cousin from the north. My aunt brought sticky rice and my uncle brought fruit.,"Illustrate this short story as ONE single scene for a children's English book. Story: ""On Sunday every relative came to Grandma's house. Ben met his cousin from the north. My aunt brought sticky rice and my uncle brought fruit. Each grandparent told an old story. Mimi has a twin sister named May. Uncle Sam calls Leo his favourite nephew. A big family is a warm family!"" Show the main characters and the objects named. Original characters, not based on any existing franchise or known cartoon. children's storybook illustration, soft warm colors, friendly rounded shapes, gentle lighting, flat vector style with light texture, wide 16:9 scene, no text, no letters, no words, no watermark",On Sunday every relative came to Grandma's house. Ben met his cousin from the north. My aunt brought sticky rice and my uncle brought fruit. Each grandparent told an old story. Mimi has a twin sister named May. Uncle Sam calls Leo his favourite nephew. A big family is a warm family!
152,6,A2,,img_day152.png,Household Chores,Household Chores,household · chore · sweep · dust · laundry · iron · repair,Every household needs teamwork. Mum wrote a chore list on the door. Leo has to sweep the kitchen floor.,"Illustrate this short story as ONE single scene for a children's English book. Story: ""Every household needs teamwork. Mum wrote a chore list on the door. Leo has to sweep the kitchen floor. Mimi will dust the shelves. Dad puts the laundry into the machine. Later he will iron three shirts. Ben helps Grandpa repair the broken chair. Many hands make light work!"" Show the main characters and the objects named. Original characters, not based on any existing franchise or known cartoon. children's storybook illustration, soft warm colors, friendly rounded shapes, gentle lighting, flat vector style with light texture, wide 16:9 scene, no text, no letters, no words, no watermark",Every household needs teamwork. Mum wrote a chore list on the door. Leo has to sweep the kitchen floor. Mimi will dust the shelves. Dad puts the laundry into the machine. Later he will iron three shirts. Ben helps Grandpa repair the broken chair. Many hands make light work!
153,6,A2,,img_day153.png,Around the House,Around the House,furniture · cupboard · drawer · curtain · carpet · ceiling · balcony,Their new furniture arrived this morning. Mum put the plates inside the cupboard. Ben keeps his socks in the top drawer.,"Illustrate this short story as ONE single scene for a children's English book. Story: ""Their new furniture arrived this morning. Mum put the plates inside the cupboard. Ben keeps his socks in the top drawer. A blue curtain hangs beside the window. There is a soft carpet under the table. A small lamp hangs from the ceiling. From the balcony you can see the whole street."" Show the main characters and the objects named. Original characters, not based on any existing franchise or known cartoon. children's storybook illustration, soft warm colors, friendly rounded shapes, gentle lighting, flat vector style with light texture, wide 16:9 scene, no text, no letters, no words, no watermark",Their new furniture arrived this morning. Mum put the plates inside the cupboard. Ben keeps his socks in the top drawer. A blue curtain hangs beside the window. There is a soft carpet under the table. A small lamp hangs from the ceiling. From the balcony you can see the whole street.
154,6,A2,,img_day154.png,Our Neighbourhood,Our Neighbourhood,neighbourhood · apartment · rent · landlord · corridor · lift · resident,Ben lives in a friendly neighbourhood. His family rents an apartment on the fifth floor. Their landlord is a kind old man.,"Illustrate this short story as ONE single scene for a children's English book. Story: ""Ben lives in a friendly neighbourhood. His family rents an apartment on the fifth floor. They pay the rent on the first day of each month. Their landlord is a kind old man. The corridor outside is always clean. They take the lift up and down. Every resident keeps the noise down after nine."" Show the main characters and the objects named. Original characters, not based on any existing franchise or known cartoon. children's storybook illustration, soft warm colors, friendly rounded shapes, gentle lighting, flat vector style with light texture, wide 16:9 scene, no text, no letters, no words, no watermark",Ben lives in a friendly neighbourhood. His family rents an apartment on the fifth floor. They pay the rent on the first day of each month. Their landlord is a kind old man. The corridor outside is always clean. They take the lift up and down. Every resident keeps the noise down after nine.
155,6,A2,,img_day155.png,My Collection,My Collection,collection · model · chess · sketch · pottery · knit · sew,Ben has a big collection of stamps. Leo builds a small model car every month. On rainy days they play chess together.,"Illustrate this short story as ONE single scene for a children's English book. Story: ""Ben has a big collection of stamps. Leo builds a small model car every month. On rainy days they play chess together. Mimi likes to sketch faces in her notebook. Grandma teaches pottery at the centre. She can also knit warm scarves. Mum will sew a new bag for school."" Show the main characters and the objects named. Original characters, not based on any existing franchise or known cartoon. children's storybook illustration, soft warm colors, friendly rounded shapes, gentle lighting, flat vector style with light texture, wide 16:9 scene, no text, no letters, no words, no watermark",Ben has a big collection of stamps. Leo builds a small model car every month. On rainy days they play chess together. Mimi likes to sketch faces in her notebook. Grandma teaches pottery at the centre. She can also knit warm scarves. Mum will sew a new bag for school.
156,6,A2,,img_day156.png,Making Music,Making Music,melody · rhythm · perform · stage · audience · rehearse · costume,The school band practised a soft melody. Ben keeps the rhythm on the drum. Next Friday they will perform for the whole school.,"Illustrate this short story as ONE single scene for a children's English book. Story: ""The school band practised a soft melody. Ben keeps the rhythm on the drum. Next Friday they will perform for the whole school. Mimi felt shy when she stood on the stage. Do not look at the audience, said Leo. They rehearse every afternoon. Mum is making a bright costume for Mimi."" Show the main characters and the objects named. Original characters, not based on any existing franchise or known cartoon. children's storybook illustration, soft warm colors, friendly rounded shapes, gentle lighting, flat vector style with light texture, wide 16:9 scene, no text, no letters, no words, no watermark","The school band practised a soft melody. Ben keeps the rhythm on the drum. Next Friday they will perform for the whole school. Mimi felt shy when she stood on the stage. Do not look at the audience, said Leo. They rehearse every afternoon. Mum is making a bright costume for Mimi."
157,6,A2,ทบทวน,img_day157.png,Week 23 Friends Review!,Week 25 Friends Review!,relative · cousin · aunt · uncle · grandparent · twin · nephew · household · chore · sweep · dust · laundry · iron · repair · furniture · cupboard · drawer · curtain · carpet · ceiling · balcony · neighbourhood · apartment · rent · landlord · corridor · lift · resident · collection · model · chess · sketch · pottery · knit · sew · melody · rhythm · perform · stage · audience · rehearse · costume,,"Illustrate a cheerful review-day celebration for a children's English book: two original child-friendly characters cheering together among floating stars, balloons and simple everyday objects. Theme: Week 25 Friends Review!. children's storybook illustration, soft warm colors, friendly rounded shapes, gentle lighting, flat vector style with light texture, wide 16:9 scene, no text, no letters, no words, no watermark",
158,6,A2,,img_day158.png,Theatre Club,Theatre Club,theatre · script · character · scene · director · applause · anxious,The school theatre was full of people. Mimi read her script one more time. Her character was a brave village girl.,"Illustrate this short story as ONE single scene for a children's English book. Story: ""The school theatre was full of people. Mimi read her script one more time. Her character was a brave village girl. The first scene took place in a forest. Our director counted down from five. Mimi felt anxious before she walked out. At the end the applause was very loud!"" Show the main characters and the objects named. Original characters, not based on any existing franchise or known cartoon. children's storybook illustration, soft warm colors, friendly rounded shapes, gentle lighting, flat vector style with light texture, wide 16:9 scene, no text, no letters, no words, no watermark",The school theatre was full of people. Mimi read her script one more time. Her character was a brave village girl. The first scene took place in a forest. Our director counted down from five. Mimi felt anxious before she walked out. At the end the applause was very loud!
159,6,A2,,img_day159.png,On Television,On Television,channel · programme · broadcast · interview · advert · remote · viewer,"Dad changed the channel with the remote. A famous chef gave a short interview. I used to watch cartoons every morning, said Leo.","Illustrate this short story as ONE single scene for a children's English book. Story: ""Dad changed the channel with the remote. This programme is my favourite, said Ben. It is broadcast live every Saturday. A famous chef gave a short interview. Then a long advert began. I used to watch cartoons every morning, said Leo. Every viewer at home learned something new."" Show the main characters and the objects named. Original characters, not based on any existing franchise or known cartoon. children's storybook illustration, soft warm colors, friendly rounded shapes, gentle lighting, flat vector style with light texture, wide 16:9 scene, no text, no letters, no words, no watermark","Dad changed the channel with the remote. This programme is my favourite, said Ben. It is broadcast live every Saturday. A famous chef gave a short interview. Then a long advert began. I used to watch cartoons every morning, said Leo. Every viewer at home learned something new."
160,6,A2,,img_day160.png,Reading the News,Reading the News,headline · article · journalist · report · source · rumour · verify,"Leo read the big headline on the front page. The article was written by a young journalist. Always check the source, said the teacher.","Illustrate this short story as ONE single scene for a children's English book. Story: ""Leo read the big headline on the front page. The article was written by a young journalist. She wrote a careful report about the flood. Always check the source, said the teacher. A rumour spreads faster than the truth. We must verify a story before we share it. Good readers ask questions."" Show the main characters and the objects named. Original characters, not based on any existing franchise or known cartoon. children's storybook illustration, soft warm colors, friendly rounded shapes, gentle lighting, flat vector style with light texture, wide 16:9 scene, no text, no letters, no words, no watermark","Leo read the big headline on the front page. The article was written by a young journalist. She wrote a careful report about the flood. Always check the source, said the teacher. A rumour spreads faster than the truth. We must verify a story before we share it. Good readers ask questions."
161,6,A2,,img_day161.png,Send a Message,Send a Message,message · reply · attach · delete · download · upload · notification,"Mimi sent a short message to her cousin. Ben knows how to attach a photo. Please delete the old files, said Dad.","Illustrate this short story as ONE single scene for a children's English book. Story: ""Mimi sent a short message to her cousin. She waited for a reply all evening. Ben knows how to attach a photo. Please delete the old files, said Dad. Leo will download the homework sheet. Then he will upload his finished work. A small notification appeared on the screen."" Show the main characters and the objects named. Original characters, not based on any existing franchise or known cartoon. children's storybook illustration, soft warm colors, friendly rounded shapes, gentle lighting, flat vector style with light texture, wide 16:9 scene, no text, no letters, no words, no watermark","Mimi sent a short message to her cousin. She waited for a reply all evening. Ben knows how to attach a photo. Please delete the old files, said Dad. Leo will download the homework sheet. Then he will upload his finished work. A small notification appeared on the screen."
162,6,A2,,img_day162.png,Being Safe Online,Being Safe Online,profile · privacy · username · stranger · restrict · alert · secure,"Keep your profile private, said the teacher. Privacy is very important online. Choose a username that is not your real name.","Illustrate this short story as ONE single scene for a children's English book. Story: ""Keep your profile private, said the teacher. Privacy is very important online. Choose a username that is not your real name. Never talk to a stranger on the internet. If someone is rude, restrict that person. Then alert an adult you trust. A strong password keeps your account secure."" Show the main characters and the objects named. Original characters, not based on any existing franchise or known cartoon. children's storybook illustration, soft warm colors, friendly rounded shapes, gentle lighting, flat vector style with light texture, wide 16:9 scene, no text, no letters, no words, no watermark","Keep your profile private, said the teacher. Privacy is very important online. Choose a username that is not your real name. Never talk to a stranger on the internet. If someone is rude, restrict that person. Then alert an adult you trust. A strong password keeps your account secure."
163,6,A2,,img_day163.png,Screen Balance,Screen Balance,limit · device · outdoor · restless · creative · offline · mindful,Mum set a daily limit for every device. Too much screen time is not healthy. Go and play an outdoor game instead!,"Illustrate this short story as ONE single scene for a children's English book. Story: ""Mum set a daily limit for every device. Too much screen time is not healthy. Go and play an outdoor game instead! At first Ben felt restless. Then he became more creative with his drawings. One offline hour every evening is our rule. Be mindful of how you spend your time."" Show the main characters and the objects named. Original characters, not based on any existing franchise or known cartoon. children's storybook illustration, soft warm colors, friendly rounded shapes, gentle lighting, flat vector style with light texture, wide 16:9 scene, no text, no letters, no words, no watermark",Mum set a daily limit for every device. Too much screen time is not healthy. Go and play an outdoor game instead! At first Ben felt restless. Then he became more creative with his drawings. One offline hour every evening is our rule. Be mindful of how you spend your time.
164,6,A2,ทบทวน,img_day164.png,Week 24 Friends Review!,Week 26 Friends Review!,theatre · script · character · scene · director · applause · anxious · channel · programme · broadcast · interview · advert · remote · viewer · headline · article · journalist · report · source · rumour · verify · message · reply · attach · delete · download · upload · notification · profile · privacy · username · stranger · restrict · alert · secure · limit · device · outdoor · restless · creative · offline · mindful,,"Illustrate a cheerful review-day celebration for a children's English book: two original child-friendly characters cheering together among floating stars, balloons and simple everyday objects. Theme: Week 26 Friends Review!. children's storybook illustration, soft warm colors, friendly rounded shapes, gentle lighting, flat vector style with light texture, wide 16:9 scene, no text, no letters, no words, no watermark",
165,6,A2,,img_day165.png,Be Honest,Be Honest,honesty · truth · admit · excuse · cheat · conscience · genuine,Honesty is worth more than gold. Ben always tells the truth even when it is hard. Yesterday he broke a cup and went to admit it.,"Illustrate this short story as ONE single scene for a children's English book. Story: ""Honesty is worth more than gold. Ben always tells the truth even when it is hard. Yesterday he broke a cup and went to admit it. He did not make an excuse. Never cheat in a test, said the teacher. Your conscience will feel heavy. A genuine apology fixes almost everything."" Show the main characters and the objects named. Original characters, not based on any existing franchise or known cartoon. children's storybook illustration, soft warm colors, friendly rounded shapes, gentle lighting, flat vector style with light texture, wide 16:9 scene, no text, no letters, no words, no watermark","Honesty is worth more than gold. Ben always tells the truth even when it is hard. Yesterday he broke a cup and went to admit it. He did not make an excuse. Never cheat in a test, said the teacher. Your conscience will feel heavy. A genuine apology fixes almost everything."
166,6,A2,,img_day166.png,Be Brave,Be Brave,courage · fearful · attempt · overcome · bold · shield · hero,"Courage does not mean you are never fearful. Mimi felt fearful near deep water. Although she was scared, she made one attempt.","Illustrate this short story as ONE single scene for a children's English book. Story: ""Courage does not mean you are never fearful. Mimi felt fearful near deep water. Although she was scared, she made one attempt. Slowly she began to overcome her fear. A bold heart grows a little every day. Real courage is to shield someone weaker. You do not need a cape to be a hero."" Show the main characters and the objects named. Original characters, not based on any existing franchise or known cartoon. children's storybook illustration, soft warm colors, friendly rounded shapes, gentle lighting, flat vector style with light texture, wide 16:9 scene, no text, no letters, no words, no watermark","Courage does not mean you are never fearful. Mimi felt fearful near deep water. Although she was scared, she made one attempt. Slowly she began to overcome her fear. A bold heart grows a little every day. Real courage is to shield someone weaker. You do not need a cape to be a hero."
167,6,A2,,img_day167.png,Be Fair,Be Fair,fairness · equal · rotation · unfair · agree · settle · referee,"Fairness makes every game more fun. Each player must get an equal chance. Follow the rotation, said Leo.","Illustrate this short story as ONE single scene for a children's English book. Story: ""Fairness makes every game more fun. Each player must get an equal chance. Follow the rotation, said Leo. It is unfair to jump the line. The two boys did not agree at first. Then they asked the referee together. That helped them settle the problem in one minute."" Show the main characters and the objects named. Original characters, not based on any existing franchise or known cartoon. children's storybook illustration, soft warm colors, friendly rounded shapes, gentle lighting, flat vector style with light texture, wide 16:9 scene, no text, no letters, no words, no watermark","Fairness makes every game more fun. Each player must get an equal chance. Follow the rotation, said Leo. It is unfair to jump the line. The two boys did not agree at first. Then they asked the referee together. That helped them settle the problem in one minute."
168,6,A2,,img_day168.png,Be Grateful,Be Grateful,gratitude · appreciate · blessing · modest · credit · lowly · recall,Gratitude turns what we have into enough. Mimi wrote three things she appreciate each night. A warm home is a big blessing.,"Illustrate this short story as ONE single scene for a children's English book. Story: ""Gratitude turns what we have into enough. Mimi wrote three things she appreciate each night. A warm home is a big blessing. Grandma stayed modest about her cooking prize. She likes to give credit to others instead. A lowly heart listens more than it speaks. Always recall who helped you."" Show the main characters and the objects named. Original characters, not based on any existing franchise or known cartoon. children's storybook illustration, soft warm colors, friendly rounded shapes, gentle lighting, flat vector style with light texture, wide 16:9 scene, no text, no letters, no words, no watermark",Gratitude turns what we have into enough. Mimi wrote three things she appreciate each night. A warm home is a big blessing. Grandma stayed modest about her cooking prize. She likes to give credit to others instead. A lowly heart listens more than it speaks. Always recall who helped you.
169,6,A2,,img_day169.png,Helping Hands,Helping Hands,responsible · duty · offer · assist · elderly · deliver · deed,Every child can be responsible at home. On the bus Leo will offer his seat. Shall I assist you?,"Illustrate this short story as ONE single scene for a children's English book. Story: ""Every child can be responsible at home. It is my duty to feed the cat, said Ben. On the bus Leo will offer his seat. Shall I assist you? he asked an elderly man. Mimi helped deliver two heavy bags. One small deed can change a whole day."" Show the main characters and the objects named. Original characters, not based on any existing franchise or known cartoon. children's storybook illustration, soft warm colors, friendly rounded shapes, gentle lighting, flat vector style with light texture, wide 16:9 scene, no text, no letters, no words, no watermark","Every child can be responsible at home. It is my duty to feed the cat, said Ben. On the bus Leo will offer his seat. Shall I assist you? he asked an elderly man. Mimi helped deliver two heavy bags. One small deed can change a whole day."
170,6,A2,,img_day170.png,Team Spirit,Team Spirit,teamwork · captain · motivate · cooperate · victory · defeat · spirit,Teamwork wins more games than talent. Leo is the captain of the small football team. Let us cooperate!,"Illustrate this short story as ONE single scene for a children's English book. Story: ""Teamwork wins more games than talent. Leo is the captain of the small football team. He tries to motivate every player. Let us cooperate! he shouted. Their victory was very close. Last week they learned from a defeat too. Good spirit matters more than the score."" Show the main characters and the objects named. Original characters, not based on any existing franchise or known cartoon. children's storybook illustration, soft warm colors, friendly rounded shapes, gentle lighting, flat vector style with light texture, wide 16:9 scene, no text, no letters, no words, no watermark",Teamwork wins more games than talent. Leo is the captain of the small football team. He tries to motivate every player. Let us cooperate! he shouted. Their victory was very close. Last week they learned from a defeat too. Good spirit matters more than the score.
171,6,A2,ทบทวน,img_day171.png,Week 25 Friends Review!,Week 27 Friends Review!,honesty · truth · admit · excuse · cheat · conscience · genuine · courage · fearful · attempt · overcome · bold · shield · hero · fairness · equal · rotation · unfair · agree · settle · referee · gratitude · appreciate · blessing · modest · credit · lowly · recall · responsible · duty · offer · assist · elderly · deliver · deed · teamwork · captain · motivate · cooperate · victory · defeat · spirit,,"Illustrate a cheerful review-day celebration for a children's English book: two original child-friendly characters cheering together among floating stars, balloons and simple everyday objects. Theme: Week 27 Friends Review!. children's storybook illustration, soft warm colors, friendly rounded shapes, gentle lighting, flat vector style with light texture, wide 16:9 scene, no text, no letters, no words, no watermark",
172,6,A2,,img_day172.png,Our Country,Our Country,nation · capital · citizen · border · province · heritage · anthem,Thailand is a warm and friendly nation. Bangkok is the capital city. Every citizen learns the national anthem at school.,"Illustrate this short story as ONE single scene for a children's English book. Story: ""Thailand is a warm and friendly nation. Bangkok is the capital city. Every citizen learns the national anthem at school. The border in the north touches another country. Ben lives in a small province near the sea. Our heritage belongs to everyone, said the teacher. Each place has its own story."" Show the main characters and the objects named. Original characters, not based on any existing franchise or known cartoon. children's storybook illustration, soft warm colors, friendly rounded shapes, gentle lighting, flat vector style with light texture, wide 16:9 scene, no text, no letters, no words, no watermark","Thailand is a warm and friendly nation. Bangkok is the capital city. Every citizen learns the national anthem at school. The border in the north touches another country. Ben lives in a small province near the sea. Our heritage belongs to everyone, said the teacher. Each place has its own story."
173,6,A2,,img_day173.png,Places and Regions,Places and Regions,region · northern · southern · tropical · climate · plain · vast,Our country has four main region. The northern hills are cool in winter. The southern islands are famous for beaches.,"Illustrate this short story as ONE single scene for a children's English book. Story: ""Our country has four main region. The northern hills are cool in winter. The southern islands are famous for beaches. Thailand has a tropical climate all year. Rice grows well on the wide plain. The sea looks vast from the shore. Every region has different food!"" Show the main characters and the objects named. Original characters, not based on any existing franchise or known cartoon. children's storybook illustration, soft warm colors, friendly rounded shapes, gentle lighting, flat vector style with light texture, wide 16:9 scene, no text, no letters, no words, no watermark",Our country has four main region. The northern hills are cool in winter. The southern islands are famous for beaches. Thailand has a tropical climate all year. Rice grows well on the wide plain. The sea looks vast from the shore. Every region has different food!
174,6,A2,,img_day174.png,Animals in Danger,Animals in Danger,species · endangered · habitat · hunt · rescue · reserve · survive,Many species are in trouble today. The wild elephant is an endangered animal. Its habitat is getting smaller every year.,"Illustrate this short story as ONE single scene for a children's English book. Story: ""Many species are in trouble today. The wild elephant is an endangered animal. Its habitat is getting smaller every year. People must not hunt them for money. A special team works to rescue hurt animals. They live safely in a big reserve. Together we can help them survive."" Show the main characters and the objects named. Original characters, not based on any existing franchise or known cartoon. children's storybook illustration, soft warm colors, friendly rounded shapes, gentle lighting, flat vector style with light texture, wide 16:9 scene, no text, no letters, no words, no watermark",Many species are in trouble today. The wild elephant is an endangered animal. Its habitat is getting smaller every year. People must not hunt them for money. A special team works to rescue hurt animals. They live safely in a big reserve. Together we can help them survive.
175,6,A2,,img_day175.png,A Home for Every Pet,A Home for Every Pet,adopt · shelter · paw · fur · stray · vet · devoted,The family decided to adopt a dog. A brown puppy put one paw on Ben's hand. Its fur was very soft.,"Illustrate this short story as ONE single scene for a children's English book. Story: ""The family decided to adopt a dog. They went to the animal shelter on Sunday. A brown puppy put one paw on Ben's hand. Its fur was very soft. He used to be a stray on the street. The vet checked him carefully. A rescued dog is the most devoted friend."" Show the main characters and the objects named. Original characters, not based on any existing franchise or known cartoon. children's storybook illustration, soft warm colors, friendly rounded shapes, gentle lighting, flat vector style with light texture, wide 16:9 scene, no text, no letters, no words, no watermark",The family decided to adopt a dog. They went to the animal shelter on Sunday. A brown puppy put one paw on Ben's hand. Its fur was very soft. He used to be a stray on the street. The vet checked him carefully. A rescued dog is the most devoted friend.
176,6,A2,,img_day176.png,Peace and Kindness,Peace and Kindness,peace · conflict · solve · unite · embrace · difference · calmly,"Peace begins in a small classroom. When a conflict starts, do not shout. Talk calmly and try to solve it.","Illustrate this short story as ONE single scene for a children's English book. Story: ""Peace begins in a small classroom. When a conflict starts, do not shout. Talk calmly and try to solve it. Words can unite people faster than anger. We must embrace every difference. Some children speak another language at home. That difference makes our class richer."" Show the main characters and the objects named. Original characters, not based on any existing franchise or known cartoon. children's storybook illustration, soft warm colors, friendly rounded shapes, gentle lighting, flat vector style with light texture, wide 16:9 scene, no text, no letters, no words, no watermark","Peace begins in a small classroom. When a conflict starts, do not shout. Talk calmly and try to solve it. Words can unite people faster than anger. We must embrace every difference. Some children speak another language at home. That difference makes our class richer."
177,6,A2,,img_day177.png,One World,One World,global · connect · swap · worldwide · citizenship · generation · together,The internet can connect a child in Thailand with a child in Peru. Global problems need global answers. Students swap ideas in an online club.,"Illustrate this short story as ONE single scene for a children's English book. Story: ""The internet can connect a child in Thailand with a child in Peru. Global problems need global answers. Students swap ideas in an online club. Clean air is a worldwide need. Good citizenship starts with small daily choices. The world belongs to your generation. We are stronger together!"" Show the main characters and the objects named. Original characters, not based on any existing franchise or known cartoon. children's storybook illustration, soft warm colors, friendly rounded shapes, gentle lighting, flat vector style with light texture, wide 16:9 scene, no text, no letters, no words, no watermark",The internet can connect a child in Thailand with a child in Peru. Global problems need global answers. Students swap ideas in an online club. Clean air is a worldwide need. Good citizenship starts with small daily choices. The world belongs to your generation. We are stronger together!
178,6,A2,ทบทวน,img_day178.png,Week 26 Friends Review!,Week 28 Friends Review!,nation · capital · citizen · border · province · heritage · anthem · region · northern · southern · tropical · climate · plain · vast · species · endangered · habitat · hunt · rescue · reserve · survive · adopt · shelter · paw · fur · stray · vet · devoted · peace · conflict · solve · unite · embrace · difference · calmly · global · connect · swap · worldwide · citizenship · generation · together,,"Illustrate a cheerful review-day celebration for a children's English book: two original child-friendly characters cheering together among floating stars, balloons and simple everyday objects. Theme: Week 28 Friends Review!. children's storybook illustration, soft warm colors, friendly rounded shapes, gentle lighting, flat vector style with light texture, wide 16:9 scene, no text, no letters, no words, no watermark",
179,6,A2,,img_day179.png,Look How Far,Look How Far,graduate · certificate · mentor · inspire · potential · achievement · onward,Today the A2 students graduate together. Each child received a colourful certificate. Our teacher was a patient mentor all year.,"Illustrate this short story as ONE single scene for a children's English book. Story: ""Today the A2 students graduate together. Each child received a colourful certificate. Our teacher was a patient mentor all year. Her words inspire us every day. You have so much potential, she said. Look at this achievement: nine hundred words! Onward to the next level, everyone."" Show the main characters and the objects named. Original characters, not based on any existing franchise or known cartoon. children's storybook illustration, soft warm colors, friendly rounded shapes, gentle lighting, flat vector style with light texture, wide 16:9 scene, no text, no letters, no words, no watermark","Today the A2 students graduate together. Each child received a colourful certificate. Our teacher was a patient mentor all year. Her words inspire us every day. You have so much potential, she said. Look at this achievement: nine hundred words! Onward to the next level, everyone."
180,6,A2,,img_day180.png,Ready for B1,Ready for B1,beyond · intermediate · opinion · express · paragraph · fluency · expedition,A2 is finished but the road goes beyond. Level seven begins the intermediate stage. Soon you will give your own opinion in English.,"Illustrate this short story as ONE single scene for a children's English book. Story: ""A2 is finished but the road goes beyond. Level seven begins the intermediate stage. Soon you will give your own opinion in English. You will express ideas in a full paragraph. Fluency grows a little every single day. Keep listening, keep speaking. Your expedition goes on!"" Show the main characters and the objects named. Original characters, not based on any existing franchise or known cartoon. children's storybook illustration, soft warm colors, friendly rounded shapes, gentle lighting, flat vector style with light texture, wide 16:9 scene, no text, no letters, no words, no watermark","A2 is finished but the road goes beyond. Level seven begins the intermediate stage. Soon you will give your own opinion in English. You will express ideas in a full paragraph. Fluency grows a little every single day. Keep listening, keep speaking. Your expedition goes on!"
181,7,B1,,img_day181.png,What Do You Think?,What Do You Think?,debate · viewpoint · disagree · persuade · claim · reasonable · perspective · respectful,"Every Friday the class holds a short debate. In my opinion, homework should be shorter, said Ben. Mimi had a different viewpoint and explained her reasons calmly.","Illustrate one clear, concrete scene that explains ""What Do You Think?"" to a child, for a children's English book. Show real objects and people doing the action — not symbols or abstract shapes. Key ideas to show: debate, viewpoint, disagree, persuade, claim, reasonable, perspective, respectful. children's storybook illustration, soft warm colors, friendly rounded shapes, gentle lighting, flat vector style with light texture, wide 16:9 scene, no text, no letters, no words, no watermark","Every Friday the class holds a short debate. In my opinion, homework should be shorter, said Ben. Mimi had a different viewpoint and explained her reasons calmly. It is fine to disagree as long as you stay respectful. Leo tried to persuade the group with two clear examples. Do not claim something unless you can support it. A reasonable argument listens to the other perspective too."
182,7,B1,,img_day182.png,Good Reasons,Good Reasons,evidence · logic · assume · justify · obvious · doubtful · conclude · clarify,"A strong opinion needs evidence, not only feelings. Ben used simple logic to explain his idea. Do not assume that everyone agrees with you.","Illustrate one clear, concrete scene that explains ""Good Reasons"" to a child, for a children's English book. Show real objects and people doing the action — not symbols or abstract shapes. Key ideas to show: evidence, logic, assume, justify, obvious, doubtful, conclude, clarify. children's storybook illustration, soft warm colors, friendly rounded shapes, gentle lighting, flat vector style with light texture, wide 16:9 scene, no text, no letters, no words, no watermark","A strong opinion needs evidence, not only feelings. Ben used simple logic to explain his idea. Do not assume that everyone agrees with you. You must justify each point with a real example. Some answers look obvious but are actually doubtful. The teacher asked Mimi to clarify her second reason. As a result the class could finally conclude the discussion."
183,7,B1,,img_day183.png,Making Choices,Making Choices,alternative · consider · consequence · outcome · likely · unlikely · compromise · decision,The club had to choose between two trips. Leo asked the group to consider every alternative. Each choice may bring a different consequence.,"Illustrate one clear, concrete scene that explains ""Making Choices"" to a child, for a children's English book. Show real objects and people doing the action — not symbols or abstract shapes. Key ideas to show: alternative, consider, consequence, outcome, likely, unlikely, compromise, decision. children's storybook illustration, soft warm colors, friendly rounded shapes, gentle lighting, flat vector style with light texture, wide 16:9 scene, no text, no letters, no words, no watermark","The club had to choose between two trips. Leo asked the group to consider every alternative. Each choice may bring a different consequence. A rainy day is likely in July, said Mimi. It is unlikely that everyone will be happy. In the end they found a fair compromise. A good decision thinks about the outcome before it acts."
184,7,B1,,img_day184.png,Science Club,Science Club,experiment · hypothesis · observe · measure · data · laboratory · microscope · record,The science club met in the school laboratory. First they wrote a simple hypothesis on the board. Ben had to observe the colour change carefully.,"Illustrate one clear, concrete scene that explains ""Science Club"" to a child, for a children's English book. Show real objects and people doing the action — not symbols or abstract shapes. Key ideas to show: experiment, hypothesis, observe, measure, data, laboratory, microscope, record. children's storybook illustration, soft warm colors, friendly rounded shapes, gentle lighting, flat vector style with light texture, wide 16:9 scene, no text, no letters, no words, no watermark",The science club met in the school laboratory. First they wrote a simple hypothesis on the board. Then they began the experiment with two glasses of water. Ben had to observe the colour change carefully. Mimi used a ruler to measure each result. All the data was recorded in a table. Under the microscope the leaf looked like a green city!
185,7,B1,,img_day185.png,How Things Work,How Things Work,invention · engineer · circuit · electricity · battery · solar · renewable · function,The greatest invention often starts as a simple idea. An engineer who visited the school showed us a small circuit. Electricity travels through the wire in a loop.,"Illustrate one clear, concrete scene that explains ""How Things Work"" to a child, for a children's English book. Show real objects and people doing the action — not symbols or abstract shapes. Key ideas to show: invention, engineer, circuit, electricity, battery, solar, renewable, function. children's storybook illustration, soft warm colors, friendly rounded shapes, gentle lighting, flat vector style with light texture, wide 16:9 scene, no text, no letters, no words, no watermark",The greatest invention often starts as a simple idea. An engineer who visited the school showed us a small circuit. Electricity travels through the wire in a loop. This little battery can power a lamp for six hours. A solar panel uses renewable energy from the sun. Do you know how a fan function inside? Machines are easier to understand than they look.
186,7,B1,,img_day186.png,Space and Beyond,Space and Beyond,orbit · satellite · gravity · telescope · galaxy · astronaut · mission · universe,A satellite travels in orbit around our planet. Gravity keeps the moon close to the Earth. Through a telescope you can see another galaxy.,"Illustrate one clear, concrete scene that explains ""Space and Beyond"" to a child, for a children's English book. Show real objects and people doing the action — not symbols or abstract shapes. Key ideas to show: orbit, satellite, gravity, telescope, galaxy, astronaut, mission, universe. children's storybook illustration, soft warm colors, friendly rounded shapes, gentle lighting, flat vector style with light texture, wide 16:9 scene, no text, no letters, no words, no watermark",A satellite travels in orbit around our planet. Gravity keeps the moon close to the Earth. Through a telescope you can see another galaxy. Humans have studied space for hundreds of years. An astronaut must train for a long time before a mission. Would you like to travel across the universe one day? The universe is bigger than any story.
187,7,B1,ทบทวน,img_day187.png,Week 27 Friends Review!,Week 29 Friends Review!,debate · viewpoint · disagree · persuade · claim · reasonable · perspective · respectful · evidence · logic · assume · justify · obvious · doubtful · conclude · clarify · alternative · consider · consequence · outcome · likely · unlikely · compromise · decision · experiment · hypothesis · observe · measure · data · laboratory · microscope · record · invention · engineer · circuit · electricity · battery · solar · renewable · function · orbit · satellite · gravity · telescope · galaxy · astronaut · mission · universe,,"Illustrate a cheerful review-day celebration for a children's English book: two original child-friendly characters cheering together among floating stars, balloons and simple everyday objects. Theme: Week 29 Friends Review!. children's storybook illustration, soft warm colors, friendly rounded shapes, gentle lighting, flat vector style with light texture, wide 16:9 scene, no text, no letters, no words, no watermark",
188,7,B1,,img_day188.png,My Future Job,My Future Job,career · profession · salary · skill · qualification · apply · employer · ambition,"What career would you like in the future? Mimi hopes to enter the medical profession one day. A high salary is nice, but interesting work matters more.","Illustrate one clear, concrete scene that explains ""My Future Job"" to a child, for a children's English book. Show real objects and people doing the action — not symbols or abstract shapes. Key ideas to show: career, profession, salary, skill, qualification, apply, employer, ambition. children's storybook illustration, soft warm colors, friendly rounded shapes, gentle lighting, flat vector style with light texture, wide 16:9 scene, no text, no letters, no words, no watermark","What career would you like in the future? Mimi hopes to enter the medical profession one day. A high salary is nice, but interesting work matters more. Every job needs a special skill and the right qualification. When you apply, an employer will read your letter carefully. Ben has the ambition to build his own company. Start learning today and your future will thank you."
189,7,B1,,img_day189.png,At an Interview,At an Interview,appointment · punctual · impression · experience · strength · weakness · frankly · assurance,Ben arrived early for his appointment at the small office. Being punctual makes a very good impression. The manager asked about his experience with computers.,"Illustrate one clear, concrete scene that explains ""At an Interview"" to a child, for a children's English book. Show real objects and people doing the action — not symbols or abstract shapes. Key ideas to show: appointment, punctual, impression, experience, strength, weakness, frankly, assurance. children's storybook illustration, soft warm colors, friendly rounded shapes, gentle lighting, flat vector style with light texture, wide 16:9 scene, no text, no letters, no words, no watermark",Ben arrived early for his appointment at the small office. Being punctual makes a very good impression. The manager asked about his experience with computers. What is your greatest strength? she said. Ben also spoke frankly about one weakness. His assurance grew as the meeting went on. He said that he was ready to learn anything.
190,7,B1,,img_day190.png,Working Together,Working Together,colleague · manager · deadline · meeting · update · delegate · efficient · dependable,A good colleague makes hard work feel lighter. Their manager set a clear deadline for Friday. Every Monday the team has a short meeting.,"Illustrate one clear, concrete scene that explains ""Working Together"" to a child, for a children's English book. Show real objects and people doing the action — not symbols or abstract shapes. Key ideas to show: colleague, manager, deadline, meeting, update, delegate, efficient, dependable. children's storybook illustration, soft warm colors, friendly rounded shapes, gentle lighting, flat vector style with light texture, wide 16:9 scene, no text, no letters, no words, no watermark",A good colleague makes hard work feel lighter. Their manager set a clear deadline for Friday. Every Monday the team has a short meeting. Each person gives a quick update. A smart leader will delegate tasks fairly. An efficient team wastes less time and less energy. Everyone wants to work beside a dependable person.
191,7,B1,,img_day191.png,Our Planet Today,Our Planet Today,pollute · emission · resource · consume · shortage · sustainable · impact · urgent,Factories pollute the air in many big cities. Car emission has been rising for decades. We consume more resource than the Earth can replace.,"Illustrate one clear, concrete scene that explains ""Our Planet Today"" to a child, for a children's English book. Show real objects and people doing the action — not symbols or abstract shapes. Key ideas to show: pollute, emission, resource, consume, shortage, sustainable, impact, urgent. children's storybook illustration, soft warm colors, friendly rounded shapes, gentle lighting, flat vector style with light texture, wide 16:9 scene, no text, no letters, no words, no watermark",Factories pollute the air in many big cities. Car emission has been rising for decades. We consume more resource than the Earth can replace. A water shortage already affects several countries. A sustainable choice today protects tomorrow. Every small action has an impact. Scientists say the problem is urgent but not hopeless.
192,7,B1,,img_day192.png,Climate Change,Climate Change,carbon · drought · erosion · deforestation · threaten · extreme · adapt · predict,Too much carbon in the air leads to a warmer world. A long drought can destroy a whole harvest. Heavy rain results in soil erosion on bare hills.,"Illustrate one clear, concrete scene that explains ""Climate Change"" to a child, for a children's English book. Show real objects and people doing the action — not symbols or abstract shapes. Key ideas to show: carbon, drought, erosion, deforestation, threaten, extreme, adapt, predict. children's storybook illustration, soft warm colors, friendly rounded shapes, gentle lighting, flat vector style with light texture, wide 16:9 scene, no text, no letters, no words, no watermark",Too much carbon in the air leads to a warmer world. A long drought can destroy a whole harvest. Heavy rain results in soil erosion on bare hills. Deforestation removes the trees that hold the ground. Rising water threaten small islands everywhere. Extreme weather is becoming more common. Scientists predict that we must adapt quickly.
193,7,B1,,img_day193.png,Take Action,Take Action,campaign · awareness · reduce · petition · activist · influence · commit · lasting,The students started a campaign to save water. Their goal was to raise awareness in every classroom. Why not reduce plastic bottles first?,"Illustrate one clear, concrete scene that explains ""Take Action"" to a child, for a children's English book. Show real objects and people doing the action — not symbols or abstract shapes. Key ideas to show: campaign, awareness, reduce, petition, activist, influence, commit, lasting. children's storybook illustration, soft warm colors, friendly rounded shapes, gentle lighting, flat vector style with light texture, wide 16:9 scene, no text, no letters, no words, no watermark","The students started a campaign to save water. Their goal was to raise awareness in every classroom. Why not reduce plastic bottles first? asked Mimi. They wrote a petition and collected signatures. A young activist spoke at the school assembly. One clear voice can influence hundreds of people. If we commit today, the change will be lasting."
194,7,B1,ทบทวน,img_day194.png,Week 28 Friends Review!,Week 30 Friends Review!,career · profession · salary · skill · qualification · apply · employer · ambition · appointment · punctual · impression · experience · strength · weakness · frankly · assurance · colleague · manager · deadline · meeting · update · delegate · efficient · dependable · pollute · emission · resource · consume · shortage · sustainable · impact · urgent · carbon · drought · erosion · deforestation · threaten · extreme · adapt · predict · campaign · awareness · reduce · petition · activist · influence · commit · lasting,,"Illustrate a cheerful review-day celebration for a children's English book: two original child-friendly characters cheering together among floating stars, balloons and simple everyday objects. Theme: Week 30 Friends Review!. children's storybook illustration, soft warm colors, friendly rounded shapes, gentle lighting, flat vector style with light texture, wide 16:9 scene, no text, no letters, no words, no watermark",
195,7,B1,,img_day195.png,Inside a Novel,Inside a Novel,novel · author · chapter · plot · fiction · narrator · genre · summary,Mimi finished a long novel over the weekend. The author wrote it more than fifty years ago. Each chapter ended with a small surprise.,"Illustrate one clear, concrete scene that explains ""Inside a Novel"" to a child, for a children's English book. Show real objects and people doing the action — not symbols or abstract shapes. Key ideas to show: novel, author, chapter, plot, fiction, narrator, genre, summary. children's storybook illustration, soft warm colors, friendly rounded shapes, gentle lighting, flat vector style with light texture, wide 16:9 scene, no text, no letters, no words, no watermark","Mimi finished a long novel over the weekend. The author wrote it more than fifty years ago. Each chapter ended with a small surprise. While she was reading, the plot suddenly changed. This kind of fiction is her favourite genre. The narrator was a clever old cat! She wrote a short summary for the class."
196,7,B1,,img_day196.png,Words That Paint,Words That Paint,poetry · rhyme · metaphor · imagination · vivid · describe · emotion · original,Good poetry can paint a picture with only ten words. Ben learned that rhyme makes a line easier to remember. A metaphor says one thing is another: the city is a jungle.,"Illustrate one clear, concrete scene that explains ""Words That Paint"" to a child, for a children's English book. Show real objects and people doing the action — not symbols or abstract shapes. Key ideas to show: poetry, rhyme, metaphor, imagination, vivid, describe, emotion, original. children's storybook illustration, soft warm colors, friendly rounded shapes, gentle lighting, flat vector style with light texture, wide 16:9 scene, no text, no letters, no words, no watermark",Good poetry can paint a picture with only ten words. Ben learned that rhyme makes a line easier to remember. A metaphor says one thing is another: the city is a jungle. Imagination turns an ordinary street into a kingdom. Use vivid words to describe what you see. Poems carry emotion better than long explanations. Everyone can be original in their own way.
197,7,B1,,img_day197.png,Old Tales,Old Tales,legend · myth · ancestor · moral · wisdom · symbol · folklore · preserve,Grandma told an old legend about a golden fish. In this myth the river spirit granted three wishes. Our ancestor passed the story from mouth to mouth.,"Illustrate one clear, concrete scene that explains ""Old Tales"" to a child, for a children's English book. Show real objects and people doing the action — not symbols or abstract shapes. Key ideas to show: legend, myth, ancestor, moral, wisdom, symbol, folklore, preserve. children's storybook illustration, soft warm colors, friendly rounded shapes, gentle lighting, flat vector style with light texture, wide 16:9 scene, no text, no letters, no words, no watermark",Grandma told an old legend about a golden fish. In this myth the river spirit granted three wishes. Our ancestor passed the story from mouth to mouth. Every tale carries a quiet moral at the end. Old folklore still teaches us wisdom today. The fish is a symbol of patience and luck. We must preserve these stories for the next generation.
198,7,B1,,img_day198.png,Who Am I?,Who Am I?,identity · personality · introvert · extrovert · unique · assured · doubt · discovery,Your identity is more than your name. Personality is the way you meet the world. An introvert enjoys quiet time to recharge.,"Illustrate one clear, concrete scene that explains ""Who Am I?"" to a child, for a children's English book. Show real objects and people doing the action — not symbols or abstract shapes. Key ideas to show: identity, personality, introvert, extrovert, unique, assured, doubt, discovery. children's storybook illustration, soft warm colors, friendly rounded shapes, gentle lighting, flat vector style with light texture, wide 16:9 scene, no text, no letters, no words, no watermark","Your identity is more than your name. Personality is the way you meet the world. An introvert enjoys quiet time to recharge. An extrovert finds energy in a crowd. Neither one is better than the other. Every person is unique in some way. Do not doubt yourself all the time. Feel assured first, and knowing who you are becomes a happy discovery."
199,7,B1,,img_day199.png,Feelings Inside,Feelings Inside,empathy · anxiety · temper · reflect · confide · reassure · overwhelm · resilience,Empathy means feeling what another person feels. Before a test anxiety can overwhelm anyone. Ben learned to control his temper by counting to ten.,"Illustrate one clear, concrete scene that explains ""Feelings Inside"" to a child, for a children's English book. Show real objects and people doing the action — not symbols or abstract shapes. Key ideas to show: empathy, anxiety, temper, reflect, confide, reassure, overwhelm, resilience. children's storybook illustration, soft warm colors, friendly rounded shapes, gentle lighting, flat vector style with light texture, wide 16:9 scene, no text, no letters, no words, no watermark",Empathy means feeling what another person feels. Before a test anxiety can overwhelm anyone. Ben learned to control his temper by counting to ten. Take five minutes each evening to reflect. It helps to confide in someone instead of hiding it. A good friend will reassure you without judging. Resilience is built one habit at a time.
200,7,B1,,img_day200.png,Growing Up,Growing Up,maturity · independence · teenager · guardian · setback · privilege · boundary · gradually,Maturity is not about age but about choices. A teenager wants more independence every year. With freedom comes a clear boundary too.,"Illustrate one clear, concrete scene that explains ""Growing Up"" to a child, for a children's English book. Show real objects and people doing the action — not symbols or abstract shapes. Key ideas to show: maturity, independence, teenager, guardian, setback, privilege, boundary, gradually. children's storybook illustration, soft warm colors, friendly rounded shapes, gentle lighting, flat vector style with light texture, wide 16:9 scene, no text, no letters, no words, no watermark","Maturity is not about age but about choices. A teenager wants more independence every year. With freedom comes a clear boundary too. Talk to a guardian you trust when something feels wrong. Every setback teaches more than a perfect score. Extra time online is a privilege, not a right. We all grow gradually, one honest step at a time."
201,7,B1,ทบทวน,img_day201.png,Week 29 Friends Review!,Week 31 Friends Review!,novel · author · chapter · plot · fiction · narrator · genre · summary · poetry · rhyme · metaphor · imagination · vivid · describe · emotion · original · legend · myth · ancestor · moral · wisdom · symbol · folklore · preserve · identity · personality · introvert · extrovert · unique · assured · doubt · discovery · empathy · anxiety · temper · reflect · confide · reassure · overwhelm · resilience · maturity · independence · teenager · guardian · setback · privilege · boundary · gradually,,"Illustrate a cheerful review-day celebration for a children's English book: two original child-friendly characters cheering together among floating stars, balloons and simple everyday objects. Theme: Week 31 Friends Review!. children's storybook illustration, soft warm colors, friendly rounded shapes, gentle lighting, flat vector style with light texture, wide 16:9 scene, no text, no letters, no words, no watermark",
202,7,B1,,img_day202.png,The Digital World,The Digital World,digital · software · hardware · network · database · virtual · website · access,We live in a digital age that changes every year. Software is the set of instructions a computer follows. Hardware is the part you can actually touch.,"Illustrate one clear, concrete scene that explains ""The Digital World"" to a child, for a children's English book. Show real objects and people doing the action — not symbols or abstract shapes. Key ideas to show: digital, software, hardware, network, database, virtual, website, access. children's storybook illustration, soft warm colors, friendly rounded shapes, gentle lighting, flat vector style with light texture, wide 16:9 scene, no text, no letters, no words, no watermark",We live in a digital age that changes every year. Software is the set of instructions a computer follows. Hardware is the part you can actually touch. A network connects millions of machines together. A school database stores fewer records than a bank. Virtual classrooms let students join from far away. Anyone with a phone can now access a learning website.
203,7,B1,,img_day203.png,Learning to Code,Learning to Code,coding · algorithm · command · loop · debug · logical · output · sequence,"Coding is simply giving a machine clear instructions. An algorithm is a recipe written in a logical sequence. First you type a command, then the computer runs it.","Illustrate one clear, concrete scene that explains ""Learning to Code"" to a child, for a children's English book. Show real objects and people doing the action — not symbols or abstract shapes. Key ideas to show: coding, algorithm, command, loop, debug, logical, output, sequence. children's storybook illustration, soft warm colors, friendly rounded shapes, gentle lighting, flat vector style with light texture, wide 16:9 scene, no text, no letters, no words, no watermark","Coding is simply giving a machine clear instructions. An algorithm is a recipe written in a logical sequence. First you type a command, then the computer runs it. A loop repeats the same step many times. When something goes wrong you must debug the program. Check the output carefully after every change. Anyone patient enough can learn to code."
204,7,B1,,img_day204.png,Smart Machines,Smart Machines,artificial · automation · innovate · replace · collaborate · ethical · rely · opportunity,Artificial intelligence can already read and write. Automation will replace some simple jobs in factories. Machines collaborate with doctors instead of replacing them.,"Illustrate one clear, concrete scene that explains ""Smart Machines"" to a child, for a children's English book. Show real objects and people doing the action — not symbols or abstract shapes. Key ideas to show: artificial, automation, innovate, replace, collaborate, ethical, rely, opportunity. children's storybook illustration, soft warm colors, friendly rounded shapes, gentle lighting, flat vector style with light texture, wide 16:9 scene, no text, no letters, no words, no watermark",Artificial intelligence can already read and write. Automation will replace some simple jobs in factories. But new opportunity will appear at the same time. Machines collaborate with doctors instead of replacing them. Companies must innovate in an ethical way. We should not rely on technology for every decision. The future belongs to people who keep learning.
205,7,B1,,img_day205.png,Giving Back Again,Giving Back Again,contribute · fundraise · participant · organise · cause · impactful · generosity · selfless,The students decided to contribute their Saturday morning. Each participant walked five kilometres. Mimi helped organise the route and the water stations.,"Illustrate one clear, concrete scene that explains ""Giving Back Again"" to a child, for a children's English book. Show real objects and people doing the action — not symbols or abstract shapes. Key ideas to show: contribute, fundraise, participant, organise, cause, impactful, generosity, selfless. children's storybook illustration, soft warm colors, friendly rounded shapes, gentle lighting, flat vector style with light texture, wide 16:9 scene, no text, no letters, no words, no watermark",The students decided to contribute their Saturday morning. They wanted to fundraise for a village library. Each participant walked five kilometres. Mimi helped organise the route and the water stations. It is a cause that everyone believed in. A small group can be surprisingly impactful. Selfless work spreads generosity on both sides.
206,7,B1,,img_day206.png,Lead the Way,Lead the Way,leadership · initiative · motivating · modesty · accountable · vision · example · empower,Leadership is not about giving orders all day. Mimi showed initiative when nobody else volunteered. A good leader is quietly motivating.,"Illustrate one clear, concrete scene that explains ""Lead the Way"" to a child, for a children's English book. Show real objects and people doing the action — not symbols or abstract shapes. Key ideas to show: leadership, initiative, motivating, modesty, accountable, vision, example, empower. children's storybook illustration, soft warm colors, friendly rounded shapes, gentle lighting, flat vector style with light texture, wide 16:9 scene, no text, no letters, no words, no watermark","Leadership is not about giving orders all day. Mimi showed initiative when nobody else volunteered. A good leader is quietly motivating. Modesty means you listen before speaking. When a plan fails, be accountable instead of blaming others. Share your vision so that everyone understands the goal. Lead by example and empower the people around you."
207,7,B1,ทบทวน,img_day207.png,Week 30 Friends Review!,Week 32 Friends Review!,digital · software · hardware · network · database · virtual · website · access · coding · algorithm · command · loop · debug · logical · output · sequence · artificial · automation · innovate · replace · collaborate · ethical · rely · opportunity · contribute · fundraise · participant · organise · cause · impactful · generosity · selfless · leadership · initiative · motivating · modesty · accountable · vision · example · empower,,"Illustrate a cheerful review-day celebration for a children's English book: two original child-friendly characters cheering together among floating stars, balloons and simple everyday objects. Theme: Week 32 Friends Review!. children's storybook illustration, soft warm colors, friendly rounded shapes, gentle lighting, flat vector style with light texture, wide 16:9 scene, no text, no letters, no words, no watermark",
208,7,B1,,img_day208.png,One Thousand Words,One Thousand Words,accomplish · threshold · revise · steadily · capable · proficiency · pathway · onwards,Two hundred days ago you knew only a handful of words. You have now accomplish something real and lasting. Revise the old lists and you will see how far you came.,"Illustrate one clear, concrete scene that explains ""One Thousand Words"" to a child, for a children's English book. Show real objects and people doing the action — not symbols or abstract shapes. Key ideas to show: accomplish, threshold, revise, steadily, capable, proficiency, pathway, onwards. children's storybook illustration, soft warm colors, friendly rounded shapes, gentle lighting, flat vector style with light texture, wide 16:9 scene, no text, no letters, no words, no watermark","Two hundred days ago you knew only a handful of words. You have now accomplish something real and lasting. Revise the old lists and you will see how far you came. Progress arrives steadily, not suddenly. You are capable of far more than you think. Real proficiency grows from daily practice. You are standing on the threshold of B2. Look at your pathway for a moment, then keep moving onwards."
209,7,B1,,img_day209.png,Ready For More,Ready For More,advanced · complexity · nuance · idiom · argument · essay · persevere · mastery,At the advanced level English becomes more natural. You will meet more complexity in every lesson. Native speakers use nuance that a dictionary cannot explain.,"Illustrate one clear, concrete scene that explains ""Ready For More"" to a child, for a children's English book. Show real objects and people doing the action — not symbols or abstract shapes. Key ideas to show: advanced, complexity, nuance, idiom, argument, essay, persevere, mastery. children's storybook illustration, soft warm colors, friendly rounded shapes, gentle lighting, flat vector style with light texture, wide 16:9 scene, no text, no letters, no words, no watermark",At the advanced level English becomes more natural. You will meet more complexity in every lesson. Native speakers use nuance that a dictionary cannot explain. An idiom like break the ice has a hidden meaning. You will build a real argument and write your first essay. Those who persevere reach fluency. Keep going and mastery of the whole language opens up!
210,7,B1,,img_day210.png,The Next Chapter,The Next Chapter,consistent · breakthrough · momentum · determined · stamina · ultimate · proudly · renew,"Consistent practice beats a sudden burst of effort. Last month Ben had a real breakthrough with listening. Once you build momentum, learning feels lighter.","Illustrate one clear, concrete scene that explains ""The Next Chapter"" to a child, for a children's English book. Show real objects and people doing the action — not symbols or abstract shapes. Key ideas to show: consistent, breakthrough, momentum, determined, stamina, ultimate, proudly, renew. children's storybook illustration, soft warm colors, friendly rounded shapes, gentle lighting, flat vector style with light texture, wide 16:9 scene, no text, no letters, no words, no watermark","Consistent practice beats a sudden burst of effort. Last month Ben had a real breakthrough with listening. Once you build momentum, learning feels lighter. A determined learner keeps going on tired days. Language study needs stamina, like a long run. The ultimate goal is to think in English. Close this chapter proudly and renew your promise tomorrow."
211,8,B1,,img_day211.png,Long Ago,Long Ago,century · decade · era · empire · kingdom · dynasty · timeline · modern,In the fourteenth century this land was a powerful kingdom. An empire can last for many decade or fall in one year. Each era leaves something behind for us to find.,"Illustrate one clear, concrete scene that explains ""Long Ago"" to a child, for a children's English book. Show real objects and people doing the action — not symbols or abstract shapes. Key ideas to show: century, decade, era, empire, kingdom, dynasty, timeline, modern. children's storybook illustration, soft warm colors, friendly rounded shapes, gentle lighting, flat vector style with light texture, wide 16:9 scene, no text, no letters, no words, no watermark",In the fourteenth century this land was a powerful kingdom. An empire can last for many decade or fall in one year. Each era leaves something behind for us to find. One royal dynasty ruled for more than two hundred years. The class drew a long timeline on the wall. Modern life looks very different from that world. Yet many customs have survived until today.
212,8,B1,,img_day212.png,Digging the Past,Digging the Past,archaeology · artefact · excavate · ruins · civilisation · buried · fragile · reveal,Archaeology is the science of studying old things. Last year a team came to excavate a field near the river. Every artefact was carefully cleaned and numbered.,"Illustrate one clear, concrete scene that explains ""Digging the Past"" to a child, for a children's English book. Show real objects and people doing the action — not symbols or abstract shapes. Key ideas to show: archaeology, artefact, excavate, ruins, civilisation, buried, fragile, reveal. children's storybook illustration, soft warm colors, friendly rounded shapes, gentle lighting, flat vector style with light texture, wide 16:9 scene, no text, no letters, no words, no watermark",Archaeology is the science of studying old things. Last year a team came to excavate a field near the river. Every artefact was carefully cleaned and numbered. The ruins had been buried under two metres of soil. A fragile clay pot can break in one second. The find helped reveal how that civilisation ate and worked. History is a puzzle with missing pieces.
213,8,B1,,img_day213.png,Lessons from History,Lessons from History,conquer · revolution · monument · interpret · bias · narrative · repeat · gradual,Armies used to conquer land to gain power. A revolution changes a country very quickly. A stone monument reminds people what happened.,"Illustrate one clear, concrete scene that explains ""Lessons from History"" to a child, for a children's English book. Show real objects and people doing the action — not symbols or abstract shapes. Key ideas to show: conquer, revolution, monument, interpret, bias, narrative, repeat, gradual. children's storybook illustration, soft warm colors, friendly rounded shapes, gentle lighting, flat vector style with light texture, wide 16:9 scene, no text, no letters, no words, no watermark","Armies used to conquer land to gain power. A revolution changes a country very quickly. A stone monument reminds people what happened. Two historians may interpret the same letter differently. Every account carries some bias. If we ignore the old narrative, we repeat the same mistakes. Real change is gradual but it never stops completely."
214,8,B1,,img_day214.png,Festival Time,Festival Time,parade · lantern · offering · ritual · attire · procession · firework · assemble,Every November the whole town holds a parade. Children carry a paper lantern down the main road. Families assemble and place an offering at the small shrine.,"Illustrate one clear, concrete scene that explains ""Festival Time"" to a child, for a children's English book. Show real objects and people doing the action — not symbols or abstract shapes. Key ideas to show: parade, lantern, offering, ritual, attire, procession, firework, assemble. children's storybook illustration, soft warm colors, friendly rounded shapes, gentle lighting, flat vector style with light texture, wide 16:9 scene, no text, no letters, no words, no watermark",Every November the whole town holds a parade. Children carry a paper lantern down the main road. Families assemble and place an offering at the small shrine. This ritual is older than anyone can remember. Mimi wore bright traditional attire made by her aunt. A long procession moved slowly down the street. At midnight one firework lit the whole sky.
215,8,B1,,img_day215.png,Family Traditions,Family Traditions,ancestry · inherit · heirloom · gathering · devotion · storytelling · keepsake · meaningful,Our ancestry adds something new to the family story. Mimi will inherit her grandmother's silver ring. The soup heirloom recipe has never been written down.,"Illustrate one clear, concrete scene that explains ""Family Traditions"" to a child, for a children's English book. Show real objects and people doing the action — not symbols or abstract shapes. Key ideas to show: ancestry, inherit, heirloom, gathering, devotion, storytelling, keepsake, meaningful. children's storybook illustration, soft warm colors, friendly rounded shapes, gentle lighting, flat vector style with light texture, wide 16:9 scene, no text, no letters, no words, no watermark",Our ancestry adds something new to the family story. Mimi will inherit her grandmother's silver ring. The soup heirloom recipe has never been written down. Every April there is a big gathering at the old house. Devotion to family greets every older relative. Grandpa is famous for his long storytelling. A simple keepsake can be more meaningful than money.
216,8,B1,,img_day216.png,Sports Day,Sports Day,athlete · tournament · opponent · tactic · endurance · spectator · stadium · sportsmanship,Every athlete trained hard for the school tournament. Leo studied the tactic of his opponent. Long races need endurance more than speed.,"Illustrate one clear, concrete scene that explains ""Sports Day"" to a child, for a children's English book. Show real objects and people doing the action — not symbols or abstract shapes. Key ideas to show: athlete, tournament, opponent, tactic, endurance, spectator, stadium, sportsmanship. children's storybook illustration, soft warm colors, friendly rounded shapes, gentle lighting, flat vector style with light texture, wide 16:9 scene, no text, no letters, no words, no watermark",Every athlete trained hard for the school tournament. Leo studied the tactic of his opponent. Long races need endurance more than speed. The stadium was full of noisy spectator. Ben ran the fastest time we have ever seen. He shook hands after losing the final match. Good sportsmanship is remembered longer than a score.
217,8,B1,ทบทวน,img_day217.png,Week 31 Friends Review!,Week 33 Friends Review!,century · decade · era · empire · kingdom · dynasty · timeline · modern · archaeology · artefact · excavate · ruins · civilisation · buried · fragile · reveal · conquer · revolution · monument · interpret · bias · narrative · repeat · gradual · parade · lantern · offering · ritual · attire · procession · firework · assemble · ancestry · inherit · heirloom · gathering · devotion · storytelling · keepsake · meaningful · athlete · tournament · opponent · tactic · endurance · spectator · stadium · sportsmanship,,"Illustrate a cheerful review-day celebration for a children's English book: two original child-friendly characters cheering together among floating stars, balloons and simple everyday objects. Theme: Week 33 Friends Review!. children's storybook illustration, soft warm colors, friendly rounded shapes, gentle lighting, flat vector style with light texture, wide 16:9 scene, no text, no letters, no words, no watermark",
218,8,B1,,img_day218.png,Lights and Cameras,Lights and Cameras,blockbuster · producer · soundtrack · critic · rating · premiere · animation · overrated,The new blockbuster opened last Friday night. A famous producer spent three years on the film. Its soundtrack became popular before the premiere.,"Illustrate one clear, concrete scene that explains ""Lights and Cameras"" to a child, for a children's English book. Show real objects and people doing the action — not symbols or abstract shapes. Key ideas to show: blockbuster, producer, soundtrack, critic, rating, premiere, animation, overrated. children's storybook illustration, soft warm colors, friendly rounded shapes, gentle lighting, flat vector style with light texture, wide 16:9 scene, no text, no letters, no words, no watermark","The new blockbuster opened last Friday night. A famous producer spent three years on the film. Its soundtrack became popular before the premiere. One critic gave it a very low rating. Honestly, I think the story is overrated, said Ben. Mimi preferred the short animation before the main film. Everyone leaves the cinema with a different opinion."
219,8,B1,,img_day219.png,Behind the Scenes,Behind the Scenes,backstage · spotlight · crew · takes · editing · effect · makeup · exhausting,Backstage the work is far less glamorous than the spotlight. A film crew may have eighty people. One short scene can need twenty takes.,"Illustrate one clear, concrete scene that explains ""Behind the Scenes"" to a child, for a children's English book. Show real objects and people doing the action — not symbols or abstract shapes. Key ideas to show: backstage, spotlight, crew, takes, editing, effect, makeup, exhausting. children's storybook illustration, soft warm colors, friendly rounded shapes, gentle lighting, flat vector style with light texture, wide 16:9 scene, no text, no letters, no words, no watermark",Backstage the work is far less glamorous than the spotlight. A film crew may have eighty people. One short scene can need twenty takes. The editing team then works for many weeks. A single special effect may cost more than a house. Makeup can take three hours every morning. Filming is exhausting but the team loves it.
220,8,B1,,img_day220.png,Fame and Privacy,Fame and Privacy,celebrity · fame · autograph · paparazzi · pressure · gossip · boundaries · ordinary,A celebrity lives a very unusual life. On the one hand fame brings money and opportunity. On the other hand it removes almost every private moment.,"Illustrate one clear, concrete scene that explains ""Fame and Privacy"" to a child, for a children's English book. Show real objects and people doing the action — not symbols or abstract shapes. Key ideas to show: celebrity, fame, autograph, paparazzi, pressure, gossip, boundaries, ordinary. children's storybook illustration, soft warm colors, friendly rounded shapes, gentle lighting, flat vector style with light texture, wide 16:9 scene, no text, no letters, no words, no watermark","A celebrity lives a very unusual life. On the one hand fame brings money and opportunity. On the other hand it removes almost every private moment. Fans wait for hours to get one autograph. The paparazzi follow a star even to the supermarket. Constant pressure can hurt anyone's health, so clear boundaries matter. Gossip spreads in minutes online. Many famous people say they miss an ordinary day."
221,8,B1,,img_day221.png,What We Watch,What We Watch,series · episode · documentary · subscribe · binge · recommend · addictive · moderation,Their favourite series has forty episode in total. Leo tends to binge three at a time on Saturday. Mimi prefers a nature documentary instead.,"Illustrate one clear, concrete scene that explains ""What We Watch"" to a child, for a children's English book. Show real objects and people doing the action — not symbols or abstract shapes. Key ideas to show: series, episode, documentary, subscribe, binge, recommend, addictive, moderation. children's storybook illustration, soft warm colors, friendly rounded shapes, gentle lighting, flat vector style with light texture, wide 16:9 scene, no text, no letters, no words, no watermark",Their favourite series has forty episode in total. Leo tends to binge three at a time on Saturday. Mimi prefers a nature documentary instead. Dad decided to subscribe to only one service. Some shows are so addictive that hours disappear. Would you recommend it to a friend? Everything is fine in moderation.
222,8,B1,,img_day222.png,Money Matters,Money Matters,income · expense · invest · interest · debt · inflation · economy · budgeting,"Adults must balance income against every expense. If you invest early, small amounts grow over time. A bank pays interest on money you save.","Illustrate one clear, concrete scene that explains ""Money Matters"" to a child, for a children's English book. Show real objects and people doing the action — not symbols or abstract shapes. Key ideas to show: income, expense, invest, interest, debt, inflation, economy, budgeting. children's storybook illustration, soft warm colors, friendly rounded shapes, gentle lighting, flat vector style with light texture, wide 16:9 scene, no text, no letters, no words, no watermark","Adults must balance income against every expense. If you invest early, small amounts grow over time. A bank pays interest on money you save. Debt becomes dangerous when it grows faster than income. Inflation means the same note buys less each year. A strong economy creates more jobs. Careful budgeting answers that question honestly."
223,8,B1,,img_day223.png,A Fair Society,A Fair Society,equality · chance · poverty · schooling · discriminate · justice · welfare · dignity,Equality does not mean everyone is the same. Poverty stops many clever children from studying. Free schooling changes a whole family.,"Illustrate one clear, concrete scene that explains ""A Fair Society"" to a child, for a children's English book. Show real objects and people doing the action — not symbols or abstract shapes. Key ideas to show: equality, chance, poverty, schooling, discriminate, justice, welfare, dignity. children's storybook illustration, soft warm colors, friendly rounded shapes, gentle lighting, flat vector style with light texture, wide 16:9 scene, no text, no letters, no words, no watermark",Equality does not mean everyone is the same. It means everyone gets a fair chance. Poverty stops many clever children from studying. Free schooling changes a whole family. It is wrong to discriminate against anyone. Justice protects the weak as much as the strong. Good welfare gives every person dignity.
224,8,B1,ทบทวน,img_day224.png,Week 32 Friends Review!,Week 34 Friends Review!,blockbuster · producer · soundtrack · critic · rating · premiere · animation · overrated · backstage · spotlight · crew · takes · editing · effect · makeup · exhausting · celebrity · fame · autograph · paparazzi · pressure · gossip · boundaries · ordinary · series · episode · documentary · subscribe · binge · recommend · addictive · moderation · income · expense · invest · interest · debt · inflation · economy · budgeting · equality · chance · poverty · schooling · discriminate · justice · welfare · dignity,,"Illustrate a cheerful review-day celebration for a children's English book: two original child-friendly characters cheering together among floating stars, balloons and simple everyday objects. Theme: Week 34 Friends Review!. children's storybook illustration, soft warm colors, friendly rounded shapes, gentle lighting, flat vector style with light texture, wide 16:9 scene, no text, no letters, no words, no watermark",
225,8,B1,,img_day225.png,How Buildings Rise,How Buildings Rise,architecture · structure · foundation · concrete · beam · blueprint · construct · skyscraper,Good architecture is beautiful and useful at the same time. Every structure begins with a deep foundation. Workers pour concrete around the steel beam.,"Illustrate one clear, concrete scene that explains ""How Buildings Rise"" to a child, for a children's English book. Show real objects and people doing the action — not symbols or abstract shapes. Key ideas to show: architecture, structure, foundation, concrete, beam, blueprint, construct, skyscraper. children's storybook illustration, soft warm colors, friendly rounded shapes, gentle lighting, flat vector style with light texture, wide 16:9 scene, no text, no letters, no words, no watermark",Good architecture is beautiful and useful at the same time. Every structure begins with a deep foundation. Workers pour concrete around the steel beam. The engineer checks the blueprint every morning. It takes two years to construct a tall modern skyscraper. A building must be safe before it is pretty. Cities grow upward when land becomes expensive.
226,8,B1,,img_day226.png,City Life,City Life,urban · rural · population · migrate · suburb · noise · convenience · anonymous,An urban area is far more crowded than a rural village. The population of this city doubled in twenty years. Many families migrate here to find work.,"Illustrate one clear, concrete scene that explains ""City Life"" to a child, for a children's English book. Show real objects and people doing the action — not symbols or abstract shapes. Key ideas to show: urban, rural, population, migrate, suburb, noise, convenience, anonymous. children's storybook illustration, soft warm colors, friendly rounded shapes, gentle lighting, flat vector style with light texture, wide 16:9 scene, no text, no letters, no words, no watermark",An urban area is far more crowded than a rural village. The population of this city doubled in twenty years. Many families migrate here to find work. Ben's cousin lives in a quiet suburb outside the centre. City noise never really stops at night. The convenience of shops and trains is the main attraction. Yet you can feel anonymous among a million people.
227,8,B1,,img_day227.png,Getting Around,Getting Around,infrastructure · commute · congestion · pedestrian · cyclist · subway · service · punctuality,Good infrastructure decides how a city feels. Dad has to commute forty minutes each way. Traffic congestion is worst between seven and nine.,"Illustrate one clear, concrete scene that explains ""Getting Around"" to a child, for a children's English book. Show real objects and people doing the action — not symbols or abstract shapes. Key ideas to show: infrastructure, commute, congestion, pedestrian, cyclist, subway, service, punctuality. children's storybook illustration, soft warm colors, friendly rounded shapes, gentle lighting, flat vector style with light texture, wide 16:9 scene, no text, no letters, no words, no watermark",Good infrastructure decides how a city feels. Dad has to commute forty minutes each way. Traffic congestion is worst between seven and nine. A safe pedestrian crossing saves lives. More people would ride if a cyclist felt protected. The subway service is the most reliable at rush hour. I am afraid punctuality was poor again this morning.
228,8,B1,,img_day228.png,Food Labels,Food Labels,organic · processed · additive · preservative · calorie · vegetarian · allergy · digest,Organic food is grown without strong chemicals. A processed snack often contains a great deal of sugar. Read the additive list on the back of the packet.,"Illustrate one clear, concrete scene that explains ""Food Labels"" to a child, for a children's English book. Show real objects and people doing the action — not symbols or abstract shapes. Key ideas to show: organic, processed, additive, preservative, calorie, vegetarian, allergy, digest. children's storybook illustration, soft warm colors, friendly rounded shapes, gentle lighting, flat vector style with light texture, wide 16:9 scene, no text, no letters, no words, no watermark",Organic food is grown without strong chemicals. A processed snack often contains a great deal of sugar. Read the additive list on the back of the packet. Some preservative keeps bread fresh for weeks. One small cake can hold three hundred calorie. Mimi became vegetarian last year. Ben has a nut allergy so he checks every label. Fresh food is also easier to digest.
229,8,B1,,img_day229.png,Mind and Body,Mind and Body,immune · metabolism · appetite · posture · hydrate · recovery · mindfulness · burnout,Sleep builds a strong immune system. Regular meals keep your metabolism steady. Stress can change your appetite very quickly.,"Illustrate one clear, concrete scene that explains ""Mind and Body"" to a child, for a children's English book. Show real objects and people doing the action — not symbols or abstract shapes. Key ideas to show: immune, metabolism, appetite, posture, hydrate, recovery, mindfulness, burnout. children's storybook illustration, soft warm colors, friendly rounded shapes, gentle lighting, flat vector style with light texture, wide 16:9 scene, no text, no letters, no words, no watermark","Sleep builds a strong immune system. Regular meals keep your metabolism steady. Stress can change your appetite very quickly. Sitting all day damages your posture. Remember to hydrate before you feel thirsty. Rest is part of training, not the opposite: recovery matters. Ten minutes of mindfulness lowers stress. Ignoring all of this leads to burnout."
230,8,B1,,img_day230.png,Helping Minds,Helping Minds,emotional · counsellor · therapy · stigma · cope · vulnerable · openness · heal,"Emotional health matters as much as physical health. A school counsellor is there to listen, not to judge. Therapy is simply a place to think out loud.","Illustrate one clear, concrete scene that explains ""Helping Minds"" to a child, for a children's English book. Show real objects and people doing the action — not symbols or abstract shapes. Key ideas to show: emotional, counsellor, therapy, stigma, cope, vulnerable, openness, heal. children's storybook illustration, soft warm colors, friendly rounded shapes, gentle lighting, flat vector style with light texture, wide 16:9 scene, no text, no letters, no words, no watermark","Emotional health matters as much as physical health. A school counsellor is there to listen, not to judge. Therapy is simply a place to think out loud. Old stigma stops many people from asking for help. Everyone needs a way to cope with hard weeks. It is human to feel vulnerable sometimes. Openness with someone you trust helps you heal faster."
231,8,B1,ทบทวน,img_day231.png,Week 33 Friends Review!,Week 35 Friends Review!,architecture · structure · foundation · concrete · beam · blueprint · construct · skyscraper · urban · rural · population · migrate · suburb · noise · convenience · anonymous · infrastructure · commute · congestion · pedestrian · cyclist · subway · service · punctuality · organic · processed · additive · preservative · calorie · vegetarian · allergy · digest · immune · metabolism · appetite · posture · hydrate · recovery · mindfulness · burnout · emotional · counsellor · therapy · stigma · cope · vulnerable · openness · heal,,"Illustrate a cheerful review-day celebration for a children's English book: two original child-friendly characters cheering together among floating stars, balloons and simple everyday objects. Theme: Week 35 Friends Review!. children's storybook illustration, soft warm colors, friendly rounded shapes, gentle lighting, flat vector style with light texture, wide 16:9 scene, no text, no letters, no words, no watermark",
232,8,B1,,img_day232.png,Everyone Belongs,Everyone Belongs,inclusion · diversity · belong · prejudice · stereotype · tolerance · hospitality · atmosphere,Inclusion means nobody is left standing outside. Diversity makes a classroom far more interesting. Everyone should feel that they belong.,"Illustrate one clear, concrete scene that explains ""Everyone Belongs"" to a child, for a children's English book. Show real objects and people doing the action — not symbols or abstract shapes. Key ideas to show: inclusion, diversity, belong, prejudice, stereotype, tolerance, hospitality, atmosphere. children's storybook illustration, soft warm colors, friendly rounded shapes, gentle lighting, flat vector style with light texture, wide 16:9 scene, no text, no letters, no words, no watermark","Inclusion means nobody is left standing outside. Diversity makes a classroom far more interesting. Everyone should feel that they belong. Old prejudice usually comes from not knowing someone. A stereotype hides the real person behind it. Tolerance is the first step, but respect is the goal. Simple hospitality can change the whole atmosphere of a school."
233,8,B1,,img_day233.png,A Door for All,A Door for All,accessible · ramp · wheelchair · braille · gesture · adjust · independent · universal,A truly accessible building works for every visitor. A gentle ramp is built so that everyone can enter. A person in a wheelchair should never need to ask for help.,"Illustrate one clear, concrete scene that explains ""A Door for All"" to a child, for a children's English book. Show real objects and people doing the action — not symbols or abstract shapes. Key ideas to show: accessible, ramp, wheelchair, braille, gesture, adjust, independent, universal. children's storybook illustration, soft warm colors, friendly rounded shapes, gentle lighting, flat vector style with light texture, wide 16:9 scene, no text, no letters, no words, no watermark",A truly accessible building works for every visitor. A gentle ramp is built so that everyone can enter. A person in a wheelchair should never need to ask for help. Braille labels appear beside each lift button. Some staff are learning hand gesture language this term. Small changes adjust a building at very low cost. Universal design keeps people independent.
234,8,B1,,img_day234.png,Helping Neighbours,Helping Neighbours,volunteering · mentorship · refuge · donation · homeless · outreach · compassion · ongoing,"Volunteering costs time, not money. Mimi joined a mentorship programme for younger pupils. Their class collects warm clothes for a refuge.","Illustrate one clear, concrete scene that explains ""Helping Neighbours"" to a child, for a children's English book. Show real objects and people doing the action — not symbols or abstract shapes. Key ideas to show: volunteering, mentorship, refuge, donation, homeless, outreach, compassion, ongoing. children's storybook illustration, soft warm colors, friendly rounded shapes, gentle lighting, flat vector style with light texture, wide 16:9 scene, no text, no letters, no words, no watermark","Volunteering costs time, not money. Mimi joined a mentorship programme for younger pupils. Their class collects warm clothes for a refuge. Any donation you no longer use will help. A homeless person is someone with a story, not a statistic. Every Sunday the group joins an outreach at the centre. Compassion reminded them why the work is ongoing."
235,8,B1,,img_day235.png,New in Town,New in Town,refugee · resettle · barrier · paperwork · homesick · integrate · translator · perseverance,A refugee family moved into the flat downstairs. A language barrier makes every small task slow. Endless paperwork waits at each office.,"Illustrate one clear, concrete scene that explains ""New in Town"" to a child, for a children's English book. Show real objects and people doing the action — not symbols or abstract shapes. Key ideas to show: refugee, resettle, barrier, paperwork, homesick, integrate, translator, perseverance. children's storybook illustration, soft warm colors, friendly rounded shapes, gentle lighting, flat vector style with light texture, wide 16:9 scene, no text, no letters, no words, no watermark",A refugee family moved into the flat downstairs. It must be difficult to resettle in one week. A language barrier makes every small task slow. Endless paperwork waits at each office. Their youngest boy felt homesick for months. School helped him integrate through football. A kind translator came twice a week. Perseverance matters more than perfect words.
236,8,B1,,img_day236.png,Speaking Up,Speaking Up,bully · bystander · intervene · inform · victim · accountability · courageous · solidarity,Nobody has the right to bully another student. A silent bystander lets the problem continue. You do not have to fight in order to intervene.,"Illustrate one clear, concrete scene that explains ""Speaking Up"" to a child, for a children's English book. Show real objects and people doing the action — not symbols or abstract shapes. Key ideas to show: bully, bystander, intervene, inform, victim, accountability, courageous, solidarity. children's storybook illustration, soft warm colors, friendly rounded shapes, gentle lighting, flat vector style with light texture, wide 16:9 scene, no text, no letters, no words, no watermark","Nobody has the right to bully another student. A silent bystander lets the problem continue. You do not have to fight in order to intervene. Inform a teacher you trust. The victim often feels alone and ashamed. Accountability follows every action, good or bad. Speaking up is courageous and builds real solidarity."
237,8,B1,,img_day237.png,"Small Acts, Big Change","Small Acts, Big Change",seedling · ripple · ethos · multiply · sustain · evaluate · legacy · humility,"One small idea can create a long ripple. Their tree project began with ten seedling plants. A shared ethos spreads with quiet humility, not speeches.","Illustrate one clear, concrete scene that explains ""Small Acts, Big Change"" to a child, for a children's English book. Show real objects and people doing the action — not symbols or abstract shapes. Key ideas to show: seedling, ripple, ethos, multiply, sustain, evaluate, legacy, humility. children's storybook illustration, soft warm colors, friendly rounded shapes, gentle lighting, flat vector style with light texture, wide 16:9 scene, no text, no letters, no words, no watermark","One small idea can create a long ripple. Their tree project began with ten seedling plants. A shared ethos spreads with quiet humility, not speeches. When five schools joined, the effect began to multiply. It is harder to sustain a project than to begin one. Try to evaluate the result honestly each term. A real legacy is what keeps growing after you leave."
238,8,B1,ทบทวน,img_day238.png,Week 34 Friends Review!,Week 36 Friends Review!,inclusion · diversity · belong · prejudice · stereotype · tolerance · hospitality · atmosphere · accessible · ramp · wheelchair · braille · gesture · adjust · independent · universal · volunteering · mentorship · refuge · donation · homeless · outreach · compassion · ongoing · refugee · resettle · barrier · paperwork · homesick · integrate · translator · perseverance · bully · bystander · intervene · inform · victim · accountability · courageous · solidarity · seedling · ripple · ethos · multiply · sustain · evaluate · legacy · humility,,"Illustrate a cheerful review-day celebration for a children's English book: two original child-friendly characters cheering together among floating stars, balloons and simple everyday objects. Theme: Week 36 Friends Review!. children's storybook illustration, soft warm colors, friendly rounded shapes, gentle lighting, flat vector style with light texture, wide 16:9 scene, no text, no letters, no words, no watermark",
239,8,B1,,img_day239.png,Two Hundred Forty,Two Hundred Forty,halfway · sustained · vocabulary · comprehension · accuracy · spontaneous · plateau · persistence,You are almost halfway through the whole course. Sustained effort has built a real vocabulary. Your listening comprehension is much faster now.,"Illustrate one clear, concrete scene that explains ""Two Hundred Forty"" to a child, for a children's English book. Show real objects and people doing the action — not symbols or abstract shapes. Key ideas to show: halfway, sustained, vocabulary, comprehension, accuracy, spontaneous, plateau, persistence. children's storybook illustration, soft warm colors, friendly rounded shapes, gentle lighting, flat vector style with light texture, wide 16:9 scene, no text, no letters, no words, no watermark","You are almost halfway through the whole course. Sustained effort has built a real vocabulary. Your listening comprehension is much faster now. Accuracy improves slowly, then suddenly. Soon your speech will feel more spontaneous. Everyone meets a plateau where nothing seems to improve. Persistence is what carries you past it."
240,8,B1,,img_day240.png,Halfway There,Halfway There,remainder · commitment · regularity · measurable · incentive · integrity · anticipate · unstoppable,Two hundred and forty days is a serious commitment. The remainder of the road is exactly as long as the part behind. Keep the same regularity and it will carry you.,"Illustrate one clear, concrete scene that explains ""Halfway There"" to a child, for a children's English book. Show real objects and people doing the action — not symbols or abstract shapes. Key ideas to show: remainder, commitment, regularity, measurable, incentive, integrity, anticipate, unstoppable. children's storybook illustration, soft warm colors, friendly rounded shapes, gentle lighting, flat vector style with light texture, wide 16:9 scene, no text, no letters, no words, no watermark",Two hundred and forty days is a serious commitment. The remainder of the road is exactly as long as the part behind. Keep the same regularity and it will carry you. Set one measurable target for the next hundred days. Give yourself a small incentive at Day 300. Integrity means working even when nobody is watching. Anticipate the next hundred days: you are unstoppable.
241,9,B1,,img_day241.png,One Shared World,One Shared World,humanitarian · aid · treaty · diplomacy · negotiate · alliance · summit · cooperation,Humanitarian aid crosses every border in an emergency. Leaders sign a treaty after months of quiet diplomacy. Skilled teams negotiate for weeks before an agreement.,"Illustrate one clear, concrete scene that explains ""One Shared World"" to a child, for a children's English book. Show real objects and people doing the action — not symbols or abstract shapes. Key ideas to show: humanitarian, aid, treaty, diplomacy, negotiate, alliance, summit, cooperation. children's storybook illustration, soft warm colors, friendly rounded shapes, gentle lighting, flat vector style with light texture, wide 16:9 scene, no text, no letters, no words, no watermark","It is believed that no country can solve a crisis alone. Humanitarian aid crosses every border in an emergency. Leaders sign a treaty after months of quiet diplomacy. Skilled teams negotiate for weeks before an agreement. An alliance of small nations can be very powerful. Each summit brings new promises. Real cooperation is measured in action, not speeches."
242,9,B1,,img_day242.png,Helping Across Borders,Helping Across Borders,displaced · famine · scarcity · donor · supply · encampment · necessity · relief,Millions of people are displaced by war and weather every year. A long famine follows serious water scarcity. A single donor cannot fix the problem alone.,"Illustrate one clear, concrete scene that explains ""Helping Across Borders"" to a child, for a children's English book. Show real objects and people doing the action — not symbols or abstract shapes. Key ideas to show: displaced, famine, scarcity, donor, supply, encampment, necessity, relief. children's storybook illustration, soft warm colors, friendly rounded shapes, gentle lighting, flat vector style with light texture, wide 16:9 scene, no text, no letters, no words, no watermark",Millions of people are displaced by war and weather every year. A long famine follows serious water scarcity. A single donor cannot fix the problem alone. Trucks bring medical supply along dangerous roads. Families wait in a temporary encampment for months. Clean water is the first necessity of all. Relief work continues long after the news cameras leave.
243,9,B1,,img_day243.png,Health for Everyone,Health for Everyone,vaccine · pandemic · outbreak · quarantine · symptom · prevention · isolated · equity,A vaccine takes years of careful testing. During a pandemic every country is affected. An outbreak can begin in one small village.,"Illustrate one clear, concrete scene that explains ""Health for Everyone"" to a child, for a children's English book. Show real objects and people doing the action — not symbols or abstract shapes. Key ideas to show: vaccine, pandemic, outbreak, quarantine, symptom, prevention, isolated, equity. children's storybook illustration, soft warm colors, friendly rounded shapes, gentle lighting, flat vector style with light texture, wide 16:9 scene, no text, no letters, no words, no watermark","A vaccine takes years of careful testing. During a pandemic every country is affected. An outbreak can begin in one small village. Once a case is found, quarantine slows the spread. Learn to recognise a common symptom early. Prevention always costs less than treatment. One small clinic in an isolated area may serve twenty villages. Health equity is still a global challenge."
244,9,B1,,img_day244.png,Study Smart,Study Smart,revision · technique · memorise · flashcard · highlight · annotate · repetition · effective,"Good revision is a skill you can learn. The best technique is not simply reading again. Instead of trying to memorise everything, understand the idea first.","Illustrate one clear, concrete scene that explains ""Study Smart"" to a child, for a children's English book. Show real objects and people doing the action — not symbols or abstract shapes. Key ideas to show: revision, technique, memorise, flashcard, highlight, annotate, repetition, effective. children's storybook illustration, soft warm colors, friendly rounded shapes, gentle lighting, flat vector style with light texture, wide 16:9 scene, no text, no letters, no words, no watermark","Good revision is a skill you can learn. The best technique is not simply reading again. Instead of trying to memorise everything, understand the idea first. A flashcard forces your brain to recall the answer. Do not highlight the whole page in yellow. It is better to annotate in your own words. Spaced repetition is the most effective method we know."
245,9,B1,,img_day245.png,Beating Distraction,Beating Distraction,concentrate · distraction · procrastinate · prioritise · interval · workspace · willpower · habitual,Every notification is a small distraction. Most students procrastinate because a task feels too big. Break it apart and prioritise the first step.,"Illustrate one clear, concrete scene that explains ""Beating Distraction"" to a child, for a children's English book. Show real objects and people doing the action — not symbols or abstract shapes. Key ideas to show: concentrate, distraction, procrastinate, prioritise, interval, workspace, willpower, habitual. children's storybook illustration, soft warm colors, friendly rounded shapes, gentle lighting, flat vector style with light texture, wide 16:9 scene, no text, no letters, no words, no watermark","It is hard to concentrate with a phone left on the desk. Every notification is a small distraction. Most students procrastinate because a task feels too big. Break it apart and prioritise the first step. Work for twenty five minutes, then take a short interval. A tidy workspace helps more than extra willpower. Studying at the same hour makes it habitual."
246,9,B1,,img_day246.png,Exam Strategy,Exam Strategy,skim · underline · allocate · estimate · guess · proofread · panic · composure,Skim the whole paper before you write anything. Underline the key word in every question. Allocate your minutes to each section fairly.,"Illustrate one clear, concrete scene that explains ""Exam Strategy"" to a child, for a children's English book. Show real objects and people doing the action — not symbols or abstract shapes. Key ideas to show: skim, underline, allocate, estimate, guess, proofread, panic, composure. children's storybook illustration, soft warm colors, friendly rounded shapes, gentle lighting, flat vector style with light texture, wide 16:9 scene, no text, no letters, no words, no watermark","Skim the whole paper before you write anything. Underline the key word in every question. Allocate your minutes to each section fairly. Estimate how long the long answer will take. A sensible guess is better than an empty space. Always proofread if time remains. If you panic, breathe slowly and regain your composure."
247,9,B1,ทบทวน,img_day247.png,Week 36 Friends Review!,Week 37 Friends Review!,humanitarian · aid · treaty · diplomacy · negotiate · alliance · summit · cooperation · displaced · famine · scarcity · donor · supply · encampment · necessity · relief · vaccine · pandemic · outbreak · quarantine · symptom · prevention · isolated · equity · revision · technique · memorise · flashcard · highlight · annotate · repetition · effective · concentrate · distraction · procrastinate · prioritise · interval · workspace · willpower · habitual · skim · underline · allocate · estimate · guess · proofread · panic · composure,,"Illustrate a cheerful review-day celebration for a children's English book: two original child-friendly characters cheering together among floating stars, balloons and simple everyday objects. Theme: Week 37 Friends Review!. children's storybook illustration, soft warm colors, friendly rounded shapes, gentle lighting, flat vector style with light texture, wide 16:9 scene, no text, no letters, no words, no watermark",
248,9,B1,,img_day248.png,From Idea to Product,From Idea to Product,prototype · patent · pitch · venture · investor · feasible · refine · launch,Every product begins as a rough prototype. The team applied for a patent last spring. Next month they will pitch the idea to an investor.,"Illustrate one clear, concrete scene that explains ""From Idea to Product"" to a child, for a children's English book. Show real objects and people doing the action — not symbols or abstract shapes. Key ideas to show: prototype, patent, pitch, venture, investor, feasible, refine, launch. children's storybook illustration, soft warm colors, friendly rounded shapes, gentle lighting, flat vector style with light texture, wide 16:9 scene, no text, no letters, no words, no watermark","Every product begins as a rough prototype. The team applied for a patent last spring. Next month they will pitch the idea to an investor. A new venture needs money and patience. First the plan must be feasible, not only exciting. They refine the design after every test. By the time they launch, six versions have been tried."
249,9,B1,,img_day249.png,Tomorrow's Technology,Tomorrow's Technology,autonomous · sensor · drone · quantum · genome · biotech · adaptable · speculate,An autonomous car reads the road through a sensor. A small drone can deliver medicine to an island. Quantum computers may solve problems in seconds.,"Illustrate one clear, concrete scene that explains ""Tomorrow's Technology"" to a child, for a children's English book. Show real objects and people doing the action — not symbols or abstract shapes. Key ideas to show: autonomous, sensor, drone, quantum, genome, biotech, adaptable, speculate. children's storybook illustration, soft warm colors, friendly rounded shapes, gentle lighting, flat vector style with light texture, wide 16:9 scene, no text, no letters, no words, no watermark","An autonomous car reads the road through a sensor. A small drone can deliver medicine to an island. Quantum computers may solve problems in seconds. Scientists can now read a human genome in one day. Biotech is changing how we grow food. The most adaptable workers will do best. It is easy to speculate, but hard to predict."
250,9,B1,,img_day250.png,Science and Ethics,Science and Ethics,ethics · regulate · consent · transparent · misuse · oversight · discourse · stewardship,Just because we can do something does not mean we should. Ethics asks the harder question. Governments try to regulate new technology quickly enough.,"Illustrate one clear, concrete scene that explains ""Science and Ethics"" to a child, for a children's English book. Show real objects and people doing the action — not symbols or abstract shapes. Key ideas to show: ethics, regulate, consent, transparent, misuse, oversight, discourse, stewardship. children's storybook illustration, soft warm colors, friendly rounded shapes, gentle lighting, flat vector style with light texture, wide 16:9 scene, no text, no letters, no words, no watermark",Just because we can do something does not mean we should. Ethics asks the harder question. Governments try to regulate new technology quickly enough. A patient must give clear consent before any test. Companies should be transparent about their data. Any powerful tool can be open to misuse. Careful oversight and open discourse decide the limits. Good stewardship protects everyone.
251,9,B1,,img_day251.png,Speaking Well,Speaking Well,articulate · clarity · pause · emphasis · persuasion · rehearsal · conciseness · eloquent,A confident speaker does not talk quickly. Try to articulate every ending sound. Clarity beats clever vocabulary every time.,"Illustrate one clear, concrete scene that explains ""Speaking Well"" to a child, for a children's English book. Show real objects and people doing the action — not symbols or abstract shapes. Key ideas to show: articulate, clarity, pause, emphasis, persuasion, rehearsal, conciseness, eloquent. children's storybook illustration, soft warm colors, friendly rounded shapes, gentle lighting, flat vector style with light texture, wide 16:9 scene, no text, no letters, no words, no watermark",A confident speaker does not talk quickly. Try to articulate every ending sound. Clarity beats clever vocabulary every time. A short pause gives your idea room to land. Use emphasis on the word that truly matters. Persuasion comes from evidence and warmth together. Careful rehearsal turns a nervous speaker into an eloquent one. Conciseness is a gift to your audience.
252,9,B1,,img_day252.png,The Art of Listening,The Art of Listening,attentive · paraphrase · interrupt · presumption · curiosity · validate · silence · understanding,An attentive listener hears more than words. Try to paraphrase what the other person said. Do not interrupt to prepare your own reply.,"Illustrate one clear, concrete scene that explains ""The Art of Listening"" to a child, for a children's English book. Show real objects and people doing the action — not symbols or abstract shapes. Key ideas to show: attentive, paraphrase, interrupt, presumption, curiosity, validate, silence, understanding. children's storybook illustration, soft warm colors, friendly rounded shapes, gentle lighting, flat vector style with light texture, wide 16:9 scene, no text, no letters, no words, no watermark","An attentive listener hears more than words. Try to paraphrase what the other person said. Do not interrupt to prepare your own reply. Check your own presumption before you judge. Ask from real curiosity, not politeness. Sometimes you only need to validate a feeling. Comfortable silence is part of a good conversation. Understanding is the real goal, not winning."
253,9,B1,,img_day253.png,Writing That Works,Writing That Works,draft · composition · reasoning · coherent · edit · formal · informal · readership,Nobody writes a perfect first draft. Plan the composition before the first sentence. Clear reasoning needs three solid points.,"Illustrate one clear, concrete scene that explains ""Writing That Works"" to a child, for a children's English book. Show real objects and people doing the action — not symbols or abstract shapes. Key ideas to show: draft, composition, reasoning, coherent, edit, formal, informal, readership. children's storybook illustration, soft warm colors, friendly rounded shapes, gentle lighting, flat vector style with light texture, wide 16:9 scene, no text, no letters, no words, no watermark",Nobody writes a perfect first draft. Plan the composition before the first sentence. Clear reasoning needs three solid points. Each paragraph must be coherent with the one before. Cut ten percent when you edit. A formal email sounds very different from an informal message. Always write for your real readership.
254,9,B1,ทบทวน,img_day254.png,Week 37 Friends Review!,Week 38 Friends Review!,prototype · patent · pitch · venture · investor · feasible · refine · launch · autonomous · sensor · drone · quantum · genome · biotech · adaptable · speculate · ethics · regulate · consent · transparent · misuse · oversight · discourse · stewardship · articulate · clarity · pause · emphasis · persuasion · rehearsal · conciseness · eloquent · attentive · paraphrase · interrupt · presumption · curiosity · validate · silence · understanding · draft · composition · reasoning · coherent · edit · formal · informal · readership,,"Illustrate a cheerful review-day celebration for a children's English book: two original child-friendly characters cheering together among floating stars, balloons and simple everyday objects. Theme: Week 38 Friends Review!. children's storybook illustration, soft warm colors, friendly rounded shapes, gentle lighting, flat vector style with light texture, wide 16:9 scene, no text, no letters, no words, no watermark",
255,9,B1,,img_day255.png,The Job Hunt,The Job Hunt,resume · applicant · vacancy · shortlist · recruit · reference · portfolio · credential,A good resume fits on one page. Every applicant sends the same nervous email. The school posted one vacancy for a science teacher.,"Illustrate one clear, concrete scene that explains ""The Job Hunt"" to a child, for a children's English book. Show real objects and people doing the action — not symbols or abstract shapes. Key ideas to show: resume, applicant, vacancy, shortlist, recruit, reference, portfolio, credential. children's storybook illustration, soft warm colors, friendly rounded shapes, gentle lighting, flat vector style with light texture, wide 16:9 scene, no text, no letters, no words, no watermark",A good resume fits on one page. Every applicant sends the same nervous email. The school posted one vacancy for a science teacher. Only five people reached the shortlist. Managers recruit for attitude as much as for skill. Always ask before you name a reference. A portfolio shows what you have really done. A credential proves it.
256,9,B1,,img_day256.png,Starting Out,Starting Out,probation · supervisor · apprentice · trainee · shift · roster · briefing · diligent,The first three months are a probation period. Ask your supervisor when you are unsure. An apprentice learns a trade by doing it.,"Illustrate one clear, concrete scene that explains ""Starting Out"" to a child, for a children's English book. Show real objects and people doing the action — not symbols or abstract shapes. Key ideas to show: probation, supervisor, apprentice, trainee, shift, roster, briefing, diligent. children's storybook illustration, soft warm colors, friendly rounded shapes, gentle lighting, flat vector style with light texture, wide 16:9 scene, no text, no letters, no words, no watermark",The first three months are a probation period. Ask your supervisor when you are unsure. An apprentice learns a trade by doing it. Every trainee makes mistakes in week one. Nan works the early shift on Tuesdays. Check the roster before you plan your weekend. The morning briefing takes ten minutes. A diligent worker is trusted quickly.
257,9,B1,,img_day257.png,Getting Things Done,Getting Things Done,workload · streamline · efficiency · productivity · multitask · postpone · agenda · minutes,A heavy workload is not the same as good work. Learn to streamline before you start. Efficiency means less effort for the same result.,"Illustrate one clear, concrete scene that explains ""Getting Things Done"" to a child, for a children's English book. Show real objects and people doing the action — not symbols or abstract shapes. Key ideas to show: workload, streamline, efficiency, productivity, multitask, postpone, agenda, minutes. children's storybook illustration, soft warm colors, friendly rounded shapes, gentle lighting, flat vector style with light texture, wide 16:9 scene, no text, no letters, no words, no watermark","A heavy workload is not the same as good work. Learn to streamline before you start. Efficiency means less effort for the same result. Productivity rises when you stop switching tasks. People who multitask finish slower, not faster. We all postpone a job that feels too big. Send the agenda before the meeting. Someone should write the minutes."
258,9,B1,,img_day258.png,Working With Others,Working With Others,teammate · networking · internship · cubicle · stationery · freelance · contractor · vocation,A good teammate shares the credit and takes the blame. Networking is simply staying useful to people. A summer internship teaches more than a textbook.,"Illustrate one clear, concrete scene that explains ""Working With Others"" to a child, for a children's English book. Show real objects and people doing the action — not symbols or abstract shapes. Key ideas to show: teammate, networking, internship, cubicle, stationery, freelance, contractor, vocation. children's storybook illustration, soft warm colors, friendly rounded shapes, gentle lighting, flat vector style with light texture, wide 16:9 scene, no text, no letters, no words, no watermark","A good teammate shares the credit and takes the blame. Networking is simply staying useful to people. A summer internship teaches more than a textbook. Keep your cubicle clear at the end of the day. The stationery cupboard is beside the printer. A freelance designer chooses her own hours. A contractor is paid for the job, not the month. Work becomes a vocation when it matters to you."
259,9,B1,,img_day259.png,Moving Up,Moving Up,promotion · appraisal · contract · overtime · employee · resign · seniority · prospects,A promotion is earned long before it is announced. Your yearly appraisal should hold no surprises. Read every line of a contract twice.,"Illustrate one clear, concrete scene that explains ""Moving Up"" to a child, for a children's English book. Show real objects and people doing the action — not symbols or abstract shapes. Key ideas to show: promotion, appraisal, contract, overtime, employee, resign, seniority, prospects. children's storybook illustration, soft warm colors, friendly rounded shapes, gentle lighting, flat vector style with light texture, wide 16:9 scene, no text, no letters, no words, no watermark",A promotion is earned long before it is announced. Your yearly appraisal should hold no surprises. Read every line of a contract twice. Too much overtime costs more than it pays. A happy employee stays for years. People rarely resign because of the money alone. Seniority is not the same as skill. Ask about prospects before you accept a job.
260,9,B1,,img_day260.png,Money From Work,Money From Work,savings · thrifty · frugal · deposit · withdraw · currency · wealth · premium,"Pay your savings first, before anything else. A thrifty person is not a mean person. Being frugal in small things buys freedom in big ones.","Illustrate one clear, concrete scene that explains ""Money From Work"" to a child, for a children's English book. Show real objects and people doing the action — not symbols or abstract shapes. Key ideas to show: savings, thrifty, frugal, deposit, withdraw, currency, wealth, premium. children's storybook illustration, soft warm colors, friendly rounded shapes, gentle lighting, flat vector style with light texture, wide 16:9 scene, no text, no letters, no words, no watermark","Pay your savings first, before anything else. A thrifty person is not a mean person. Being frugal in small things buys freedom in big ones. Deposit part of every payment you receive. Only withdraw what you planned to spend. Each country prints its own currency. Real wealth is having enough and knowing it. The premium is what you pay to stay protected."
261,9,B1,ทบทวน,img_day261.png,Week 38 Friends Review!,Week 39 Friends Review!,resume · applicant · vacancy · shortlist · recruit · reference · portfolio · credential · probation · supervisor · apprentice · trainee · shift · roster · briefing · diligent · workload · streamline · efficiency · productivity · multitask · postpone · agenda · minutes · teammate · networking · internship · cubicle · stationery · freelance · contractor · vocation · promotion · appraisal · contract · overtime · employee · resign · seniority · prospects · savings · thrifty · frugal · deposit · withdraw · currency · wealth · premium,,"Illustrate a cheerful review-day celebration for a children's English book: two original child-friendly characters cheering together among floating stars, balloons and simple everyday objects. Theme: Week 39 Friends Review!. children's storybook illustration, soft warm colors, friendly rounded shapes, gentle lighting, flat vector style with light texture, wide 16:9 scene, no text, no letters, no words, no watermark",
262,9,B1,,img_day262.png,Borrowing and Saving,Borrowing and Saving,loan · insurance · mortgage · guarantee · pension · instalment · surplus · overdraft,A loan is easy to take and slow to repay. Good insurance is boring until the day you need it. A mortgage lasts longer than most jobs.,"Illustrate one clear, concrete scene that explains ""Borrowing and Saving"" to a child, for a children's English book. Show real objects and people doing the action — not symbols or abstract shapes. Key ideas to show: loan, insurance, mortgage, guarantee, pension, instalment, surplus, overdraft. children's storybook illustration, soft warm colors, friendly rounded shapes, gentle lighting, flat vector style with light texture, wide 16:9 scene, no text, no letters, no words, no watermark",A loan is easy to take and slow to repay. Good insurance is boring until the day you need it. A mortgage lasts longer than most jobs. Keep the guarantee in a safe place. Your pension starts with the first coin you save. Pay each instalment on the same day every month. A small surplus each month becomes calm sleep at night. An overdraft is not extra money.
263,9,B1,,img_day263.png,A Place of My Own,A Place of My Own,tenant · rental · lease · utility · furnish · pantry · grocery · leftover,"A tenant has rights, not only bills. Tell the rental office about a leak the same day. Read the lease before you sign it.","Illustrate one clear, concrete scene that explains ""A Place of My Own"" to a child, for a children's English book. Show real objects and people doing the action — not symbols or abstract shapes. Key ideas to show: tenant, rental, lease, utility, furnish, pantry, grocery, leftover. children's storybook illustration, soft warm colors, friendly rounded shapes, gentle lighting, flat vector style with light texture, wide 16:9 scene, no text, no letters, no words, no watermark","A tenant has rights, not only bills. Tell the rental office about a leak the same day. Read the lease before you sign it. Each utility is billed separately here. You do not need to furnish every room at once. A full pantry saves money on busy evenings. Write a grocery list before you leave home. Tonight we eat the leftover curry."
264,9,B1,,img_day264.png,Looking After Yourself,Looking After Yourself,prescription · ailment · pharmacy · optician · vaccination · dosage · checkup · immunity,Never share a prescription with a friend. Write down every ailment before the appointment. The pharmacy on the corner opens late.,"Illustrate one clear, concrete scene that explains ""Looking After Yourself"" to a child, for a children's English book. Show real objects and people doing the action — not symbols or abstract shapes. Key ideas to show: prescription, ailment, pharmacy, optician, vaccination, dosage, checkup, immunity. children's storybook illustration, soft warm colors, friendly rounded shapes, gentle lighting, flat vector style with light texture, wide 16:9 scene, no text, no letters, no words, no watermark","Never share a prescription with a friend. Write down every ailment before the appointment. The pharmacy on the corner opens late. Book an optician if the letters look blurred. One vaccination protects a whole classroom. Read the dosage twice, especially at night. A yearly checkup costs less than a hospital week. Sleep builds immunity better than any drink."
265,9,B1,,img_day265.png,Papers and Permission,Papers and Permission,licence · permit · visa · embassy · customs · terminal · boarding · refundable,"You need a licence before you drive alone. A work permit is not the same as a visa. Apply for your visa early, never the week before.","Illustrate one clear, concrete scene that explains ""Papers and Permission"" to a child, for a children's English book. Show real objects and people doing the action — not symbols or abstract shapes. Key ideas to show: licence, permit, visa, embassy, customs, terminal, boarding, refundable. children's storybook illustration, soft warm colors, friendly rounded shapes, gentle lighting, flat vector style with light texture, wide 16:9 scene, no text, no letters, no words, no watermark","You need a licence before you drive alone. A work permit is not the same as a visa. Apply for your visa early, never the week before. The embassy answers questions by email now. Declare everything at customs and nothing goes wrong. Terminal two is a long walk from terminal one. Boarding closes twenty minutes before take off. Only the flexible ticket is refundable."
266,9,B1,,img_day266.png,Healthy Habits,Healthy Habits,hydration · wellbeing · caffeine · screentime · priority · reflection · purpose · cautious,"Hydration is the cheapest medicine you own. Wellbeing is built on ordinary days, not holidays. Caffeine after four keeps you awake at eleven.","Illustrate one clear, concrete scene that explains ""Healthy Habits"" to a child, for a children's English book. Show real objects and people doing the action — not symbols or abstract shapes. Key ideas to show: hydration, wellbeing, caffeine, screentime, priority, reflection, purpose, cautious. children's storybook illustration, soft warm colors, friendly rounded shapes, gentle lighting, flat vector style with light texture, wide 16:9 scene, no text, no letters, no words, no watermark","Hydration is the cheapest medicine you own. Wellbeing is built on ordinary days, not holidays. Caffeine after four keeps you awake at eleven. Cut your screentime by ten minutes a week. Sleep is a priority, not a reward. A few minutes of reflection each evening is enough. A clear purpose makes hard mornings easier. Be cautious with any habit that promises quick results."
267,9,B1,,img_day267.png,Standing on My Own,Standing on My Own,trustworthy · organised · adulthood · errand · sensible · foresight · prudent · responsibility,"A trustworthy person keeps small promises too. Being organised is a skill, not a personality. Adulthood arrives slowly, one decision at a time.","Illustrate one clear, concrete scene that explains ""Standing on My Own"" to a child, for a children's English book. Show real objects and people doing the action — not symbols or abstract shapes. Key ideas to show: trustworthy, organised, adulthood, errand, sensible, foresight, prudent, responsibility. children's storybook illustration, soft warm colors, friendly rounded shapes, gentle lighting, flat vector style with light texture, wide 16:9 scene, no text, no letters, no words, no watermark","A trustworthy person keeps small promises too. Being organised is a skill, not a personality. Adulthood arrives slowly, one decision at a time. Offer to run an errand before you are asked. A sensible choice is rarely the exciting one. Foresight means paying today for a calmer next year. A prudent saver is never in a hurry. Responsibility is what you do when nobody checks."
268,9,B1,ทบทวน,img_day268.png,Week 39 Friends Review!,Week 40 Friends Review!,loan · insurance · mortgage · guarantee · pension · instalment · surplus · overdraft · tenant · rental · lease · utility · furnish · pantry · grocery · leftover · prescription · ailment · pharmacy · optician · vaccination · dosage · checkup · immunity · licence · permit · visa · embassy · customs · terminal · boarding · refundable · hydration · wellbeing · caffeine · screentime · priority · reflection · purpose · cautious · trustworthy · organised · adulthood · errand · sensible · foresight · prudent · responsibility,,"Illustrate a cheerful review-day celebration for a children's English book: two original child-friendly characters cheering together among floating stars, balloons and simple everyday objects. Theme: Week 40 Friends Review!. children's storybook illustration, soft warm colors, friendly rounded shapes, gentle lighting, flat vector style with light texture, wide 16:9 scene, no text, no letters, no words, no watermark",
269,9,B1,,img_day269.png,How I Learn Best,How I Learn Best,mnemonic · glossary · syllable · thesaurus · retention · consistency · drill · shadowing,A mnemonic works because it gives the word a hook. Build your own glossary as you read. Clap each syllable and the long word becomes easy.,"Illustrate one clear, concrete scene that explains ""How I Learn Best"" to a child, for a children's English book. Show real objects and people doing the action — not symbols or abstract shapes. Key ideas to show: mnemonic, glossary, syllable, thesaurus, retention, consistency, drill, shadowing. children's storybook illustration, soft warm colors, friendly rounded shapes, gentle lighting, flat vector style with light texture, wide 16:9 scene, no text, no letters, no words, no watermark","A mnemonic works because it gives the word a hook. Build your own glossary as you read. Clap each syllable and the long word becomes easy. A thesaurus shows you five ways to say one thing. Retention comes from meeting a word again next week. Consistency beats a long weekend of study. A short daily drill is enough. Shadowing a speaker trains your mouth, not only your ear."
270,9,B1,,img_day270.png,Ready for the Next Level,Ready for the Next Level,pronunciation · intonation · hesitate · immerse · subtitle · collocation · dedication · lifelong,Your pronunciation has changed more than you notice. Intonation carries meaning that words alone cannot. Do not hesitate for the perfect sentence.,"Illustrate one clear, concrete scene that explains ""Ready for the Next Level"" to a child, for a children's English book. Show real objects and people doing the action — not symbols or abstract shapes. Key ideas to show: pronunciation, intonation, hesitate, immerse, subtitle, collocation, dedication, lifelong. children's storybook illustration, soft warm colors, friendly rounded shapes, gentle lighting, flat vector style with light texture, wide 16:9 scene, no text, no letters, no words, no watermark","Your pronunciation has changed more than you notice. Intonation carries meaning that words alone cannot. Do not hesitate for the perfect sentence. Immerse yourself for twenty minutes a day. Watch with an English subtitle, then with none. Learn a collocation, not a lonely word. Dedication brought you here across two hundred and seventy days. A language is a lifelong friend, and yours has only started talking."
271,10,B1,,img_day271.png,On the Farm,On the Farm,harvest · cultivate · plough · sow · reap · barn · tractor · pasture,The harvest is the end of a long year. Farmers cultivate the same field for many seasons. First they plough the hard ground.,"Illustrate one clear, concrete scene that explains ""On the Farm"" to a child, for a children's English book. Show real objects and people doing the action — not symbols or abstract shapes. Key ideas to show: harvest, cultivate, plough, sow, reap, barn, tractor, pasture. children's storybook illustration, soft warm colors, friendly rounded shapes, gentle lighting, flat vector style with light texture, wide 16:9 scene, no text, no letters, no words, no watermark","The harvest is the end of a long year. Farmers cultivate the same field for many seasons. First they plough the hard ground. Then they sow the seed in straight lines. Months later they reap what they planted. The barn is full by October. One tractor does the work of twenty people. Beyond the fence, cows rest in the wide pasture."
272,10,B1,,img_day272.png,Growing Enough Food,Growing Enough Food,irrigation · fertiliser · pesticide · compost · weed · greenhouse · yield · orchard,Good irrigation matters more than rain in a dry year. Too much fertiliser harms the river below the field. A strong pesticide kills useful insects as well as pests.,"Illustrate one clear, concrete scene that explains ""Growing Enough Food"" to a child, for a children's English book. Show real objects and people doing the action — not symbols or abstract shapes. Key ideas to show: irrigation, fertiliser, pesticide, compost, weed, greenhouse, yield, orchard. children's storybook illustration, soft warm colors, friendly rounded shapes, gentle lighting, flat vector style with light texture, wide 16:9 scene, no text, no letters, no words, no watermark",Good irrigation matters more than rain in a dry year. Too much fertiliser harms the river below the field. A strong pesticide kills useful insects as well as pests. Compost turns kitchen waste into free food for plants. Pull every weed while it is still small. Inside a greenhouse the season lasts all year. A higher yield is not always healthier food. The old orchard still gives fruit every August.
273,10,B1,,img_day273.png,Animals and Bees,Animals and Bees,livestock · poultry · dairy · graze · herd · flock · hive · pollinate,Livestock needs water before it needs anything else. The poultry shed is cleaned twice a day. A small dairy farm sells milk to the village.,"Illustrate one clear, concrete scene that explains ""Animals and Bees"" to a child, for a children's English book. Show real objects and people doing the action — not symbols or abstract shapes. Key ideas to show: livestock, poultry, dairy, graze, herd, flock, hive, pollinate. children's storybook illustration, soft warm colors, friendly rounded shapes, gentle lighting, flat vector style with light texture, wide 16:9 scene, no text, no letters, no words, no watermark","Livestock needs water before it needs anything else. The poultry shed is cleaned twice a day. A small dairy farm sells milk to the village. The sheep graze from morning until dusk. A herd of cattle moves slowly across the hill. A flock of ducks follows the youngest child. One hive holds fifty thousand bees. Without bees to pollinate them, most fruit trees give nothing."
274,10,B1,,img_day274.png,From Farm to Shop,From Farm to Shop,storage · wholesale · retail · chain · perishable · expiry · packaging · canning,Cold storage buys a farmer two extra weeks. A wholesale buyer takes the whole field at one price. The retail price is often four times the farm price.,"Illustrate one clear, concrete scene that explains ""From Farm to Shop"" to a child, for a children's English book. Show real objects and people doing the action — not symbols or abstract shapes. Key ideas to show: storage, wholesale, retail, chain, perishable, expiry, packaging, canning. children's storybook illustration, soft warm colors, friendly rounded shapes, gentle lighting, flat vector style with light texture, wide 16:9 scene, no text, no letters, no words, no watermark",Cold storage buys a farmer two extra weeks. A wholesale buyer takes the whole field at one price. The retail price is often four times the farm price. Every step forms one long chain from soil to plate. Perishable food must move fast or it is lost. Check the expiry date before you buy. Clever packaging protects food but fills the bin. Canning has fed families for two hundred years.
275,10,B1,,img_day275.png,Cooking Well,Cooking Well,seasoning · marinate · simmer · roast · garnish · cuisine · culinary · ferment,"Taste before you add more seasoning. Marinate the chicken for an hour, not five minutes. Simmer the sauce until it is thick.","Illustrate one clear, concrete scene that explains ""Cooking Well"" to a child, for a children's English book. Show real objects and people doing the action — not symbols or abstract shapes. Key ideas to show: seasoning, marinate, simmer, roast, garnish, cuisine, culinary, ferment. children's storybook illustration, soft warm colors, friendly rounded shapes, gentle lighting, flat vector style with light texture, wide 16:9 scene, no text, no letters, no words, no watermark","Taste before you add more seasoning. Marinate the chicken for an hour, not five minutes. Simmer the sauce until it is thick. Roast the vegetables until the edges turn brown. A simple garnish makes an ordinary plate look careful. Thai cuisine balances sweet, sour, salty and hot. A culinary school teaches order before it teaches flavour. People ferment food in every country on earth."
276,10,B1,,img_day276.png,What Is In Our Food,What Is In Our Food,nutrient · mineral · fibre · carbohydrate · vegan · pickle · wholesome · balanced,Every nutrient does one job your body cannot do alone. A mineral like iron comes mostly from what you eat. Fibre keeps everything moving as it should.,"Illustrate one clear, concrete scene that explains ""What Is In Our Food"" to a child, for a children's English book. Show real objects and people doing the action — not symbols or abstract shapes. Key ideas to show: nutrient, mineral, fibre, carbohydrate, vegan, pickle, wholesome, balanced. children's storybook illustration, soft warm colors, friendly rounded shapes, gentle lighting, flat vector style with light texture, wide 16:9 scene, no text, no letters, no words, no watermark","Every nutrient does one job your body cannot do alone. A mineral like iron comes mostly from what you eat. Fibre keeps everything moving as it should. A carbohydrate is fuel, not an enemy. A vegan meal can be rich in protein too. One small pickle wakes up a plain bowl of rice. Wholesome food is usually the food with the shortest list. A balanced plate beats a perfect plate."
277,10,B1,ทบทวน,img_day277.png,Week 40 Friends Review!,Week 41 Friends Review!,harvest · cultivate · plough · sow · reap · barn · tractor · pasture · irrigation · fertiliser · pesticide · compost · weed · greenhouse · yield · orchard · livestock · poultry · dairy · graze · herd · flock · hive · pollinate · storage · wholesale · retail · chain · perishable · expiry · packaging · canning · seasoning · marinate · simmer · roast · garnish · cuisine · culinary · ferment · nutrient · mineral · fibre · carbohydrate · vegan · pickle · wholesome · balanced,,"Illustrate a cheerful review-day celebration for a children's English book: two original child-friendly characters cheering together among floating stars, balloons and simple everyday objects. Theme: Week 41 Friends Review!. children's storybook illustration, soft warm colors, friendly rounded shapes, gentle lighting, flat vector style with light texture, wide 16:9 scene, no text, no letters, no words, no watermark",
278,10,B1,,img_day278.png,The Games We Play,The Games We Play,league · squad · fixture · kickoff · halftime · whistle · jersey · formation,Our school joined the city league last year. The squad has eighteen players but only eleven start. The next fixture is on Sunday morning.,"Illustrate one clear, concrete scene that explains ""The Games We Play"" to a child, for a children's English book. Show real objects and people doing the action — not symbols or abstract shapes. Key ideas to show: league, squad, fixture, kickoff, halftime, whistle, jersey, formation. children's storybook illustration, soft warm colors, friendly rounded shapes, gentle lighting, flat vector style with light texture, wide 16:9 scene, no text, no letters, no words, no watermark","Our school joined the city league last year. The squad has eighteen players but only eleven start. The next fixture is on Sunday morning. Kickoff is at nine, so be there at eight. At halftime the coach changed everything. One whistle stops the whole game. Each jersey carries a number and a name. A good formation hides a team's weakest side."
279,10,B1,,img_day279.png,Rules and Referees,Rules and Referees,umpire · penalty · foul · offside · substitute · dribble · scoreboard · replay,The umpire is never popular for very long. A penalty is given only inside the box. The goal did not count because he was offside.,"Illustrate one clear, concrete scene that explains ""Rules and Referees"" to a child, for a children's English book. Show real objects and people doing the action — not symbols or abstract shapes. Key ideas to show: umpire, penalty, foul, offside, substitute, dribble, scoreboard, replay. children's storybook illustration, soft warm colors, friendly rounded shapes, gentle lighting, flat vector style with light texture, wide 16:9 scene, no text, no letters, no words, no watermark",The umpire is never popular for very long. A penalty is given only inside the box. That foul was clumsy rather than cruel. The goal did not count because he was offside. Our best substitute changed the game in ten minutes. He can dribble past three players without looking up. The scoreboard said two all with a minute left. The replay showed the ball had crossed the line.
280,10,B1,,img_day280.png,Track and Field,Track and Field,sprint · marathon · relay · hurdle · javelin · archery · gymnastics · podium,"A sprint is over before the crowd stops shouting. A marathon is won in the mind, not the legs. In a relay the handover matters more than the running.","Illustrate one clear, concrete scene that explains ""Track and Field"" to a child, for a children's English book. Show real objects and people doing the action — not symbols or abstract shapes. Key ideas to show: sprint, marathon, relay, hurdle, javelin, archery, gymnastics, podium. children's storybook illustration, soft warm colors, friendly rounded shapes, gentle lighting, flat vector style with light texture, wide 16:9 scene, no text, no letters, no words, no watermark","A sprint is over before the crowd stops shouting. A marathon is won in the mind, not the legs. In a relay the handover matters more than the running. Clip one hurdle and your rhythm is gone. The javelin flew further than anyone expected. Archery looks calm and is not. Gymnastics asks for strength and grace at the same second. Only three athletes fit on the podium."
281,10,B1,,img_day281.png,"Other Sports, Other Skills","Other Sports, Other Skills",wrestling · fencing · paddle · racquet · goggles · agility · flexibility · aerobic,Wrestling is chess played with the whole body. In fencing the fastest hand is not always the winner. Hold the paddle loosely or your arms will ache.,"Illustrate one clear, concrete scene that explains ""Other Sports, Other Skills"" to a child, for a children's English book. Show real objects and people doing the action — not symbols or abstract shapes. Key ideas to show: wrestling, fencing, paddle, racquet, goggles, agility, flexibility, aerobic. children's storybook illustration, soft warm colors, friendly rounded shapes, gentle lighting, flat vector style with light texture, wide 16:9 scene, no text, no letters, no words, no watermark",Wrestling is chess played with the whole body. In fencing the fastest hand is not always the winner. Hold the paddle loosely or your arms will ache. A heavy racquet is slower but hits harder. Swimmers wear goggles to see the wall coming. Agility is turning quickly without falling over. Flexibility is trained slowly and lost fast. Any aerobic sport makes your heart stronger.
282,10,B1,,img_day282.png,Train and Recover,Train and Recover,warmup · sweat · joint · injury · sprain · bruise · physiotherapy · rehabilitation,"Never skip the warmup, however late you are. Sweat is not a measure of a good session. Every joint needs rest as much as work.","Illustrate one clear, concrete scene that explains ""Train and Recover"" to a child, for a children's English book. Show real objects and people doing the action — not symbols or abstract shapes. Key ideas to show: warmup, sweat, joint, injury, sprain, bruise, physiotherapy, rehabilitation. children's storybook illustration, soft warm colors, friendly rounded shapes, gentle lighting, flat vector style with light texture, wide 16:9 scene, no text, no letters, no words, no watermark","Never skip the warmup, however late you are. Sweat is not a measure of a good session. Every joint needs rest as much as work. One careless injury costs a whole season. A sprain heals faster when you stop using it. A bruise looks worse than it is. Six weeks of physiotherapy is not wasted time. Rehabilitation is training too, only quieter."
283,10,B1,,img_day283.png,The Big Final,The Big Final,qualifier · semifinal · underdog · rivalry · comeback · sponsor · trophy · champion,The semifinal went to the last kick. Everyone loves an underdog until it beats their team. Their comeback took twelve minutes and one substitution.,"Illustrate one clear, concrete scene that explains ""The Big Final"" to a child, for a children's English book. Show real objects and people doing the action — not symbols or abstract shapes. Key ideas to show: qualifier, semifinal, underdog, rivalry, comeback, sponsor, trophy, champion. children's storybook illustration, soft warm colors, friendly rounded shapes, gentle lighting, flat vector style with light texture, wide 16:9 scene, no text, no letters, no words, no watermark",They almost lost the qualifier in September. The semifinal went to the last kick. Everyone loves an underdog until it beats their team. This rivalry is older than anyone in the crowd. Their comeback took twelve minutes and one substitution. A local sponsor paid for the new kit. The trophy is smaller than it looks on television. A champion is simply someone who kept turning up.
284,10,B1,ทบทวน,img_day284.png,Week 41 Friends Review!,Week 42 Friends Review!,league · squad · fixture · kickoff · halftime · whistle · jersey · formation · umpire · penalty · foul · offside · substitute · dribble · scoreboard · replay · sprint · marathon · relay · hurdle · javelin · archery · gymnastics · podium · wrestling · fencing · paddle · racquet · goggles · agility · flexibility · aerobic · warmup · sweat · joint · injury · sprain · bruise · physiotherapy · rehabilitation · qualifier · semifinal · underdog · rivalry · comeback · sponsor · trophy · champion,,"Illustrate a cheerful review-day celebration for a children's English book: two original child-friendly characters cheering together among floating stars, balloons and simple everyday objects. Theme: Week 42 Friends Review!. children's storybook illustration, soft warm colors, friendly rounded shapes, gentle lighting, flat vector style with light texture, wide 16:9 scene, no text, no letters, no words, no watermark",
285,10,B1,,img_day285.png,Lines and Colours,Lines and Colours,outline · shading · texture · palette · pigment · canvas · easel · brushstroke,Start with a light outline you can still erase. Shading is what turns a circle into a ball. Rough paper gives a drawing texture.,"Illustrate one clear, concrete scene that explains ""Lines and Colours"" to a child, for a children's English book. Show real objects and people doing the action — not symbols or abstract shapes. Key ideas to show: outline, shading, texture, palette, pigment, canvas, easel, brushstroke. children's storybook illustration, soft warm colors, friendly rounded shapes, gentle lighting, flat vector style with light texture, wide 16:9 scene, no text, no letters, no words, no watermark",Start with a light outline you can still erase. Shading is what turns a circle into a ball. Rough paper gives a drawing texture. Keep your palette small and the picture stays calm. Blue pigment was once more costly than gold. A fresh canvas frightens almost every artist. Set the easel where the light falls from the side. One confident brushstroke beats ten careful ones.
286,10,B1,,img_day286.png,Ways of Making,Ways of Making,sculpture · ceramic · mosaic · engraving · printmaking · handmade · artisan · portrait,A sculpture is finished when nothing more can be removed. Every ceramic bowl bends a little in the fire. A mosaic is thousands of small decisions.,"Illustrate one clear, concrete scene that explains ""Ways of Making"" to a child, for a children's English book. Show real objects and people doing the action — not symbols or abstract shapes. Key ideas to show: sculpture, ceramic, mosaic, engraving, printmaking, handmade, artisan, portrait. children's storybook illustration, soft warm colors, friendly rounded shapes, gentle lighting, flat vector style with light texture, wide 16:9 scene, no text, no letters, no words, no watermark","A sculpture is finished when nothing more can be removed. Every ceramic bowl bends a little in the fire. A mosaic is thousands of small decisions. An engraving keeps its line for four hundred years. Printmaking lets one idea reach a hundred homes. Handmade does not mean perfect, and that is the point. An artisan learns by repeating, not by reading. A good portrait shows the person on an ordinary day."
287,10,B1,,img_day287.png,In the Gallery,In the Gallery,exhibition · gallery · curator · masterpiece · abstract · realistic · symmetry · proportion,The exhibition runs for three more weeks. A curator decides what you see and in what order. Nobody agrees on which painting is the masterpiece.,"Illustrate one clear, concrete scene that explains ""In the Gallery"" to a child, for a children's English book. Show real objects and people doing the action — not symbols or abstract shapes. Key ideas to show: exhibition, gallery, curator, masterpiece, abstract, realistic, symmetry, proportion. children's storybook illustration, soft warm colors, friendly rounded shapes, gentle lighting, flat vector style with light texture, wide 16:9 scene, no text, no letters, no words, no watermark",The exhibition runs for three more weeks. This gallery is free on the first Sunday. A curator decides what you see and in what order. Nobody agrees on which painting is the masterpiece. An abstract picture asks you to feel before you understand. A realistic drawing hides all its hard work. Perfect symmetry can look cold. Getting the proportion right matters more than getting the colour right.
288,10,B1,,img_day288.png,Cloth and Thread,Cloth and Thread,embroidery · weaving · dye · vibrant · muted · motif · backdrop · choreography,Her grandmother taught her embroidery at seven. Weaving turns thread into something that can hold weight. Village families dye cloth with leaves and mud.,"Illustrate one clear, concrete scene that explains ""Cloth and Thread"" to a child, for a children's English book. Show real objects and people doing the action — not symbols or abstract shapes. Key ideas to show: embroidery, weaving, dye, vibrant, muted, motif, backdrop, choreography. children's storybook illustration, soft warm colors, friendly rounded shapes, gentle lighting, flat vector style with light texture, wide 16:9 scene, no text, no letters, no words, no watermark",Her grandmother taught her embroidery at seven. Weaving turns thread into something that can hold weight. Village families dye cloth with leaves and mud. A vibrant red comes from one small insect. Muted colours last longer in the sun. A repeated motif turns cloth into a story. The stage backdrop was sewn by the students themselves. Good choreography makes eight dancers look like one.
289,10,B1,,img_day289.png,Design That Works,Design That Works,typography · layout · illustration · mockup · improvise · audition · encore · soloist,Good typography is invisible until it is bad. A clean layout leaves room for the reader to breathe. One clear illustration replaces a page of words.,"Illustrate one clear, concrete scene that explains ""Design That Works"" to a child, for a children's English book. Show real objects and people doing the action — not symbols or abstract shapes. Key ideas to show: typography, layout, illustration, mockup, improvise, audition, encore, soloist. children's storybook illustration, soft warm colors, friendly rounded shapes, gentle lighting, flat vector style with light texture, wide 16:9 scene, no text, no letters, no words, no watermark","Good typography is invisible until it is bad. A clean layout leaves room for the reader to breathe. One clear illustration replaces a page of words. Show your rough mockup early, not late. Learn the rules well enough to improvise inside them. Forty people came to the audition for six parts. The crowd would not leave without an encore. Every soloist began in the back row."
290,10,B1,,img_day290.png,Making Music Together,Making Music Together,harmony · tempo · chord · lyric · composer · conductor · orchestra · choir,Harmony is what happens when nobody sings louder than everyone. The tempo must be agreed before the first note. Three chords are enough for a thousand songs.,"Illustrate one clear, concrete scene that explains ""Making Music Together"" to a child, for a children's English book. Show real objects and people doing the action — not symbols or abstract shapes. Key ideas to show: harmony, tempo, chord, lyric, composer, conductor, orchestra, choir. children's storybook illustration, soft warm colors, friendly rounded shapes, gentle lighting, flat vector style with light texture, wide 16:9 scene, no text, no letters, no words, no watermark",Harmony is what happens when nobody sings louder than everyone. The tempo must be agreed before the first note. Three chords are enough for a thousand songs. A simple lyric said honestly beats a clever one. A composer hears the piece long before anyone plays it. The conductor makes no sound at all. An orchestra is sixty people breathing together. Our school choir sings every Friday afternoon.
291,10,B1,ทบทวน,img_day291.png,Week 42 Friends Review!,Week 43 Friends Review!,outline · shading · texture · palette · pigment · canvas · easel · brushstroke · sculpture · ceramic · mosaic · engraving · printmaking · handmade · artisan · portrait · exhibition · gallery · curator · masterpiece · abstract · realistic · symmetry · proportion · embroidery · weaving · dye · vibrant · muted · motif · backdrop · choreography · typography · layout · illustration · mockup · improvise · audition · encore · soloist · harmony · tempo · chord · lyric · composer · conductor · orchestra · choir,,"Illustrate a cheerful review-day celebration for a children's English book: two original child-friendly characters cheering together among floating stars, balloons and simple everyday objects. Theme: Week 43 Friends Review!. children's storybook illustration, soft warm colors, friendly rounded shapes, gentle lighting, flat vector style with light texture, wide 16:9 scene, no text, no letters, no words, no watermark",
292,10,B1,,img_day292.png,Where We Come From,Where We Come From,elder · descendant · kinship · clan · surname · homeland · nostalgia · belonging,"In many villages an elder settles arguments without any law. Every descendant carries something forward without choosing to. Kinship is not only blood, it is who shows up.","Illustrate one clear, concrete scene that explains ""Where We Come From"" to a child, for a children's English book. Show real objects and people doing the action — not symbols or abstract shapes. Key ideas to show: elder, descendant, kinship, clan, surname, homeland, nostalgia, belonging. children's storybook illustration, soft warm colors, friendly rounded shapes, gentle lighting, flat vector style with light texture, wide 16:9 scene, no text, no letters, no words, no watermark","In many villages an elder settles arguments without any law. Every descendant carries something forward without choosing to. Kinship is not only blood, it is who shows up. Our clan has kept the same recipe for a hundred years. A surname can tell you where a family once farmed. She left her homeland at nineteen and returned at sixty. Nostalgia makes the past softer than it really was. Belonging is knowing there is a chair for you."
293,10,B1,,img_day293.png,Customs and Beliefs,Customs and Beliefs,etiquette · taboo · superstition · pilgrimage · shrine · lunar · dialect · multicultural,Table etiquette changes the moment you cross a border. What is polite here may be taboo one country away. Every culture keeps one superstition it laughs about and still obeys.,"Illustrate one clear, concrete scene that explains ""Customs and Beliefs"" to a child, for a children's English book. Show real objects and people doing the action — not symbols or abstract shapes. Key ideas to show: etiquette, taboo, superstition, pilgrimage, shrine, lunar, dialect, multicultural. children's storybook illustration, soft warm colors, friendly rounded shapes, gentle lighting, flat vector style with light texture, wide 16:9 scene, no text, no letters, no words, no watermark","Table etiquette changes the moment you cross a border. What is polite here may be taboo one country away. Every culture keeps one superstition it laughs about and still obeys. A pilgrimage is measured in days, not kilometres. People leave flowers at the small shrine each morning. The lunar new year moves every year. A dialect is a language that lost an argument. A multicultural city argues more and learns faster."
294,10,B1,,img_day294.png,Reading the Map,Reading the Map,latitude · longitude · hemisphere · equator · tropic · timezone · altitude · terrain,Latitude tells you how hot a place is likely to be. Longitude tells you what time it is there. The southern hemisphere has summer in December.,"Illustrate one clear, concrete scene that explains ""Reading the Map"" to a child, for a children's English book. Show real objects and people doing the action — not symbols or abstract shapes. Key ideas to show: latitude, longitude, hemisphere, equator, tropic, timezone, altitude, terrain. children's storybook illustration, soft warm colors, friendly rounded shapes, gentle lighting, flat vector style with light texture, wide 16:9 scene, no text, no letters, no words, no watermark",Latitude tells you how hot a place is likely to be. Longitude tells you what time it is there. The southern hemisphere has summer in December. Countries on the equator have no real winter. Thailand sits inside the tropic zone. One country can hold five timezone lines. At high altitude water boils below one hundred degrees. Rough terrain slows an army more than any wall.
295,10,B1,,img_day295.png,Land and Water,Land and Water,peninsula · archipelago · canyon · glacier · delta · estuary · reef · dune,A peninsula has water on three sides and a road on the fourth. An archipelago can hold seventeen thousand islands. The river cut this canyon over two million years.,"Illustrate one clear, concrete scene that explains ""Land and Water"" to a child, for a children's English book. Show real objects and people doing the action — not symbols or abstract shapes. Key ideas to show: peninsula, archipelago, canyon, glacier, delta, estuary, reef, dune. children's storybook illustration, soft warm colors, friendly rounded shapes, gentle lighting, flat vector style with light texture, wide 16:9 scene, no text, no letters, no words, no watermark",A peninsula has water on three sides and a road on the fourth. An archipelago can hold seventeen thousand islands. The river cut this canyon over two million years. A glacier moves so slowly that it looks asleep. Rice grows well in a river delta. Salt and fresh water meet in the estuary. One reef can shelter a quarter of all sea life. The wind rebuilds every dune each night.
296,10,B1,,img_day296.png,"Hot Places, Cold Places","Hot Places, Cold Places",tundra · savannah · oasis · crater · fjord · trek · wander · roam,Nothing tall grows on the tundra. On the savannah the grass is taller than a child. An oasis is proof that water hides below the sand.,"Illustrate one clear, concrete scene that explains ""Hot Places, Cold Places"" to a child, for a children's English book. Show real objects and people doing the action — not symbols or abstract shapes. Key ideas to show: tundra, savannah, oasis, crater, fjord, trek, wander, roam. children's storybook illustration, soft warm colors, friendly rounded shapes, gentle lighting, flat vector style with light texture, wide 16:9 scene, no text, no letters, no words, no watermark",Nothing tall grows on the tundra. On the savannah the grass is taller than a child. An oasis is proof that water hides below the sand. This crater filled with rainwater and became a lake. A fjord is a valley the sea walked into. The trek to the village takes two days on foot. It is good to wander with no plan sometimes. Elephants roam further than any fence should allow.
297,10,B1,,img_day297.png,On the Road,On the Road,hostel · guidebook · phrasebook · jetlag · bilingual · detour · stopover · sightseeing,"A hostel costs less and teaches more. Read the guidebook on the plane, not in the street. A cheap phrasebook opens more doors than a full wallet.","Illustrate one clear, concrete scene that explains ""On the Road"" to a child, for a children's English book. Show real objects and people doing the action — not symbols or abstract shapes. Key ideas to show: hostel, guidebook, phrasebook, jetlag, bilingual, detour, stopover, sightseeing. children's storybook illustration, soft warm colors, friendly rounded shapes, gentle lighting, flat vector style with light texture, wide 16:9 scene, no text, no letters, no words, no watermark","A hostel costs less and teaches more. Read the guidebook on the plane, not in the street. A cheap phrasebook opens more doors than a full wallet. Jetlag is worse going east than going west. Every bilingual child has two ways of thinking. The best day of the trip was an accidental detour. We had a nine hour stopover and saw the whole old town. Sightseeing is not the same as seeing."
298,10,B1,ทบทวน,img_day298.png,Week 43 Friends Review!,Week 44 Friends Review!,elder · descendant · kinship · clan · surname · homeland · nostalgia · belonging · etiquette · taboo · superstition · pilgrimage · shrine · lunar · dialect · multicultural · latitude · longitude · hemisphere · equator · tropic · timezone · altitude · terrain · peninsula · archipelago · canyon · glacier · delta · estuary · reef · dune · tundra · savannah · oasis · crater · fjord · trek · wander · roam · hostel · guidebook · phrasebook · jetlag · bilingual · detour · stopover · sightseeing,,"Illustrate a cheerful review-day celebration for a children's English book: two original child-friendly characters cheering together among floating stars, balloons and simple everyday objects. Theme: Week 44 Friends Review!. children's storybook illustration, soft warm colors, friendly rounded shapes, gentle lighting, flat vector style with light texture, wide 16:9 scene, no text, no letters, no words, no watermark",
299,10,B1,,img_day299.png,The Whole Journey,The Whole Journey,competence · gist · infer · inference · summarise · deduce · critique · formality,Competence is quieter than confidence and lasts longer. You can now catch the gist of a talk you have never heard. You infer the meaning of a new word without stopping.,"Illustrate one clear, concrete scene that explains ""The Whole Journey"" to a child, for a children's English book. Show real objects and people doing the action — not symbols or abstract shapes. Key ideas to show: competence, gist, infer, inference, summarise, deduce, critique, formality. children's storybook illustration, soft warm colors, friendly rounded shapes, gentle lighting, flat vector style with light texture, wide 16:9 scene, no text, no letters, no words, no watermark","Competence is quieter than confidence and lasts longer. You can now catch the gist of a talk you have never heard. You infer the meaning of a new word without stopping. That single skill, inference, will carry you for years. Try to summarise a page in two sentences. From two facts you can often deduce the third. A fair critique names what worked first. Choose the right formality for the person in front of you."
300,10,B1,,img_day300.png,Three Hundred Days,Three Hundred Days,proficient · idiomatic · colloquial · outset · accomplishment · tenacity · steadfast · brink,"Three hundred days ago you knew a few hundred words. You are proficient now in a way that felt impossible then. Idiomatic English is the next hill, and it is a friendly one.","Illustrate one clear, concrete scene that explains ""Three Hundred Days"" to a child, for a children's English book. Show real objects and people doing the action — not symbols or abstract shapes. Key ideas to show: proficient, idiomatic, colloquial, outset, accomplishment, tenacity, steadfast, brink. children's storybook illustration, soft warm colors, friendly rounded shapes, gentle lighting, flat vector style with light texture, wide 16:9 scene, no text, no letters, no words, no watermark","Three hundred days ago you knew a few hundred words. You are proficient now in a way that felt impossible then. Idiomatic English is the next hill, and it is a friendly one. Colloquial speech is learned by listening, not by studying. You are standing at the outset of something, not a finish line. Day three hundred is an accomplishment worth stopping to notice. Your tenacity was not because it was easy. Stay steadfast and curious — you are on the brink of B2."
301,11,B2,,img_day301.png,How Markets Work,How Markets Work,commodity · demand · monopoly · vendor · margin · overhead · revenue · turnover · barter,"Rice is a commodity, which means one sack is much like another. When demand rises faster than supply, the price follows. A monopoly has no reason to improve anything.","Illustrate one clear, concrete scene that explains ""How Markets Work"" to a child, for a children's English book. Show real objects and people doing the action — not symbols or abstract shapes. Key ideas to show: commodity, demand, monopoly, vendor, margin, overhead, revenue, turnover, barter. children's storybook illustration, soft warm colors, friendly rounded shapes, gentle lighting, flat vector style with light texture, wide 16:9 scene, no text, no letters, no words, no watermark","Rice is a commodity, which means one sack is much like another. When demand rises faster than supply, the price follows. A monopoly has no reason to improve anything. Each vendor in the market watches the others closely. A thin margin can still make a good living. Overhead is what you pay before you sell a single item. Revenue is money coming in, not money kept. High turnover with no profit is a trap. Long before coins, people would barter what they had."
302,11,B2,,img_day302.png,Money and Government,Money and Government,taxation · subsidy · tariff · fiscal · monetary · deficit · stimulus · austerity · governance,Taxation is how a country pays for the things nobody owns alone. A subsidy makes something cheaper than it truly costs. A tariff protects local jobs and raises local prices at the same time.,"Illustrate one clear, concrete scene that explains ""Money and Government"" to a child, for a children's English book. Show real objects and people doing the action — not symbols or abstract shapes. Key ideas to show: taxation, subsidy, tariff, fiscal, monetary, deficit, stimulus, austerity, governance. children's storybook illustration, soft warm colors, friendly rounded shapes, gentle lighting, flat vector style with light texture, wide 16:9 scene, no text, no letters, no words, no watermark","Taxation is how a country pays for the things nobody owns alone. A subsidy makes something cheaper than it truly costs. A tariff protects local jobs and raises local prices at the same time. Fiscal policy is about spending and taxing. Monetary policy is about interest and the money supply. A deficit is not always dangerous, but it is never free. A stimulus works best when it is fast and temporary. Austerity tends to hurt the people with the least. Good governance is judged over decades, not headlines."
303,11,B2,,img_day303.png,When Economies Struggle,When Economies Struggle,recession · stagnation · prosperity · volatility · speculation · devalue · ration · livelihood · remittance,"A recession is two quarters of shrinking, and years of worry. Stagnation is worse than a fall, because nothing moves at all. Prosperity spreads unevenly, whereas hardship spreads fast.","Illustrate one clear, concrete scene that explains ""When Economies Struggle"" to a child, for a children's English book. Show real objects and people doing the action — not symbols or abstract shapes. Key ideas to show: recession, stagnation, prosperity, volatility, speculation, devalue, ration, livelihood, remittance. children's storybook illustration, soft warm colors, friendly rounded shapes, gentle lighting, flat vector style with light texture, wide 16:9 scene, no text, no letters, no words, no watermark","A recession is two quarters of shrinking, and years of worry. Stagnation is worse than a fall, because nothing moves at all. Prosperity spreads unevenly, whereas hardship spreads fast. Volatility frightens savers more than a slow decline. Speculation turns a market into a casino. When a country has to devalue, imports become painful overnight. In wartime governments ration what they cannot supply. One flood can end a family's livelihood in an afternoon. For many villages, a monthly remittance is the whole economy."
304,11,B2,,img_day304.png,Building a Business,Building a Business,enterprise · entrepreneur · asset · liability · shareholder · dividend · invoice · ledger · cooperative,A small enterprise fails more often from bad records than bad ideas. An entrepreneur is someone who is comfortable being uncertain. An asset earns while you sleep.,"Illustrate one clear, concrete scene that explains ""Building a Business"" to a child, for a children's English book. Show real objects and people doing the action — not symbols or abstract shapes. Key ideas to show: enterprise, entrepreneur, asset, liability, shareholder, dividend, invoice, ledger, cooperative. children's storybook illustration, soft warm colors, friendly rounded shapes, gentle lighting, flat vector style with light texture, wide 16:9 scene, no text, no letters, no words, no watermark","A small enterprise fails more often from bad records than bad ideas. An entrepreneur is someone who is comfortable being uncertain. An asset earns while you sleep. A liability costs while you sleep. Every shareholder owns a slice of the risk as well as the reward. A dividend is a share of profit, paid only when there is profit. Send the invoice the same week, not the same month. A clear ledger has saved more businesses than any clever plan. In a cooperative the workers and the owners are the same people."
305,11,B2,,img_day305.png,The Gap Between Us,The Gap Between Us,inequality · affluence · philanthropy · redistribution · mobility · bureaucracy · corruption · capitalism · socialism,"Inequality is not the same as poverty, and both matter. Affluence in one district can hide hardship in the next street. Philanthropy is generous, but it is not a system.","Illustrate one clear, concrete scene that explains ""The Gap Between Us"" to a child, for a children's English book. Show real objects and people doing the action — not symbols or abstract shapes. Key ideas to show: inequality, affluence, philanthropy, redistribution, mobility, bureaucracy, corruption, capitalism, socialism. children's storybook illustration, soft warm colors, friendly rounded shapes, gentle lighting, flat vector style with light texture, wide 16:9 scene, no text, no letters, no words, no watermark","Inequality is not the same as poverty, and both matter. Affluence in one district can hide hardship in the next street. Philanthropy is generous, but it is not a system. Redistribution is argued about in every parliament on earth. What really matters is mobility: can a child do better than her parents? A slow bureaucracy costs the poor more time than it costs the rich. Corruption is a tax that nobody voted for. Capitalism rewards risk. Socialism shares it. Most countries choose a little of each."
306,11,B2,,img_day306.png,Counting a Country,Counting a Country,census · demographic · urbanisation · logistics · distribution · procurement · franchise · microloan · transparency,"A census is taken once a decade and argued about for ten years. A demographic shift is slow, certain and easy to ignore. Urbanisation moved half the world into cities within one lifetime.","Illustrate one clear, concrete scene that explains ""Counting a Country"" to a child, for a children's English book. Show real objects and people doing the action — not symbols or abstract shapes. Key ideas to show: census, demographic, urbanisation, logistics, distribution, procurement, franchise, microloan, transparency. children's storybook illustration, soft warm colors, friendly rounded shapes, gentle lighting, flat vector style with light texture, wide 16:9 scene, no text, no letters, no words, no watermark","A census is taken once a decade and argued about for ten years. A demographic shift is slow, certain and easy to ignore. Urbanisation moved half the world into cities within one lifetime. Logistics decides whether medicine arrives before it expires. Distribution matters as much as production. Honest procurement saves more public money than any budget cut. A franchise sells a system, not just a product. One small microloan can start a shop that feeds a family. Transparency is cheaper than trust rebuilt after it is lost."
307,11,B2,ทบทวน,img_day307.png,Week 44 Friends Review!,Week 45 Friends Review!,commodity · demand · monopoly · vendor · margin · overhead · revenue · turnover · barter · taxation · subsidy · tariff · fiscal · monetary · deficit · stimulus · austerity · governance · recession · stagnation · prosperity · volatility · speculation · devalue · ration · livelihood · remittance · enterprise · entrepreneur · asset · liability · shareholder · dividend · invoice · ledger · cooperative · inequality · affluence · philanthropy · redistribution · mobility · bureaucracy · corruption · capitalism · socialism · census · demographic · urbanisation · logistics · distribution · procurement · franchise · microloan · transparency,,"Illustrate a cheerful review-day celebration for a children's English book: two original child-friendly characters cheering together among floating stars, balloons and simple everyday objects. Theme: Week 45 Friends Review!. children's storybook illustration, soft warm colors, friendly rounded shapes, gentle lighting, flat vector style with light texture, wide 16:9 scene, no text, no letters, no words, no watermark",
308,11,B2,,img_day308.png,The Rule of Law,The Rule of Law,legislation · statute · constitution · amendment · jurisdiction · precedent · lawful · unlawful · legitimate,Legislation is written slowly on purpose. A statute means nothing until a court applies it to a real person. A constitution sets limits on the people who write the rules.,"Illustrate one clear, concrete scene that explains ""The Rule of Law"" to a child, for a children's English book. Show real objects and people doing the action — not symbols or abstract shapes. Key ideas to show: legislation, statute, constitution, amendment, jurisdiction, precedent, lawful, unlawful, legitimate. children's storybook illustration, soft warm colors, friendly rounded shapes, gentle lighting, flat vector style with light texture, wide 16:9 scene, no text, no letters, no words, no watermark",Legislation is written slowly on purpose. A statute means nothing until a court applies it to a real person. A constitution sets limits on the people who write the rules. An amendment is how a country admits it was wrong. Each court has its own jurisdiction and cannot reach beyond it. One precedent can shape thousands of later decisions. What is lawful in one country may be unlawful across the border. A legitimate government is one people accept even when they disagree with it.
309,11,B2,,img_day309.png,Inside the Courtroom,Inside the Courtroom,prosecution · defendant · plaintiff · testimony · jury · magistrate · attorney · verdict · impartial,The prosecution must prove its case; the defendant proves nothing. In a civil case the plaintiff brings the complaint. Testimony given under oath still has to be tested.,"Illustrate one clear, concrete scene that explains ""Inside the Courtroom"" to a child, for a children's English book. Show real objects and people doing the action — not symbols or abstract shapes. Key ideas to show: prosecution, defendant, plaintiff, testimony, jury, magistrate, attorney, verdict, impartial. children's storybook illustration, soft warm colors, friendly rounded shapes, gentle lighting, flat vector style with light texture, wide 16:9 scene, no text, no letters, no words, no watermark",The prosecution must prove its case; the defendant proves nothing. In a civil case the plaintiff brings the complaint. Testimony given under oath still has to be tested. A jury of ordinary people is a strange idea that mostly works. A magistrate hears the smaller cases first. An attorney argues for one side and is meant to. The verdict is announced in one sentence after weeks of argument. A judge who is not impartial is not a judge.
310,11,B2,,img_day310.png,Crime and Consequence,Crime and Consequence,convict · acquit · custody · bail · parole · tribunal · appeal · liable · negligence,"To convict someone, doubt must be removed, not merely reduced. Courts acquit more often than the news suggests. Custody before trial is not punishment, although it feels like it.","Illustrate one clear, concrete scene that explains ""Crime and Consequence"" to a child, for a children's English book. Show real objects and people doing the action — not symbols or abstract shapes. Key ideas to show: convict, acquit, custody, bail, parole, tribunal, appeal, liable, negligence. children's storybook illustration, soft warm colors, friendly rounded shapes, gentle lighting, flat vector style with light texture, wide 16:9 scene, no text, no letters, no words, no watermark","To convict someone, doubt must be removed, not merely reduced. Courts acquit more often than the news suggests. Custody before trial is not punishment, although it feels like it. Bail lets a person wait for trial at home. Parole is release with conditions and a long memory. A special tribunal is created when ordinary courts cannot cope. The right to appeal is what makes one mistake survivable. A company can be liable even when nobody meant any harm. Negligence is failing to take the care a reasonable person would take."
311,11,B2,,img_day311.png,When Things Go Wrong,When Things Go Wrong,compensation · arbitration · mediation · clause · breach · litigation · advocacy · petitioner · sovereignty,Compensation cannot undo an injury; it can only share the cost. Arbitration is faster than court and harder to escape. Mediation asks both sides to invent the answer themselves.,"Illustrate one clear, concrete scene that explains ""When Things Go Wrong"" to a child, for a children's English book. Show real objects and people doing the action — not symbols or abstract shapes. Key ideas to show: compensation, arbitration, mediation, clause, breach, litigation, advocacy, petitioner, sovereignty. children's storybook illustration, soft warm colors, friendly rounded shapes, gentle lighting, flat vector style with light texture, wide 16:9 scene, no text, no letters, no words, no watermark","Compensation cannot undo an injury; it can only share the cost. Arbitration is faster than court and harder to escape. Mediation asks both sides to invent the answer themselves. Read the small clause at the end before you sign anything. A breach of contract is not always dishonest, sometimes it is only careless. Litigation is expensive even when you win. Advocacy speaks for those who cannot speak in the room. The petitioner waited four years for a hearing. Every treaty asks a country to trade some sovereignty for something else."
312,11,B2,,img_day312.png,Rights and Freedoms,Rights and Freedoms,liberty · censorship · surveillance · activism · asylum · deport · discrimination · confidentiality · impunity,Liberty is easiest to defend before it is taken. Censorship rarely announces itself as censorship. Surveillance changes how people behave even when nobody is watching.,"Illustrate one clear, concrete scene that explains ""Rights and Freedoms"" to a child, for a children's English book. Show real objects and people doing the action — not symbols or abstract shapes. Key ideas to show: liberty, censorship, surveillance, activism, asylum, deport, discrimination, confidentiality, impunity. children's storybook illustration, soft warm colors, friendly rounded shapes, gentle lighting, flat vector style with light texture, wide 16:9 scene, no text, no letters, no words, no watermark","Liberty is easiest to defend before it is taken. Censorship rarely announces itself as censorship. Surveillance changes how people behave even when nobody is watching. Activism is inconvenient by design. A person may seek asylum when returning home would be dangerous. To deport someone is a decision that should never be routine. Discrimination is often quiet and always expensive to the whole society. Confidentiality is not about hiding wrongdoing; it is about choosing what to share. Where powerful people act with impunity, the law is only decoration."
313,11,B2,,img_day313.png,How We Choose,How We Choose,referendum · ballot · candidacy · coalition · mandate · turnout · answerable · scrutiny · consensus,A referendum asks a complicated country a simple question. The secret ballot is a surprisingly recent invention. A coalition governs by argument rather than by command.,"Illustrate one clear, concrete scene that explains ""How We Choose"" to a child, for a children's English book. Show real objects and people doing the action — not symbols or abstract shapes. Key ideas to show: referendum, ballot, candidacy, coalition, mandate, turnout, answerable, scrutiny, consensus. children's storybook illustration, soft warm colors, friendly rounded shapes, gentle lighting, flat vector style with light texture, wide 16:9 scene, no text, no letters, no words, no watermark",A referendum asks a complicated country a simple question. The secret ballot is a surprisingly recent invention. She announced her candidacy on a Tuesday morning. A coalition governs by argument rather than by command. A large majority is a mandate; a narrow one is a warning. Low turnout weakens whoever wins. A leader who is not answerable will not stay careful. Public scrutiny is uncomfortable and necessary. Consensus is slower than voting and lasts longer.
314,11,B2,ทบทวน,img_day314.png,Week 45 Friends Review!,Week 46 Friends Review!,legislation · statute · constitution · amendment · jurisdiction · precedent · lawful · unlawful · legitimate · prosecution · defendant · plaintiff · testimony · jury · magistrate · attorney · verdict · impartial · convict · acquit · custody · bail · parole · tribunal · appeal · liable · negligence · compensation · arbitration · mediation · clause · breach · litigation · advocacy · petitioner · sovereignty · liberty · censorship · surveillance · activism · asylum · deport · discrimination · confidentiality · impunity · referendum · ballot · candidacy · coalition · mandate · turnout · answerable · scrutiny · consensus,,"Illustrate a cheerful review-day celebration for a children's English book: two original child-friendly characters cheering together among floating stars, balloons and simple everyday objects. Theme: Week 46 Friends Review!. children's storybook illustration, soft warm colors, friendly rounded shapes, gentle lighting, flat vector style with light texture, wide 16:9 scene, no text, no letters, no words, no watermark",
315,11,B2,,img_day315.png,One Warming Planet,One Warming Planet,fossil · methane · ozone · albedo · permafrost · sealevel · emitter · offset · mitigate,"Burning fossil fuel releases gas that took millions of years to store. Methane traps far more heat than carbon dioxide, though it fades faster. The ozone layer recovered because countries agreed to act together.","Illustrate one clear, concrete scene that explains ""One Warming Planet"" to a child, for a children's English book. Show real objects and people doing the action — not symbols or abstract shapes. Key ideas to show: fossil, methane, ozone, albedo, permafrost, sealevel, emitter, offset, mitigate. children's storybook illustration, soft warm colors, friendly rounded shapes, gentle lighting, flat vector style with light texture, wide 16:9 scene, no text, no letters, no words, no watermark","Burning fossil fuel releases gas that took millions of years to store. Methane traps far more heat than carbon dioxide, though it fades faster. The ozone layer recovered because countries agreed to act together. White ice has a high albedo and sends sunlight back to space. Melting permafrost releases gas that was frozen for ten thousand years. A rising sealevel does not need to be dramatic to be expensive. The ten largest emitter countries produce most of the problem. Planting trees to offset a flight is better than nothing and less than enough. To mitigate is to make the damage smaller before it arrives."
316,11,B2,,img_day316.png,Extreme Weather,Extreme Weather,flooding · cyclone · wildfire · heatwave · monsoon · desertification · adaptation · quota · regulator,Flooding kills more people worldwide than any other natural event. A cyclone gathers its strength from warm ocean water. One wildfire can release the carbon of a whole city's year.,"Illustrate one clear, concrete scene that explains ""Extreme Weather"" to a child, for a children's English book. Show real objects and people doing the action — not symbols or abstract shapes. Key ideas to show: flooding, cyclone, wildfire, heatwave, monsoon, desertification, adaptation, quota, regulator. children's storybook illustration, soft warm colors, friendly rounded shapes, gentle lighting, flat vector style with light texture, wide 16:9 scene, no text, no letters, no words, no watermark","Flooding kills more people worldwide than any other natural event. A cyclone gathers its strength from warm ocean water. One wildfire can release the carbon of a whole city's year. A heatwave is dangerous mostly at night, when nobody cools down. When the monsoon arrives late, two harvests are lost. Desertification spreads slowly and is almost never reversed. Adaptation means building for the climate we will have, not the one we had. A fishing quota is unpopular until the fish return. An independent regulator is only useful if it can say no."
317,11,B2,,img_day317.png,"Land, Water and Waste","Land, Water and Waste",landfill · incinerate · decompose · biodegradable · microplastic · contamination · aquifer · sanitation · runoff,A landfill is not a solution; it is a decision to wait. To incinerate rubbish creates energy and also creates air pollution. Food waste will decompose in weeks; a plastic bottle will not.,"Illustrate one clear, concrete scene that explains ""Land, Water and Waste"" to a child, for a children's English book. Show real objects and people doing the action — not symbols or abstract shapes. Key ideas to show: landfill, incinerate, decompose, biodegradable, microplastic, contamination, aquifer, sanitation, runoff. children's storybook illustration, soft warm colors, friendly rounded shapes, gentle lighting, flat vector style with light texture, wide 16:9 scene, no text, no letters, no words, no watermark","A landfill is not a solution; it is a decision to wait. To incinerate rubbish creates energy and also creates air pollution. Food waste will decompose in weeks; a plastic bottle will not. Biodegradable packaging only works if it is sent to the right place. Microplastic has been found in rain, in fish and in human blood. Contamination of one well can affect a whole district. An aquifer refills over centuries and empties in decades. Safe sanitation has saved more lives than almost any medicine. Farm runoff carries fertiliser into the river and starves it of oxygen."
318,11,B2,,img_day318.png,Life on the Edge,Life on the Edge,biodiversity · ecosystem · extinction · poaching · wetland · reforestation · conservation · acidification · sediment,Biodiversity is insurance that a system cannot buy anywhere else. Remove one species and the ecosystem rearranges itself in ways nobody predicted. Extinction is the only environmental problem that cannot be undone.,"Illustrate one clear, concrete scene that explains ""Life on the Edge"" to a child, for a children's English book. Show real objects and people doing the action — not symbols or abstract shapes. Key ideas to show: biodiversity, ecosystem, extinction, poaching, wetland, reforestation, conservation, acidification, sediment. children's storybook illustration, soft warm colors, friendly rounded shapes, gentle lighting, flat vector style with light texture, wide 16:9 scene, no text, no letters, no words, no watermark",Biodiversity is insurance that a system cannot buy anywhere else. Remove one species and the ecosystem rearranges itself in ways nobody predicted. Extinction is the only environmental problem that cannot be undone. Poaching survives because the buyers are far away and comfortable. A single wetland filters more water than an expensive plant. Reforestation works when local people gain from the trees standing. Conservation that ignores the nearest village usually fails. Ocean acidification makes it harder for shells to form. Sediment washed from bare hills buries the coral below.
319,11,B2,,img_day319.png,Power Without Smoke,Power Without Smoke,photovoltaic · turbine · geothermal · hydropower · biomass · insulate · retrofit · consumption · footprint,"A photovoltaic panel has no moving parts and lasts thirty years. One large turbine can power six hundred homes on a windy day. Geothermal energy is steady, which wind and sun are not.","Illustrate one clear, concrete scene that explains ""Power Without Smoke"" to a child, for a children's English book. Show real objects and people doing the action — not symbols or abstract shapes. Key ideas to show: photovoltaic, turbine, geothermal, hydropower, biomass, insulate, retrofit, consumption, footprint. children's storybook illustration, soft warm colors, friendly rounded shapes, gentle lighting, flat vector style with light texture, wide 16:9 scene, no text, no letters, no words, no watermark","A photovoltaic panel has no moving parts and lasts thirty years. One large turbine can power six hundred homes on a windy day. Geothermal energy is steady, which wind and sun are not. Hydropower is clean to run and difficult to build. Burning biomass is only clean if the plants are replanted. It is cheaper to insulate a house than to heat a cold one forever. To retrofit an old building saves more carbon than replacing it. The cleanest unit of energy is the consumption that never happens. Measure your footprint before you try to shrink it."
320,11,B2,,img_day320.png,Living with Less,Living with Less,circular · reuse · repurpose · toxic · salinity · desalination · irrigate · nitrate · robustness,A circular economy treats waste as a design mistake. To reuse a container twenty times beats recycling it once. You can repurpose an old door into a desk in an afternoon.,"Illustrate one clear, concrete scene that explains ""Living with Less"" to a child, for a children's English book. Show real objects and people doing the action — not symbols or abstract shapes. Key ideas to show: circular, reuse, repurpose, toxic, salinity, desalination, irrigate, nitrate, robustness. children's storybook illustration, soft warm colors, friendly rounded shapes, gentle lighting, flat vector style with light texture, wide 16:9 scene, no text, no letters, no words, no watermark",A circular economy treats waste as a design mistake. To reuse a container twenty times beats recycling it once. You can repurpose an old door into a desk in an afternoon. Some cleaning products are toxic long after the smell has gone. Rising salinity is turning good farmland into salt flats. Desalination gives water to dry cities and uses a great deal of power. Farmers who irrigate at night lose far less to the air. Too much nitrate in a river feeds algae and nothing else. Robustness is not resisting change; it is recovering from it.
321,11,B2,ทบทวน,img_day321.png,Week 46 Friends Review!,Week 47 Friends Review!,fossil · methane · ozone · albedo · permafrost · sealevel · emitter · offset · mitigate · flooding · cyclone · wildfire · heatwave · monsoon · desertification · adaptation · quota · regulator · landfill · incinerate · decompose · biodegradable · microplastic · contamination · aquifer · sanitation · runoff · biodiversity · ecosystem · extinction · poaching · wetland · reforestation · conservation · acidification · sediment · photovoltaic · turbine · geothermal · hydropower · biomass · insulate · retrofit · consumption · footprint · circular · reuse · repurpose · toxic · salinity · desalination · irrigate · nitrate · robustness,,"Illustrate a cheerful review-day celebration for a children's English book: two original child-friendly characters cheering together among floating stars, balloons and simple everyday objects. Theme: Week 47 Friends Review!. children's storybook illustration, soft warm colors, friendly rounded shapes, gentle lighting, flat vector style with light texture, wide 16:9 scene, no text, no letters, no words, no watermark",
322,11,B2,,img_day322.png,How the Mind Works,How the Mind Works,cognition · perception · neuron · synapse · cortex · plasticity · subconscious · intuition · concentration,"Cognition is everything the brain does between seeing and deciding. Perception is not a recording; the brain fills in the gaps. A single neuron is simple, and eighty billion of them are not.","Illustrate one clear, concrete scene that explains ""How the Mind Works"" to a child, for a children's English book. Show real objects and people doing the action — not symbols or abstract shapes. Key ideas to show: cognition, perception, neuron, synapse, cortex, plasticity, subconscious, intuition, concentration. children's storybook illustration, soft warm colors, friendly rounded shapes, gentle lighting, flat vector style with light texture, wide 16:9 scene, no text, no letters, no words, no watermark","Cognition is everything the brain does between seeing and deciding. Perception is not a recording; the brain fills in the gaps. A single neuron is simple, and eighty billion of them are not. Learning changes the synapse, not the number of brain cells. The cortex is the thin folded layer where most thinking happens. Plasticity means the brain keeps rewiring itself for your whole life. Your subconscious sorts the day while you sleep. Intuition is fast pattern matching, and it can be confidently wrong. Concentration is a skill you build, not a mood you wait for."
323,11,B2,,img_day323.png,How We Remember,How We Remember,encode · retrieve · chunking · forgetting · association · interference · spacing · visualise · overlearn,You cannot retrieve what you never took the trouble to encode. To retrieve a fact is itself a way of strengthening it. Chunking turns eleven digits into three easy pieces.,"Illustrate one clear, concrete scene that explains ""How We Remember"" to a child, for a children's English book. Show real objects and people doing the action — not symbols or abstract shapes. Key ideas to show: encode, retrieve, chunking, forgetting, association, interference, spacing, visualise, overlearn. children's storybook illustration, soft warm colors, friendly rounded shapes, gentle lighting, flat vector style with light texture, wide 16:9 scene, no text, no letters, no words, no watermark","You cannot retrieve what you never took the trouble to encode. To retrieve a fact is itself a way of strengthening it. Chunking turns eleven digits into three easy pieces. Forgetting is not a fault; it is how the brain protects what matters. A strong association ties a new word to something you already own. Interference is why two similar words learned together get mixed up. Spacing your review across days beats one long evening. If you visualise a word in a scene, it stays. To overlearn something is to keep practising after you already know it."
324,11,B2,,img_day324.png,Habits and Drive,Habits and Drive,motivation · reinforcement · conditioning · cue · routine · impulse · craving · dopamine · mindset,"Motivation arrives after you start, not before. Reinforcement works better than punishment in almost every study. Conditioning explains why a bell can make a dog hungry.","Illustrate one clear, concrete scene that explains ""Habits and Drive"" to a child, for a children's English book. Show real objects and people doing the action — not symbols or abstract shapes. Key ideas to show: motivation, reinforcement, conditioning, cue, routine, impulse, craving, dopamine, mindset. children's storybook illustration, soft warm colors, friendly rounded shapes, gentle lighting, flat vector style with light texture, wide 16:9 scene, no text, no letters, no words, no watermark","Motivation arrives after you start, not before. Reinforcement works better than punishment in almost every study. Conditioning explains why a bell can make a dog hungry. Every habit begins with a cue you have stopped noticing. Change the routine and leave the cue alone. An impulse lasts about ninety seconds if you let it pass. A craving is loudest just before it fades. Dopamine is about wanting more than about enjoying. A growth mindset treats difficulty as information, not as a verdict."
325,11,B2,,img_day325.png,Feelings Have Reasons,Feelings Have Reasons,temperament · serotonin · assertive · reframe · coping · acceptance · selftalk · optimism · pessimism,"Temperament is what you were born with; character is what you build. Sunlight and sleep both affect serotonin, which affects mood. Being assertive is not the same as being loud.","Illustrate one clear, concrete scene that explains ""Feelings Have Reasons"" to a child, for a children's English book. Show real objects and people doing the action — not symbols or abstract shapes. Key ideas to show: temperament, serotonin, assertive, reframe, coping, acceptance, selftalk, optimism, pessimism. children's storybook illustration, soft warm colors, friendly rounded shapes, gentle lighting, flat vector style with light texture, wide 16:9 scene, no text, no letters, no words, no watermark","Temperament is what you were born with; character is what you build. Sunlight and sleep both affect serotonin, which affects mood. Being assertive is not the same as being loud. To reframe a setback is to ask what else it could mean. Healthy coping faces the problem instead of the feeling about the problem. Acceptance is not agreement; it is refusing to argue with what already happened. Kind selftalk is not silly, and cruel selftalk is not honest. Optimism helps you start. A little pessimism helps you prepare."
326,11,B2,,img_day326.png,Thinking Clearly,Thinking Clearly,heuristic · fallacy · rationalise · assumption · scepticism · distortion · avoidance · interpretation · verification,A heuristic is a shortcut that is usually right and occasionally disastrous. Naming a fallacy is easier than avoiding one. We rationalise a decision after making it and call it thinking.,"Illustrate one clear, concrete scene that explains ""Thinking Clearly"" to a child, for a children's English book. Show real objects and people doing the action — not symbols or abstract shapes. Key ideas to show: heuristic, fallacy, rationalise, assumption, scepticism, distortion, avoidance, interpretation, verification. children's storybook illustration, soft warm colors, friendly rounded shapes, gentle lighting, flat vector style with light texture, wide 16:9 scene, no text, no letters, no words, no watermark",A heuristic is a shortcut that is usually right and occasionally disastrous. Naming a fallacy is easier than avoiding one. We rationalise a decision after making it and call it thinking. Every argument rests on an assumption somebody forgot to mention. Healthy scepticism asks for evidence; cynicism refuses it. A distortion is a true fact placed in a false frame. Avoidance feels like relief and behaves like debt. Two honest people can reach a different interpretation of the same figure. Verification takes five minutes and saves five years of being wrong.
327,11,B2,,img_day327.png,Looking After the Mind,Looking After the Mind,counselling · diagnosis · meditation · daydream · drowsy · multisensory · verbalise · restlessness · forbearance,"Counselling is a conversation with someone trained to listen properly. A diagnosis is a starting point, never a description of a person. Ten minutes of meditation is worth more than an hour you never do.","Illustrate one clear, concrete scene that explains ""Looking After the Mind"" to a child, for a children's English book. Show real objects and people doing the action — not symbols or abstract shapes. Key ideas to show: counselling, diagnosis, meditation, daydream, drowsy, multisensory, verbalise, restlessness, forbearance. children's storybook illustration, soft warm colors, friendly rounded shapes, gentle lighting, flat vector style with light texture, wide 16:9 scene, no text, no letters, no words, no watermark","Counselling is a conversation with someone trained to listen properly. A diagnosis is a starting point, never a description of a person. Ten minutes of meditation is worth more than an hour you never do. A wandering daydream is where a good deal of creative work happens. A drowsy brain learns almost nothing, so sleep is part of studying. Multisensory learning uses sound, sight and movement together. When you verbalise a worry it usually becomes smaller. Restlessness in class is a signal, not a crime. Forbearance with yourself is not the same as giving up on yourself."
328,11,B2,ทบทวน,img_day328.png,Week 47 Friends Review!,Week 48 Friends Review!,cognition · perception · neuron · synapse · cortex · plasticity · subconscious · intuition · concentration · encode · retrieve · chunking · forgetting · association · interference · spacing · visualise · overlearn · motivation · reinforcement · conditioning · cue · routine · impulse · craving · dopamine · mindset · temperament · serotonin · assertive · reframe · coping · acceptance · selftalk · optimism · pessimism · heuristic · fallacy · rationalise · assumption · scepticism · distortion · avoidance · interpretation · verification · counselling · diagnosis · meditation · daydream · drowsy · multisensory · verbalise · restlessness · forbearance,,"Illustrate a cheerful review-day celebration for a children's English book: two original child-friendly characters cheering together among floating stars, balloons and simple everyday objects. Theme: Week 48 Friends Review!. children's storybook illustration, soft warm colors, friendly rounded shapes, gentle lighting, flat vector style with light texture, wide 16:9 scene, no text, no letters, no words, no watermark",
329,11,B2,,img_day329.png,Reading Between the Lines,Reading Between the Lines,implication · connotation · undertone · irony · understatement · euphemism · rhetoric · anecdote · credibility,"The implication of a sentence is often larger than the sentence. Two words can share a meaning and have a very different connotation. Irony says one thing and means the opposite, and not everyone hears it.","Illustrate one clear, concrete scene that explains ""Reading Between the Lines"" to a child, for a children's English book. Show real objects and people doing the action — not symbols or abstract shapes. Key ideas to show: implication, connotation, undertone, irony, understatement, euphemism, rhetoric, anecdote, credibility. children's storybook illustration, soft warm colors, friendly rounded shapes, gentle lighting, flat vector style with light texture, wide 16:9 scene, no text, no letters, no words, no watermark","The implication of a sentence is often larger than the sentence. Two words can share a meaning and have a very different connotation. There was a warning in the polite undertone of her reply. Irony says one thing and means the opposite, and not everyone hears it. Calling a storm unhelpful is a British understatement. A euphemism softens a hard fact and sometimes hides it. Rhetoric is not a lie; it is language arranged to persuade. One vivid anecdote can outweigh a hundred careful numbers in a reader's mind. Credibility is built slowly and spent in a single careless sentence."
330,11,B2,,img_day330.png,Three Hundred and Thirty,Three Hundred and Thirty,citation · plagiarism · correlation · causation · methodology · peerreview · replicate · anomaly · synthesis,A citation is a promise that the reader can check you. Plagiarism is not only unfair; it hides where an idea actually came from. Correlation means two things move together.,"Illustrate one clear, concrete scene that explains ""Three Hundred and Thirty"" to a child, for a children's English book. Show real objects and people doing the action — not symbols or abstract shapes. Key ideas to show: citation, plagiarism, correlation, causation, methodology, peerreview, replicate, anomaly, synthesis. children's storybook illustration, soft warm colors, friendly rounded shapes, gentle lighting, flat vector style with light texture, wide 16:9 scene, no text, no letters, no words, no watermark","A citation is a promise that the reader can check you. Plagiarism is not only unfair; it hides where an idea actually came from. Correlation means two things move together. Causation means one of them moves the other. Ask about the methodology before you argue about the conclusion. Peerreview is imperfect and still better than no review at all. A result nobody can replicate is a story, not a finding. One anomaly is noise. A repeated anomaly is a discovery waiting. Real understanding is a synthesis: many sources, one clear picture in your own words."
331,12,B2,,img_day331.png,What Everything Is Made Of,What Everything Is Made Of,atom · molecule · nucleus · proton · neutron · electron · isotope · particle · density,"An atom is mostly empty space, which is difficult to believe. Two or more atoms joined together form a molecule. The nucleus holds almost all the mass in a very small place.","Illustrate one clear, concrete scene that explains ""What Everything Is Made Of"" to a child, for a children's English book. Show real objects and people doing the action — not symbols or abstract shapes. Key ideas to show: atom, molecule, nucleus, proton, neutron, electron, isotope, particle, density. children's storybook illustration, soft warm colors, friendly rounded shapes, gentle lighting, flat vector style with light texture, wide 16:9 scene, no text, no letters, no words, no watermark","An atom is mostly empty space, which is difficult to believe. Two or more atoms joined together form a molecule. The nucleus holds almost all the mass in a very small place. A proton carries a positive charge and never leaves. A neutron carries no charge and keeps the nucleus stable. An electron is light, fast and impossible to pin down exactly. An isotope is the same element with a different number of neutrons. Every particle behaves like a wave when it is small enough. Density explains why iron sinks and wood floats."
332,12,B2,,img_day332.png,Changing States,Changing States,dissolve · solvent · evaporate · condense · crystallise · catalyst · acid · alkaline · oxidise,Salt will dissolve in water but not in oil. Water is called the universal solvent for a good reason. Puddles evaporate faster on a windy day than on a hot still one.,"Illustrate one clear, concrete scene that explains ""Changing States"" to a child, for a children's English book. Show real objects and people doing the action — not symbols or abstract shapes. Key ideas to show: dissolve, solvent, evaporate, condense, crystallise, catalyst, acid, alkaline, oxidise. children's storybook illustration, soft warm colors, friendly rounded shapes, gentle lighting, flat vector style with light texture, wide 16:9 scene, no text, no letters, no words, no watermark",Salt will dissolve in water but not in oil. Water is called the universal solvent for a good reason. Puddles evaporate faster on a windy day than on a hot still one. Warm air will condense on a cold window and leave drops. Sugar syrup left alone will slowly crystallise. A catalyst speeds up a reaction without being used up. An acid tastes sour and turns litmus paper red. An alkaline solution feels slippery and is often worse to touch. Iron left in wet air will oxidise into rust.
333,12,B2,,img_day333.png,Forces and Motion,Forces and Motion,friction · inertia · velocity · acceleration · kinetic · thermal · equilibrium · buoyancy · vacuum,Friction is the reason we can walk and the reason engines wear out. Inertia is not laziness; it is an object keeping its own mind. Velocity is speed with a direction attached.,"Illustrate one clear, concrete scene that explains ""Forces and Motion"" to a child, for a children's English book. Show real objects and people doing the action — not symbols or abstract shapes. Key ideas to show: friction, inertia, velocity, acceleration, kinetic, thermal, equilibrium, buoyancy, vacuum. children's storybook illustration, soft warm colors, friendly rounded shapes, gentle lighting, flat vector style with light texture, wide 16:9 scene, no text, no letters, no words, no watermark","Friction is the reason we can walk and the reason engines wear out. Inertia is not laziness; it is an object keeping its own mind. Velocity is speed with a direction attached. Acceleration is any change in velocity, including slowing down. A moving bicycle carries kinetic energy that has to go somewhere. Thermal energy always flows from the warmer body to the cooler one. An object in equilibrium is not still; it is balanced. Buoyancy pushes up with the weight of the water pushed aside. In a vacuum a feather and a hammer fall at exactly the same rate."
334,12,B2,,img_day334.png,"Light, Sound and Waves","Light, Sound and Waves",wavelength · amplitude · oscillate · resonance · spectrum · refraction · photon · radiation · turbulence,"A short wavelength means a high note or a blue light. Amplitude decides how loud or how bright, not how high. A pendulum will oscillate until friction takes its energy away.","Illustrate one clear, concrete scene that explains ""Light, Sound and Waves"" to a child, for a children's English book. Show real objects and people doing the action — not symbols or abstract shapes. Key ideas to show: wavelength, amplitude, oscillate, resonance, spectrum, refraction, photon, radiation, turbulence. children's storybook illustration, soft warm colors, friendly rounded shapes, gentle lighting, flat vector style with light texture, wide 16:9 scene, no text, no letters, no words, no watermark","A short wavelength means a high note or a blue light. Amplitude decides how loud or how bright, not how high. A pendulum will oscillate until friction takes its energy away. Resonance can shatter a glass or bring down a bridge. White light splits into a full spectrum through a prism. Refraction is why a straw looks broken in a glass of water. A photon has no mass and still carries energy. Not all radiation is dangerous; the light in this room is radiation. Turbulence is common, poorly understood and rarely dangerous."
335,12,B2,,img_day335.png,Electricity and Magnets,Electricity and Magnets,voltage · resistance · insulator · magnetism · compress · viscosity · charge · specimen · dissect,"Voltage is the push; current is what actually moves. Resistance turns electrical energy into heat, usefully or wastefully. A good insulator is simply a very poor conductor.","Illustrate one clear, concrete scene that explains ""Electricity and Magnets"" to a child, for a children's English book. Show real objects and people doing the action — not symbols or abstract shapes. Key ideas to show: voltage, resistance, insulator, magnetism, compress, viscosity, charge, specimen, dissect. children's storybook illustration, soft warm colors, friendly rounded shapes, gentle lighting, flat vector style with light texture, wide 16:9 scene, no text, no letters, no words, no watermark","Voltage is the push; current is what actually moves. Resistance turns electrical energy into heat, usefully or wastefully. A good insulator is simply a very poor conductor. Magnetism and electricity are two faces of the same force. Gases compress easily; liquids almost refuse to. Honey has a high viscosity and water has a low one. An electric charge can be positive, negative or nothing at all. Label every specimen before you look at it, not after. To dissect a plant stem is to read how it carries water."
336,12,B2,,img_day336.png,The Machinery of Life,The Machinery of Life,organism · membrane · enzyme · chromosome · mutation · heredity · respiration · photosynthesis · antibody,"Every organism, from a bacterium to a whale, is built from cells. A membrane decides what may enter and what must stay outside. An enzyme is a catalyst made of protein.","Illustrate one clear, concrete scene that explains ""The Machinery of Life"" to a child, for a children's English book. Show real objects and people doing the action — not symbols or abstract shapes. Key ideas to show: organism, membrane, enzyme, chromosome, mutation, heredity, respiration, photosynthesis, antibody. children's storybook illustration, soft warm colors, friendly rounded shapes, gentle lighting, flat vector style with light texture, wide 16:9 scene, no text, no letters, no words, no watermark","Every organism, from a bacterium to a whale, is built from cells. A membrane decides what may enter and what must stay outside. An enzyme is a catalyst made of protein. A human chromosome carries thousands of instructions in order. Most mutation is harmless; a little is harmful; a very little is useful. Heredity explains why you have your grandmother's hands. Respiration releases energy from food inside every living cell. Photosynthesis does the opposite, storing sunlight inside sugar. An antibody recognises an invader it has met before."
337,12,B2,ทบทวน,img_day337.png,Week 49 Friends Review!,Week 49 Friends Review!,atom · molecule · nucleus · proton · neutron · electron · isotope · particle · density · dissolve · solvent · evaporate · condense · crystallise · catalyst · acid · alkaline · oxidise · friction · inertia · velocity · acceleration · kinetic · thermal · equilibrium · buoyancy · vacuum · wavelength · amplitude · oscillate · resonance · spectrum · refraction · photon · radiation · turbulence · voltage · resistance · insulator · magnetism · compress · viscosity · charge · specimen · dissect · organism · membrane · enzyme · chromosome · mutation · heredity · respiration · photosynthesis · antibody,,"Illustrate a cheerful review-day celebration for a children's English book: two original child-friendly characters cheering together among floating stars, balloons and simple everyday objects. Theme: Week 49 Friends Review!. children's storybook illustration, soft warm colors, friendly rounded shapes, gentle lighting, flat vector style with light texture, wide 16:9 scene, no text, no letters, no words, no watermark",
338,12,B2,,img_day338.png,How Machines Think,How Machines Think,binary · processor · cache · interface · pixel · resolution · render · glitch · obsolete,"A computer knows only binary: on and off, nothing in between. The processor does simple things extremely quickly, and that is all. A cache keeps the answer nearby so it need not be found twice.","Illustrate one clear, concrete scene that explains ""How Machines Think"" to a child, for a children's English book. Show real objects and people doing the action — not symbols or abstract shapes. Key ideas to show: binary, processor, cache, interface, pixel, resolution, render, glitch, obsolete. children's storybook illustration, soft warm colors, friendly rounded shapes, gentle lighting, flat vector style with light texture, wide 16:9 scene, no text, no letters, no words, no watermark","A computer knows only binary: on and off, nothing in between. The processor does simple things extremely quickly, and that is all. A cache keeps the answer nearby so it need not be found twice. A good interface disappears; you notice only the bad ones. One pixel is a single coloured square in a grid of millions. Higher resolution means more detail and a much larger file. To render a page is to turn code into something you can look at. A glitch is temporary; a fault is not. Software becomes obsolete faster than the machine it runs on."
339,12,B2,,img_day339.png,The Network Beneath,The Network Beneath,protocol · router · bandwidth · latency · wireless · streaming · buffering · browser · cookie,A protocol is an agreement about how two machines will speak. Your router decides where each small packet goes next. Bandwidth is how wide the road is.,"Illustrate one clear, concrete scene that explains ""The Network Beneath"" to a child, for a children's English book. Show real objects and people doing the action — not symbols or abstract shapes. Key ideas to show: protocol, router, bandwidth, latency, wireless, streaming, buffering, browser, cookie. children's storybook illustration, soft warm colors, friendly rounded shapes, gentle lighting, flat vector style with light texture, wide 16:9 scene, no text, no letters, no words, no watermark","A protocol is an agreement about how two machines will speak. Your router decides where each small packet goes next. Bandwidth is how wide the road is. Latency is how long the journey takes. A wireless signal weakens through walls and through water. Streaming sends the film in pieces so you need not wait for all of it. Buffering means the pieces are arriving more slowly than you are watching. A browser is a program that reads instructions written by strangers. A cookie remembers you, which is convenient and worth thinking about."
340,12,B2,,img_day340.png,Staying Safe Online,Staying Safe Online,encryption · firewall · malware · phishing · scam · passcode · biometric · backup · anonymity,"Encryption turns a message into noise for everyone except the reader you chose. A firewall decides what is allowed through the door. Malware usually arrives because somebody clicked, not because somebody hacked.","Illustrate one clear, concrete scene that explains ""Staying Safe Online"" to a child, for a children's English book. Show real objects and people doing the action — not symbols or abstract shapes. Key ideas to show: encryption, firewall, malware, phishing, scam, passcode, biometric, backup, anonymity. children's storybook illustration, soft warm colors, friendly rounded shapes, gentle lighting, flat vector style with light texture, wide 16:9 scene, no text, no letters, no words, no watermark","Encryption turns a message into noise for everyone except the reader you chose. A firewall decides what is allowed through the door. Malware usually arrives because somebody clicked, not because somebody hacked. Phishing works by creating hurry: act now, or lose access. A scam that seems urgent and secret is almost always a scam. A long passcode beats a complicated short one. Biometric locks are convenient, and you cannot change your fingerprint. A backup you have never tested is a hope, not a backup. Anonymity protects the vulnerable and shelters the cruel at the same time."
341,12,B2,,img_day341.png,Machines That Learn,Machines That Learn,dataset · throttle · chatbot · deepfake · autocorrect · recommendation · explainable · auditable · automate,A model is only as fair as the dataset it was trained on. A system may throttle your access when you ask for too much at once. A chatbot sounds confident whether or not it is correct.,"Illustrate one clear, concrete scene that explains ""Machines That Learn"" to a child, for a children's English book. Show real objects and people doing the action — not symbols or abstract shapes. Key ideas to show: dataset, throttle, chatbot, deepfake, autocorrect, recommendation, explainable, auditable, automate. children's storybook illustration, soft warm colors, friendly rounded shapes, gentle lighting, flat vector style with light texture, wide 16:9 scene, no text, no letters, no words, no watermark",A model is only as fair as the dataset it was trained on. A system may throttle your access when you ask for too much at once. A chatbot sounds confident whether or not it is correct. A convincing deepfake costs almost nothing to make now. Autocorrect has quietly changed how a generation spells. A recommendation is a guess dressed as a suggestion. An explainable system lets people ask how a decision was reached. An auditable system keeps a record somebody can check later. To automate a bad process is to do the wrong thing faster.
342,12,B2,,img_day342.png,The Attention Market,The Attention Market,marketplace · engagement · viral · tracker · spam · troll · misinformation · curate · subscription,"An online marketplace is not neutral; it is built to hold your attention. Engagement counts anger just as happily as it counts delight. Something goes viral because it makes people feel, not because it is true.","Illustrate one clear, concrete scene that explains ""The Attention Market"" to a child, for a children's English book. Show real objects and people doing the action — not symbols or abstract shapes. Key ideas to show: marketplace, engagement, viral, tracker, spam, troll, misinformation, curate, subscription. children's storybook illustration, soft warm colors, friendly rounded shapes, gentle lighting, flat vector style with light texture, wide 16:9 scene, no text, no letters, no words, no watermark","An online marketplace is not neutral; it is built to hold your attention. Engagement counts anger just as happily as it counts delight. Something goes viral because it makes people feel, not because it is true. A tracker follows you across sites you never asked it to visit. Spam survives because it costs almost nothing to send a million messages. Do not feed a troll; a troll is fed by replies. Misinformation spreads faster than the correction ever will. To curate your own feed is a small act of self defence. A subscription is honest: you pay with money instead of with attention."
343,12,B2,,img_day343.png,Living Well with Screens,Living Well with Screens,upgrade · compatible · archive · unplugged · moderate · harassment · restraint · deliberate · intentional,You do not need to upgrade a device that still does its job. Check whether the new file is compatible before you delete the old one. Archive what matters and delete what does not.,"Illustrate one clear, concrete scene that explains ""Living Well with Screens"" to a child, for a children's English book. Show real objects and people doing the action — not symbols or abstract shapes. Key ideas to show: upgrade, compatible, archive, unplugged, moderate, harassment, restraint, deliberate, intentional. children's storybook illustration, soft warm colors, friendly rounded shapes, gentle lighting, flat vector style with light texture, wide 16:9 scene, no text, no letters, no words, no watermark","You do not need to upgrade a device that still does its job. Check whether the new file is compatible before you delete the old one. Archive what matters and delete what does not. An unplugged evening is not a punishment. Communities that moderate well are pleasant places to be. Online harassment is not less real for happening through a screen. A little restraint about when you are reachable protects everyone, including you. Deliberate use means opening an app for a reason you can name. Intentional use is the difference between a tool and a habit."
344,12,B2,ทบทวน,img_day344.png,Week 50 Friends Review!,Week 50 Friends Review!,binary · processor · cache · interface · pixel · resolution · render · glitch · obsolete · protocol · router · bandwidth · latency · wireless · streaming · buffering · browser · cookie · encryption · firewall · malware · phishing · scam · passcode · biometric · backup · anonymity · dataset · throttle · chatbot · deepfake · autocorrect · recommendation · explainable · auditable · automate · marketplace · engagement · viral · tracker · spam · troll · misinformation · curate · subscription · upgrade · compatible · archive · unplugged · moderate · harassment · restraint · deliberate · intentional,,"Illustrate a cheerful review-day celebration for a children's English book: two original child-friendly characters cheering together among floating stars, balloons and simple everyday objects. Theme: Week 50 Friends Review!. children's storybook illustration, soft warm colors, friendly rounded shapes, gentle lighting, flat vector style with light texture, wide 16:9 scene, no text, no letters, no words, no watermark",
345,12,B2,,img_day345.png,The Story Behind the News,The Story Behind the News,journalism · editorial · bulletin · correspondent · scoop · byline · circulation · paywall · clickbait,"Journalism is the discipline of finding out what someone would rather you did not know. An editorial is the newspaper's own opinion, and it should say so. A bulletin gives you the facts in ninety seconds and no context at all.","Illustrate one clear, concrete scene that explains ""The Story Behind the News"" to a child, for a children's English book. Show real objects and people doing the action — not symbols or abstract shapes. Key ideas to show: journalism, editorial, bulletin, correspondent, scoop, byline, circulation, paywall, clickbait. children's storybook illustration, soft warm colors, friendly rounded shapes, gentle lighting, flat vector style with light texture, wide 16:9 scene, no text, no letters, no words, no watermark","Journalism is the discipline of finding out what someone would rather you did not know. An editorial is the newspaper's own opinion, and it should say so. A bulletin gives you the facts in ninety seconds and no context at all. A correspondent who lives in a place reports it differently from a visitor. A scoop is exciting for one morning and forgotten by the afternoon. Look at the byline before you decide how much to trust a report. Falling circulation changed what newspapers could afford to investigate. A paywall keeps out both the freeloader and the curious student. Clickbait promises a feeling and delivers an advertisement."
346,12,B2,,img_day346.png,Who Said It,Who Said It,attribution · offtherecord · embargo · leak · whistleblower · factcheck · retraction · libel · rebuttal,"Clear attribution tells you who is claiming this, not merely that it is claimed. A conversation offtherecord may inform a reporter without ever being printed. An embargo lets every outlet publish at the same minute.","Illustrate one clear, concrete scene that explains ""Who Said It"" to a child, for a children's English book. Show real objects and people doing the action — not symbols or abstract shapes. Key ideas to show: attribution, offtherecord, embargo, leak, whistleblower, factcheck, retraction, libel, rebuttal. children's storybook illustration, soft warm colors, friendly rounded shapes, gentle lighting, flat vector style with light texture, wide 16:9 scene, no text, no letters, no words, no watermark","Clear attribution tells you who is claiming this, not merely that it is claimed. A conversation offtherecord may inform a reporter without ever being printed. An embargo lets every outlet publish at the same minute. A leak is information released by someone who was not supposed to. A whistleblower usually loses more than they gain. A factcheck published a week later reaches a tenth of the original readers. An honest retraction is printed as loudly as the mistake was. Libel is a false written claim that damages a reputation. A rebuttal deserves the same space as the accusation."
347,12,B2,,img_day347.png,How a Story Is Shaped,How a Story Is Shaped,framing · slant · sensational · tabloid · broadsheet · propaganda · testimonial · spin · publicist,Framing decides what the story is about before a single fact is stated. A slant is not always dishonest; it is often simply unexamined. A sensational headline sells a paper and shortens a reader's patience.,"Illustrate one clear, concrete scene that explains ""How a Story Is Shaped"" to a child, for a children's English book. Show real objects and people doing the action — not symbols or abstract shapes. Key ideas to show: framing, slant, sensational, tabloid, broadsheet, propaganda, testimonial, spin, publicist. children's storybook illustration, soft warm colors, friendly rounded shapes, gentle lighting, flat vector style with light texture, wide 16:9 scene, no text, no letters, no words, no watermark","Framing decides what the story is about before a single fact is stated. A slant is not always dishonest; it is often simply unexamined. A sensational headline sells a paper and shortens a reader's patience. The tabloid asks what will be talked about. The broadsheet asks what will still matter next month. Propaganda is not always false; often it is true and carefully incomplete. One warm testimonial persuades more than a table of results. Spin does not change the facts, only the order you meet them in. A publicist is paid to decide which sentence you hear first."
348,12,B2,,img_day348.png,The Business of Attention,The Business of Attention,syndicate · bureau · ownership · pluralism · outrage · polarise · echochamber · filterbubble · civility,"A small paper may syndicate one article to forty towns. Closing a foreign bureau saves money and costs understanding. When ownership of the news narrows, the range of questions narrows too.","Illustrate one clear, concrete scene that explains ""The Business of Attention"" to a child, for a children's English book. Show real objects and people doing the action — not symbols or abstract shapes. Key ideas to show: syndicate, bureau, ownership, pluralism, outrage, polarise, echochamber, filterbubble, civility. children's storybook illustration, soft warm colors, friendly rounded shapes, gentle lighting, flat vector style with light texture, wide 16:9 scene, no text, no letters, no words, no watermark","A small paper may syndicate one article to forty towns. Closing a foreign bureau saves money and costs understanding. When ownership of the news narrows, the range of questions narrows too. Media pluralism means many owners, not many channels owned by one. Outrage is the cheapest emotion to produce and the most profitable to sell. A feed designed to keep you scrolling will slowly polarise what you believe. An echochamber is comfortable, which is exactly the danger. A filterbubble hides the disagreement rather than answering it. Civility is not weakness; it is what makes disagreement survivable."
349,12,B2,,img_day349.png,When We Stop Listening,When We Stop Listening,defamation · slander · censor · suppress · dissent · conformity · wariness · cynicism · deliberation,Defamation law protects reputation and can also protect the powerful. Slander is spoken; libel is written; both are hard to prove. To censor a story rarely makes it smaller.,"Illustrate one clear, concrete scene that explains ""When We Stop Listening"" to a child, for a children's English book. Show real objects and people doing the action — not symbols or abstract shapes. Key ideas to show: defamation, slander, censor, suppress, dissent, conformity, wariness, cynicism, deliberation. children's storybook illustration, soft warm colors, friendly rounded shapes, gentle lighting, flat vector style with light texture, wide 16:9 scene, no text, no letters, no words, no watermark","Defamation law protects reputation and can also protect the powerful. Slander is spoken; libel is written; both are hard to prove. To censor a story rarely makes it smaller. Governments that suppress bad news are usually the last to hear it. Dissent is not disloyalty, although it is often called that. Conformity feels like agreement and is often only silence. Healthy wariness keeps asking questions. Cynicism has already decided the answer and stopped asking. Public deliberation is what a society uses instead of force."
350,12,B2,,img_day350.png,Reading Like a Journalist,Reading Like a Journalist,corroborate · primary · secondary · vested · disclose · context · omission · plausible · substantiate,Corroborate a surprising claim with a second independent source. A primary source was there. A secondary source read about it.,"Illustrate one clear, concrete scene that explains ""Reading Like a Journalist"" to a child, for a children's English book. Show real objects and people doing the action — not symbols or abstract shapes. Key ideas to show: corroborate, primary, secondary, vested, disclose, context, omission, plausible, substantiate. children's storybook illustration, soft warm colors, friendly rounded shapes, gentle lighting, flat vector style with light texture, wide 16:9 scene, no text, no letters, no words, no watermark","Corroborate a surprising claim with a second independent source. A primary source was there. A secondary source read about it. Ask whether the speaker has a vested interest in what they are telling you. A writer should disclose any connection to the people in the story. A number without context is decoration, not evidence. An omission can mislead more effectively than a false statement. Plausible is not the same as true; the best lies are entirely plausible. If you cannot substantiate it, say so plainly."
351,12,B2,ทบทวน,img_day351.png,Week 51 Friends Review!,Week 51 Friends Review!,journalism · editorial · bulletin · correspondent · scoop · byline · circulation · paywall · clickbait · attribution · offtherecord · embargo · leak · whistleblower · factcheck · retraction · libel · rebuttal · framing · slant · sensational · tabloid · broadsheet · propaganda · testimonial · spin · publicist · syndicate · bureau · ownership · pluralism · outrage · polarise · echochamber · filterbubble · civility · defamation · slander · censor · suppress · dissent · conformity · wariness · cynicism · deliberation · corroborate · primary · secondary · vested · disclose · context · omission · plausible · substantiate,,"Illustrate a cheerful review-day celebration for a children's English book: two original child-friendly characters cheering together among floating stars, balloons and simple everyday objects. Theme: Week 51 Friends Review!. children's storybook illustration, soft warm colors, friendly rounded shapes, gentle lighting, flat vector style with light texture, wide 16:9 scene, no text, no letters, no words, no watermark",
352,12,B2,,img_day352.png,Who Holds Power,Who Holds Power,monarchy · republic · sovereign · successor · coronation · abdicate · depose · oligarchy · tyranny,A monarchy passes power through a family; a republic passes it through a vote. A sovereign was once believed to rule by right rather than by agreement. Naming a successor early prevented more wars than any treaty.,"Illustrate one clear, concrete scene that explains ""Who Holds Power"" to a child, for a children's English book. Show real objects and people doing the action — not symbols or abstract shapes. Key ideas to show: monarchy, republic, sovereign, successor, coronation, abdicate, depose, oligarchy, tyranny. children's storybook illustration, soft warm colors, friendly rounded shapes, gentle lighting, flat vector style with light texture, wide 16:9 scene, no text, no letters, no words, no watermark","A monarchy passes power through a family; a republic passes it through a vote. A sovereign was once believed to rule by right rather than by agreement. Naming a successor early prevented more wars than any treaty. A coronation is a ceremony designed to make power look inevitable. Few rulers abdicate willingly, and those who do are long remembered. To depose a ruler is easier than to replace the system around them. In an oligarchy the few govern for the few. Tyranny is not simply cruelty; it is power with nothing above it."
353,12,B2,,img_day353.png,How Societies Were Ordered,How Societies Were Ordered,feudal · serf · aristocracy · peasantry · guild · charter · decree · assembly · industrialisation,"In a feudal system land was exchanged for loyalty and service. A serf was not a slave and was still not free to leave. The aristocracy inherited both privilege and, occasionally, obligation.","Illustrate one clear, concrete scene that explains ""How Societies Were Ordered"" to a child, for a children's English book. Show real objects and people doing the action — not symbols or abstract shapes. Key ideas to show: feudal, serf, aristocracy, peasantry, guild, charter, decree, assembly, industrialisation. children's storybook illustration, soft warm colors, friendly rounded shapes, gentle lighting, flat vector style with light texture, wide 16:9 scene, no text, no letters, no words, no watermark","In a feudal system land was exchanged for loyalty and service. A serf was not a slave and was still not free to leave. The aristocracy inherited both privilege and, occasionally, obligation. The peasantry produced the food and owned almost none of it. A guild controlled who could learn a trade and what it cost. A town charter granted rights that the king could not easily take back. A decree could change a law overnight without a single debate. An assembly, however weak, created the habit of asking permission. Industrialisation moved millions from fields into factories within two generations."
354,12,B2,,img_day354.png,When People Said No,When People Said No,uprising · rebellion · abolition · emancipation · suffrage · reformer · exile · decolonise · nationalism,An uprising usually begins over bread and ends over dignity. A rebellion that succeeds is later called a founding. The abolition of the slave trade took decades of unglamorous work.,"Illustrate one clear, concrete scene that explains ""When People Said No"" to a child, for a children's English book. Show real objects and people doing the action — not symbols or abstract shapes. Key ideas to show: uprising, rebellion, abolition, emancipation, suffrage, reformer, exile, decolonise, nationalism. children's storybook illustration, soft warm colors, friendly rounded shapes, gentle lighting, flat vector style with light texture, wide 16:9 scene, no text, no letters, no words, no watermark","An uprising usually begins over bread and ends over dignity. A rebellion that succeeds is later called a founding. The abolition of the slave trade took decades of unglamorous work. Emancipation on paper and freedom in practice arrived many years apart. Suffrage was extended slowly, and never without being demanded. A reformer is often less popular than a revolutionary and changes more. Many leaders spent years in exile before they were welcomed home. To decolonise a country was the beginning of the work, not the end. Nationalism can unite a people and can also teach them whom to fear."
355,12,B2,,img_day355.png,War and Peace,War and Peace,conquest · armistice · truce · neutrality · occupation · ratify · annex · partition · diaspora,Conquest was once considered a normal way for a border to move. An armistice stops the fighting; a peace treaty ends the war. A truce can last an afternoon or accidentally last a decade.,"Illustrate one clear, concrete scene that explains ""War and Peace"" to a child, for a children's English book. Show real objects and people doing the action — not symbols or abstract shapes. Key ideas to show: conquest, armistice, truce, neutrality, occupation, ratify, annex, partition, diaspora. children's storybook illustration, soft warm colors, friendly rounded shapes, gentle lighting, flat vector style with light texture, wide 16:9 scene, no text, no letters, no words, no watermark",Conquest was once considered a normal way for a border to move. An armistice stops the fighting; a peace treaty ends the war. A truce can last an afternoon or accidentally last a decade. Neutrality is difficult to hold and expensive to defend. Occupation changes a country long after the soldiers leave. A parliament must ratify a treaty before it means anything. To annex a region is to take it and then argue that it was always yours. Partition drew straight lines through crowded places. A diaspora keeps a homeland alive in memory and in money.
356,12,B2,,img_day356.png,Maps That Changed,Maps That Changed,colony · protectorate · federation · secede · unify · autonomy · migration · plague · starvation,A colony sent raw materials one way and finished goods the other. A protectorate kept its flag and lost its foreign policy. A federation shares power between the centre and the regions.,"Illustrate one clear, concrete scene that explains ""Maps That Changed"" to a child, for a children's English book. Show real objects and people doing the action — not symbols or abstract shapes. Key ideas to show: colony, protectorate, federation, secede, unify, autonomy, migration, plague, starvation. children's storybook illustration, soft warm colors, friendly rounded shapes, gentle lighting, flat vector style with light texture, wide 16:9 scene, no text, no letters, no words, no watermark","A colony sent raw materials one way and finished goods the other. A protectorate kept its flag and lost its foreign policy. A federation shares power between the centre and the regions. When a region tries to secede, the argument is rarely only about money. It took war, trade and language to unify most modern states. Real autonomy means deciding things the capital would decide differently. Migration has shaped every nation that now argues about it. One plague in the fourteenth century changed the price of labour across Europe. Mass starvation is almost never only about the weather."
357,12,B2,,img_day357.png,Reading the Evidence,Reading the Evidence,chronicle · manuscript · inscription · excavation · relic · preservation · conjecture · revisionism · inheritance,"A chronicle tells you what the writer's patron wanted recorded. One surviving manuscript may represent a thousand that burned. An inscription in stone lasts, which is why rulers preferred it.","Illustrate one clear, concrete scene that explains ""Reading the Evidence"" to a child, for a children's English book. Show real objects and people doing the action — not symbols or abstract shapes. Key ideas to show: chronicle, manuscript, inscription, excavation, relic, preservation, conjecture, revisionism, inheritance. children's storybook illustration, soft warm colors, friendly rounded shapes, gentle lighting, flat vector style with light texture, wide 16:9 scene, no text, no letters, no words, no watermark","A chronicle tells you what the writer's patron wanted recorded. One surviving manuscript may represent a thousand that burned. An inscription in stone lasts, which is why rulers preferred it. A careful excavation destroys the site as it reads it. Every relic answers one question and raises three more. Preservation costs money that no government enjoys spending. Two honest historians can build a different conjecture from the same letter. Revisionism is a normal part of history, and it can also be misused. An inheritance is what a generation leaves whether or not it meant to."
358,12,B2,ทบทวน,img_day358.png,Week 52 Friends Review!,Week 52 Friends Review!,monarchy · republic · sovereign · successor · coronation · abdicate · depose · oligarchy · tyranny · feudal · serf · aristocracy · peasantry · guild · charter · decree · assembly · industrialisation · uprising · rebellion · abolition · emancipation · suffrage · reformer · exile · decolonise · nationalism · conquest · armistice · truce · neutrality · occupation · ratify · annex · partition · diaspora · colony · protectorate · federation · secede · unify · autonomy · migration · plague · starvation · chronicle · manuscript · inscription · excavation · relic · preservation · conjecture · revisionism · inheritance,,"Illustrate a cheerful review-day celebration for a children's English book: two original child-friendly characters cheering together among floating stars, balloons and simple everyday objects. Theme: Week 52 Friends Review!. children's storybook illustration, soft warm colors, friendly rounded shapes, gentle lighting, flat vector style with light texture, wide 16:9 scene, no text, no letters, no words, no watermark",
359,12,B2,,img_day359.png,The Long View,The Long View,continuity · contingency · inevitability · hindsight · counterfactual · causality · turningpoint · upheaval · gradualism,"Continuity is easy to miss because nothing about it makes news. A single contingency, one wet morning, has decided a battle. Inevitability is something we usually discover after the event.","Illustrate one clear, concrete scene that explains ""The Long View"" to a child, for a children's English book. Show real objects and people doing the action — not symbols or abstract shapes. Key ideas to show: continuity, contingency, inevitability, hindsight, counterfactual, causality, turningpoint, upheaval, gradualism. children's storybook illustration, soft warm colors, friendly rounded shapes, gentle lighting, flat vector style with light texture, wide 16:9 scene, no text, no letters, no words, no watermark","Continuity is easy to miss because nothing about it makes news. A single contingency, one wet morning, has decided a battle. Inevitability is something we usually discover after the event. Hindsight makes every outcome look obvious and every warning look loud. A counterfactual question asks what would have happened otherwise. Causality is harder to prove in history than in a laboratory. A turningpoint is only visible once you know what followed it. Sudden upheaval gets the attention; quiet gradualism does most of the work."
360,12,B2,,img_day360.png,Three Hundred and Sixty,Three Hundred and Sixty,consolidate · entrench · dismantle · transition · longevity · watershed · periodisation · synthesise · panorama,Three hundred and sixty days ago these sentences would have been impossible. Consolidate what you know before reaching for what you do not. A habit that is entrenched needs no motivation at all.,"Illustrate one clear, concrete scene that explains ""Three Hundred and Sixty"" to a child, for a children's English book. Show real objects and people doing the action — not symbols or abstract shapes. Key ideas to show: consolidate, entrench, dismantle, transition, longevity, watershed, periodisation, synthesise, panorama. children's storybook illustration, soft warm colors, friendly rounded shapes, gentle lighting, flat vector style with light texture, wide 16:9 scene, no text, no letters, no words, no watermark","Three hundred and sixty days ago these sentences would have been impossible. Consolidate what you know before reaching for what you do not. A habit that is entrenched needs no motivation at all. It is far easier to entrench a system than to dismantle one. You are in a transition between understanding English and thinking in it. The longevity of a language in your head depends on using it, not storing it. Day three hundred and sixty is a watershed in this course. Periodisation is how historians cut a long story into chapters, and you have finished one. Synthesise what you have read this level: many topics, one clear panorama."
361,13,B2,,img_day361.png,The Shape of an Argument,The Shape of an Argument,philosophy · premise · deduction · induction · syllogism · axiom · thesis · antithesis · objectivity,"Philosophy is the habit of asking what a word actually means. Every argument stands on a premise, stated or hidden. Deduction moves from a general rule to a particular case.","Illustrate one clear, concrete scene that explains ""The Shape of an Argument"" to a child, for a children's English book. Show real objects and people doing the action — not symbols or abstract shapes. Key ideas to show: philosophy, premise, deduction, induction, syllogism, axiom, thesis, antithesis, objectivity. children's storybook illustration, soft warm colors, friendly rounded shapes, gentle lighting, flat vector style with light texture, wide 16:9 scene, no text, no letters, no words, no watermark","Philosophy is the habit of asking what a word actually means. Every argument stands on a premise, stated or hidden. Deduction moves from a general rule to a particular case. Induction moves the other way and is never quite certain. A syllogism has two premises and one conclusion, and can be perfectly valid while being false. An axiom is accepted without proof so that everything else can be proved. State your thesis in one sentence or you do not yet have one. The strongest writers state the antithesis fairly before answering it. Complete objectivity may be impossible, which is not a reason to stop trying."
362,13,B2,,img_day362.png,When Logic Breaks,When Logic Breaks,paradox · contradiction · fallacious · refute · postulate · dialectic · relativism · absolutism · subjectivity,A paradox is a sentence that seems to defeat itself and often teaches something. A contradiction cannot be repaired by saying it louder. An argument may be fallacious and still reach a true conclusion by luck.,"Illustrate one clear, concrete scene that explains ""When Logic Breaks"" to a child, for a children's English book. Show real objects and people doing the action — not symbols or abstract shapes. Key ideas to show: paradox, contradiction, fallacious, refute, postulate, dialectic, relativism, absolutism, subjectivity. children's storybook illustration, soft warm colors, friendly rounded shapes, gentle lighting, flat vector style with light texture, wide 16:9 scene, no text, no letters, no words, no watermark","A paradox is a sentence that seems to defeat itself and often teaches something. A contradiction cannot be repaired by saying it louder. An argument may be fallacious and still reach a true conclusion by luck. To refute a claim you must show it false, not merely dislike it. We postulate something in order to see what would follow from it. Dialectic is the slow method of improving an idea by attacking it honestly. Strict relativism says every view is equally valid, which is hard to live by. Strict absolutism admits no exception, which is equally hard. Subjectivity is not a flaw to remove but a position to declare."
363,13,B2,,img_day363.png,The Good Life,The Good Life,virtue · temperance · altruism · selfishness · greed · envy · sincerity · hypocrisy · utilitarian,"A virtue is a habit, not a mood you happen to be in. Temperance is knowing when enough has arrived. Altruism appears in every human society ever studied.","Illustrate one clear, concrete scene that explains ""The Good Life"" to a child, for a children's English book. Show real objects and people doing the action — not symbols or abstract shapes. Key ideas to show: virtue, temperance, altruism, selfishness, greed, envy, sincerity, hypocrisy, utilitarian. children's storybook illustration, soft warm colors, friendly rounded shapes, gentle lighting, flat vector style with light texture, wide 16:9 scene, no text, no letters, no words, no watermark","A virtue is a habit, not a mood you happen to be in. Temperance is knowing when enough has arrived. Altruism appears in every human society ever studied. Selfishness is easy to see in others and invisible in oneself. Greed is not wanting much; it is never reaching the point of enough. Envy is the only one of these that gives no pleasure at all. Sincerity means the inside and the outside match. Hypocrisy is not failing to meet a standard; it is demanding it only of others. A utilitarian asks which action produces the most good overall."
364,13,B2,,img_day364.png,What We Owe Each Other,What We Owe Each Other,reciprocity · trustworthiness · impartiality · exploitation · coercion · deception · complicity · proportional · mercy,Reciprocity is the quiet rule that holds most communities together. Trustworthiness is built by keeping promises nobody was watching you make. Impartiality means the same rule for the person you like and the person you do not.,"Illustrate one clear, concrete scene that explains ""What We Owe Each Other"" to a child, for a children's English book. Show real objects and people doing the action — not symbols or abstract shapes. Key ideas to show: reciprocity, trustworthiness, impartiality, exploitation, coercion, deception, complicity, proportional, mercy. children's storybook illustration, soft warm colors, friendly rounded shapes, gentle lighting, flat vector style with light texture, wide 16:9 scene, no text, no letters, no words, no watermark","Reciprocity is the quiet rule that holds most communities together. Trustworthiness is built by keeping promises nobody was watching you make. Impartiality means the same rule for the person you like and the person you do not. Exploitation is a deal that is legal, voluntary and still unfair. Under coercion a choice is not really a choice. Deception can be achieved without saying anything untrue. Silence can become complicity when you had the power to speak. A punishment should be proportional to the harm, not to the anger. Mercy is choosing less than you are entitled to take."
365,13,B2,,img_day365.png,Harm and Repair,Harm and Repair,remorse · retribution · deterrence · restitution · reconciliation · culpable · leniency · vindictive · dilemma,Remorse is different from regret: regret is about the cost to you. Retribution answers a wrong with a matching harm and stops there. Deterrence tries to prevent the next offence rather than settle the last.,"Illustrate one clear, concrete scene that explains ""Harm and Repair"" to a child, for a children's English book. Show real objects and people doing the action — not symbols or abstract shapes. Key ideas to show: remorse, retribution, deterrence, restitution, reconciliation, culpable, leniency, vindictive, dilemma. children's storybook illustration, soft warm colors, friendly rounded shapes, gentle lighting, flat vector style with light texture, wide 16:9 scene, no text, no letters, no words, no watermark","Remorse is different from regret: regret is about the cost to you. Retribution answers a wrong with a matching harm and stops there. Deterrence tries to prevent the next offence rather than settle the last. Restitution asks the wrongdoer to repair what was actually broken. Reconciliation is slower than justice and sometimes worth more. A person found culpable is not the same as a person destroyed. Leniency shown once may be mercy; shown always it becomes neglect. A vindictive response feels satisfying and rarely improves anything. A true dilemma has no clean option, only a defensible one."
366,13,B2,,img_day366.png,Freedom and Fate,Freedom and Fate,determinism · freewill · agency · circumstance · headstart · luck · merit · advantage · unassuming,"Determinism says every choice was already fixed by what came before. Freewill says something in you could have chosen otherwise. Agency is the ordinary experience of deciding, whatever the philosophers conclude.","Illustrate one clear, concrete scene that explains ""Freedom and Fate"" to a child, for a children's English book. Show real objects and people doing the action — not symbols or abstract shapes. Key ideas to show: determinism, freewill, agency, circumstance, headstart, luck, merit, advantage, unassuming. children's storybook illustration, soft warm colors, friendly rounded shapes, gentle lighting, flat vector style with light texture, wide 16:9 scene, no text, no letters, no words, no watermark","Determinism says every choice was already fixed by what came before. Freewill says something in you could have chosen otherwise. Agency is the ordinary experience of deciding, whatever the philosophers conclude. Circumstance shapes a life far more than most successful people admit. A headstart in life is real even when nobody talks about it. Luck decides where you were born and who taught you to read. Merit is real, and it is never the whole story. To notice your own advantage is not guilt; it is accuracy. An unassuming person simply sees the size of what they did not do alone."
367,13,B2,ทบทวน,img_day367.png,Week 53 Friends Review!,Week 53 Friends Review!,philosophy · premise · deduction · induction · syllogism · axiom · thesis · antithesis · objectivity · paradox · contradiction · fallacious · refute · postulate · dialectic · relativism · absolutism · subjectivity · virtue · temperance · altruism · selfishness · greed · envy · sincerity · hypocrisy · utilitarian · reciprocity · trustworthiness · impartiality · exploitation · coercion · deception · complicity · proportional · mercy · remorse · retribution · deterrence · restitution · reconciliation · culpable · leniency · vindictive · dilemma · determinism · freewill · agency · circumstance · headstart · luck · merit · advantage · unassuming,,"Illustrate a cheerful review-day celebration for a children's English book: two original child-friendly characters cheering together among floating stars, balloons and simple everyday objects. Theme: Week 53 Friends Review!. children's storybook illustration, soft warm colors, friendly rounded shapes, gentle lighting, flat vector style with light texture, wide 16:9 scene, no text, no letters, no words, no watermark",
368,13,B2,,img_day368.png,The Scale of the Universe,The Scale of the Universe,nebula · constellation · asteroid · comet · eclipse · lightyear · observatory · exoplanet · habitable,"A nebula is a cloud of gas where new stars are still being made. A constellation is a pattern we drew, not a group that belongs together. An asteroid is rock; a comet is mostly ice and dust.","Illustrate one clear, concrete scene that explains ""The Scale of the Universe"" to a child, for a children's English book. Show real objects and people doing the action — not symbols or abstract shapes. Key ideas to show: nebula, constellation, asteroid, comet, eclipse, lightyear, observatory, exoplanet, habitable. children's storybook illustration, soft warm colors, friendly rounded shapes, gentle lighting, flat vector style with light texture, wide 16:9 scene, no text, no letters, no words, no watermark","A nebula is a cloud of gas where new stars are still being made. A constellation is a pattern we drew, not a group that belongs together. An asteroid is rock; a comet is mostly ice and dust. A comet grows a tail only when it comes near the sun. An eclipse happens because the moon and the sun look almost the same size from here. One lightyear is the distance light travels in a year, and light is not slow. A mountain observatory is built high to see through less air. The first exoplanet was confirmed only in the nineteen nineties. A habitable world needs liquid water, and that is only the beginning of the list."
369,13,B2,,img_day369.png,How the Universe Began,How the Universe Began,cosmology · bigbang · redshift · expansion · cosmic · primordial · abundance · discern · speculative,Cosmology asks how everything began and how it is likely to end. The bigbang was not an explosion in space; it was the appearance of space. Redshift shows that distant galaxies are moving away from us.,"Illustrate one clear, concrete scene that explains ""How the Universe Began"" to a child, for a children's English book. Show real objects and people doing the action — not symbols or abstract shapes. Key ideas to show: cosmology, bigbang, redshift, expansion, cosmic, primordial, abundance, discern, speculative. children's storybook illustration, soft warm colors, friendly rounded shapes, gentle lighting, flat vector style with light texture, wide 16:9 scene, no text, no letters, no words, no watermark","Cosmology asks how everything began and how it is likely to end. The bigbang was not an explosion in space; it was the appearance of space. Redshift shows that distant galaxies are moving away from us. That expansion is happening everywhere, not from one centre. Faint cosmic background radiation is the oldest light there is. The primordial mixture was almost entirely hydrogen and helium. The measured abundance of those elements matches the theory closely. From the light alone we can discern temperature, speed and age. Anything beyond the observable universe remains speculative, and honest scientists say so."
370,13,B2,,img_day370.png,Extreme Objects,Extreme Objects,blackhole · supernova · neutronstar · meteor · magnetosphere · solarwind · ionosphere · luminous · collapse,A blackhole is not a hole; it is matter packed too tightly to escape from. One supernova can outshine an entire galaxy for a few weeks. A neutronstar packs the mass of the sun into a city.,"Illustrate one clear, concrete scene that explains ""Extreme Objects"" to a child, for a children's English book. Show real objects and people doing the action — not symbols or abstract shapes. Key ideas to show: blackhole, supernova, neutronstar, meteor, magnetosphere, solarwind, ionosphere, luminous, collapse. children's storybook illustration, soft warm colors, friendly rounded shapes, gentle lighting, flat vector style with light texture, wide 16:9 scene, no text, no letters, no words, no watermark","A blackhole is not a hole; it is matter packed too tightly to escape from. One supernova can outshine an entire galaxy for a few weeks. A neutronstar packs the mass of the sun into a city. A meteor is the streak of light, not the rock itself. The magnetosphere is an invisible shield around this planet. Without it the solarwind would strip the ionosphere away. Earth keeps its air because of gravity and that magnetic shield together. The most luminous objects we can see are also among the most distant. When a large star runs out of fuel, it will collapse in seconds."
371,13,B2,,img_day371.png,Leaving the Ground,Leaving the Ground,trajectory · payload · launchpad · weightless · microgravity · spacesuit · rover · docking · reentry,A rocket does not fly upward; it follows a curved trajectory sideways. Every extra kilogram of payload costs a great deal of fuel. A launchpad is designed to survive being briefly on fire.,"Illustrate one clear, concrete scene that explains ""Leaving the Ground"" to a child, for a children's English book. Show real objects and people doing the action — not symbols or abstract shapes. Key ideas to show: trajectory, payload, launchpad, weightless, microgravity, spacesuit, rover, docking, reentry. children's storybook illustration, soft warm colors, friendly rounded shapes, gentle lighting, flat vector style with light texture, wide 16:9 scene, no text, no letters, no words, no watermark",A rocket does not fly upward; it follows a curved trajectory sideways. Every extra kilogram of payload costs a great deal of fuel. A launchpad is designed to survive being briefly on fire. Astronauts are not weightless because gravity is absent; they are falling around the Earth. Microgravity weakens bone within weeks. A spacesuit is a small spacecraft shaped like a person. A rover on Mars waits minutes for every instruction to arrive. Docking two craft at eight kilometres a second requires astonishing patience. Reentry is the most dangerous ten minutes of any mission.
372,13,B2,,img_day372.png,Measuring Time,Measuring Time,chronology · millennium · epoch · simultaneous · duration · synchronise · calibrate · sundial · hourglass,"A clear chronology is the first thing a historian builds and the last thing a reader notices. A millennium is a thousand years, which sounds long until you meet geology. An epoch in geology can last several million years.","Illustrate one clear, concrete scene that explains ""Measuring Time"" to a child, for a children's English book. Show real objects and people doing the action — not symbols or abstract shapes. Key ideas to show: chronology, millennium, epoch, simultaneous, duration, synchronise, calibrate, sundial, hourglass. children's storybook illustration, soft warm colors, friendly rounded shapes, gentle lighting, flat vector style with light texture, wide 16:9 scene, no text, no letters, no words, no watermark","A clear chronology is the first thing a historian builds and the last thing a reader notices. A millennium is a thousand years, which sounds long until you meet geology. An epoch in geology can last several million years. Two events that look simultaneous here may not be simultaneous elsewhere. The duration of a day has not always been twenty four hours. Satellites must synchronise their clocks to within billionths of a second. Any instrument must calibrate against something more reliable than itself. A sundial keeps solar time and cannot help you at night. An hourglass measures a fixed duration and nothing else, which is its charm."
373,13,B2,,img_day373.png,Time and Change,Time and Change,prehistoric · medieval · contemporary · cyclical · perpetual · transient · ephemeral · extrapolate · futurology,Prehistoric simply means before anybody wrote anything down. The medieval world was far less dark than the name suggests. Contemporary art is often disliked and later becomes the classic.,"Illustrate one clear, concrete scene that explains ""Time and Change"" to a child, for a children's English book. Show real objects and people doing the action — not symbols or abstract shapes. Key ideas to show: prehistoric, medieval, contemporary, cyclical, perpetual, transient, ephemeral, extrapolate, futurology. children's storybook illustration, soft warm colors, friendly rounded shapes, gentle lighting, flat vector style with light texture, wide 16:9 scene, no text, no letters, no words, no watermark","Prehistoric simply means before anybody wrote anything down. The medieval world was far less dark than the name suggests. Contemporary art is often disliked and later becomes the classic. Many cultures see time as cyclical rather than as a straight line. Nothing physical is truly perpetual, though some things outlast every witness. A transient fashion can still change a language permanently. An ephemeral post may be screenshotted and last for decades. It is tempting to extrapolate a straight line from three points. Futurology is mostly the study of how badly the past predicted us."
374,13,B2,ทบทวน,img_day374.png,Week 54 Friends Review!,Week 54 Friends Review!,nebula · constellation · asteroid · comet · eclipse · lightyear · observatory · exoplanet · habitable · cosmology · bigbang · redshift · expansion · cosmic · primordial · abundance · discern · speculative · blackhole · supernova · neutronstar · meteor · magnetosphere · solarwind · ionosphere · luminous · collapse · trajectory · payload · launchpad · weightless · microgravity · spacesuit · rover · docking · reentry · chronology · millennium · epoch · simultaneous · duration · synchronise · calibrate · sundial · hourglass · prehistoric · medieval · contemporary · cyclical · perpetual · transient · ephemeral · extrapolate · futurology,,"Illustrate a cheerful review-day celebration for a children's English book: two original child-friendly characters cheering together among floating stars, balloons and simple everyday objects. Theme: Week 54 Friends Review!. children's storybook illustration, soft warm colors, friendly rounded shapes, gentle lighting, flat vector style with light texture, wide 16:9 scene, no text, no letters, no words, no watermark",
375,13,B2,,img_day375.png,Inside the Body,Inside the Body,anatomy · physiology · ligament · cartilage · marrow · artery · capillary · kidney · gland,Anatomy describes the parts; physiology explains what they do. A ligament joins bone to bone and heals slowly. Cartilage cushions a joint and has almost no blood supply of its own.,"Illustrate one clear, concrete scene that explains ""Inside the Body"" to a child, for a children's English book. Show real objects and people doing the action — not symbols or abstract shapes. Key ideas to show: anatomy, physiology, ligament, cartilage, marrow, artery, capillary, kidney, gland. children's storybook illustration, soft warm colors, friendly rounded shapes, gentle lighting, flat vector style with light texture, wide 16:9 scene, no text, no letters, no words, no watermark",Anatomy describes the parts; physiology explains what they do. A ligament joins bone to bone and heals slowly. Cartilage cushions a joint and has almost no blood supply of its own. Bone marrow makes new blood cells every single day. An artery carries blood away from the heart under pressure. A capillary is so narrow that red cells pass through in single file. Each kidney filters your entire blood volume many times a day. A gland releases what the rest of the body has ordered.
376,13,B2,,img_day376.png,The Body at Work,The Body at Work,digestion · intestine · liver · pancreas · bloodflow · immunology · sterile · hydrated · regimen,"Digestion begins in the mouth, long before food reaches the stomach. The small intestine is about six metres long and folded carefully. The liver performs several hundred jobs and complains about none of them.","Illustrate one clear, concrete scene that explains ""The Body at Work"" to a child, for a children's English book. Show real objects and people doing the action — not symbols or abstract shapes. Key ideas to show: digestion, intestine, liver, pancreas, bloodflow, immunology, sterile, hydrated, regimen. children's storybook illustration, soft warm colors, friendly rounded shapes, gentle lighting, flat vector style with light texture, wide 16:9 scene, no text, no letters, no words, no watermark","Digestion begins in the mouth, long before food reaches the stomach. The small intestine is about six metres long and folded carefully. The liver performs several hundred jobs and complains about none of them. The pancreas controls how much sugar stays in your blood. Good bloodflow matters more to your brain than to your legs. Immunology explains why children who meet more germs collect more colds. A sterile instrument carries no living organism at all. Staying hydrated affects concentration within hours, not days. A sensible regimen you actually follow beats a perfect one you abandon."
377,13,B2,,img_day377.png,When Something Goes Wrong,When Something Goes Wrong,pathogen · infection · inflammation · contagious · asymptomatic · chronic · acute · fracture · concussion,A pathogen is any organism that can cause disease. An infection is the body being colonised; illness is the body responding. Inflammation is a repair process that becomes a problem when it will not stop.,"Illustrate one clear, concrete scene that explains ""When Something Goes Wrong"" to a child, for a children's English book. Show real objects and people doing the action — not symbols or abstract shapes. Key ideas to show: pathogen, infection, inflammation, contagious, asymptomatic, chronic, acute, fracture, concussion. children's storybook illustration, soft warm colors, friendly rounded shapes, gentle lighting, flat vector style with light texture, wide 16:9 scene, no text, no letters, no words, no watermark","A pathogen is any organism that can cause disease. An infection is the body being colonised; illness is the body responding. Inflammation is a repair process that becomes a problem when it will not stop. A contagious illness spreads from person to person, which not all illnesses do. An asymptomatic carrier feels well and can still pass something on. A chronic condition is managed rather than cured. An acute problem arrives quickly and usually resolves. A small fracture may not show on the first image. Concussion is a brain injury even when nobody is knocked out."
378,13,B2,,img_day378.png,The Medicine Cabinet,The Medicine Cabinet,antibiotic · antiviral · antiseptic · immunise · placebo · clinical · sideeffect · prescribe · remission,"An antibiotic works on bacteria and does nothing at all to a virus. An antiviral must usually be started early to help. An antiseptic is for skin, not for swallowing.","Illustrate one clear, concrete scene that explains ""The Medicine Cabinet"" to a child, for a children's English book. Show real objects and people doing the action — not symbols or abstract shapes. Key ideas to show: antibiotic, antiviral, antiseptic, immunise, placebo, clinical, sideeffect, prescribe, remission. children's storybook illustration, soft warm colors, friendly rounded shapes, gentle lighting, flat vector style with light texture, wide 16:9 scene, no text, no letters, no words, no watermark","An antibiotic works on bacteria and does nothing at all to a virus. An antiviral must usually be started early to help. An antiseptic is for skin, not for swallowing. To immunise a population you need most of it, not all of it. A placebo can genuinely reduce pain, which is one of the strangest facts in medicine. A clinical trial compares the new treatment against the best current one. Every real medicine has a sideeffect; the question is whether it is worth it. Doctors prescribe fewer antibiotics now than twenty years ago, deliberately. Remission means the disease is quiet, not necessarily gone."
379,13,B2,,img_day379.png,In the Hospital,In the Hospital,paramedic · triage · resuscitate · anaesthetic · surgeon · transplant · outpatient · referral · palliative,"A paramedic makes decisions on a pavement that a hospital makes in a room. Triage treats the most urgent first, not the first to arrive. To resuscitate someone is exhausting and succeeds less often than television suggests.","Illustrate one clear, concrete scene that explains ""In the Hospital"" to a child, for a children's English book. Show real objects and people doing the action — not symbols or abstract shapes. Key ideas to show: paramedic, triage, resuscitate, anaesthetic, surgeon, transplant, outpatient, referral, palliative. children's storybook illustration, soft warm colors, friendly rounded shapes, gentle lighting, flat vector style with light texture, wide 16:9 scene, no text, no letters, no words, no watermark","A paramedic makes decisions on a pavement that a hospital makes in a room. Triage treats the most urgent first, not the first to arrive. To resuscitate someone is exhausting and succeeds less often than television suggests. A general anaesthetic is closer to a controlled coma than to sleep. A surgeon spends more time deciding whether to operate than operating. A transplant depends entirely on somebody else's generosity. An outpatient goes home the same day. A referral is how one doctor asks a better qualified colleague. Palliative care treats the person when the illness can no longer be treated."
380,13,B2,,img_day380.png,Health for a Whole Country,Health for a Whole Country,epidemiology · screening · prognosis · midwife · paediatric · geriatric · primarycare · equitable · preventive,"Epidemiology studies illness in populations rather than in patients. A screening programme finds disease in people who feel perfectly well. A prognosis is a range of likelihoods, never a date.","Illustrate one clear, concrete scene that explains ""Health for a Whole Country"" to a child, for a children's English book. Show real objects and people doing the action — not symbols or abstract shapes. Key ideas to show: epidemiology, screening, prognosis, midwife, paediatric, geriatric, primarycare, equitable, preventive. children's storybook illustration, soft warm colors, friendly rounded shapes, gentle lighting, flat vector style with light texture, wide 16:9 scene, no text, no letters, no words, no watermark","Epidemiology studies illness in populations rather than in patients. A screening programme finds disease in people who feel perfectly well. A prognosis is a range of likelihoods, never a date. A trained midwife is one of the cheapest ways to save two lives at once. Paediatric medicine is not adult medicine at a smaller dose. Geriatric care asks what will keep this person independent. Strong primarycare reduces hospital admissions across a whole district. An equitable system is judged by how it treats the person with the least. Preventive spending is unpopular because success looks like nothing happening."
381,13,B2,ทบทวน,img_day381.png,Week 55 Friends Review!,Week 55 Friends Review!,anatomy · physiology · ligament · cartilage · marrow · artery · capillary · kidney · gland · digestion · intestine · liver · pancreas · bloodflow · immunology · sterile · hydrated · regimen · pathogen · infection · inflammation · contagious · asymptomatic · chronic · acute · fracture · concussion · antibiotic · antiviral · antiseptic · immunise · placebo · clinical · sideeffect · prescribe · remission · paramedic · triage · resuscitate · anaesthetic · surgeon · transplant · outpatient · referral · palliative · epidemiology · screening · prognosis · midwife · paediatric · geriatric · primarycare · equitable · preventive,,"Illustrate a cheerful review-day celebration for a children's English book: two original child-friendly characters cheering together among floating stars, balloons and simple everyday objects. Theme: Week 55 Friends Review!. children's storybook illustration, soft warm colors, friendly rounded shapes, gentle lighting, flat vector style with light texture, wide 16:9 scene, no text, no letters, no words, no watermark",
382,13,B2,,img_day382.png,How Cities Are Built,How Cities Are Built,facade · footing · girder · cantilever · truss · scaffold · loadbearing · reinforced · masonry,A facade is the face of a building and sometimes only that. The footing is the part nobody photographs and everybody depends on. A steel girder can carry a load that no stone beam ever could.,"Illustrate one clear, concrete scene that explains ""How Cities Are Built"" to a child, for a children's English book. Show real objects and people doing the action — not symbols or abstract shapes. Key ideas to show: facade, footing, girder, cantilever, truss, scaffold, loadbearing, reinforced, masonry. children's storybook illustration, soft warm colors, friendly rounded shapes, gentle lighting, flat vector style with light texture, wide 16:9 scene, no text, no letters, no words, no watermark","A facade is the face of a building and sometimes only that. The footing is the part nobody photographs and everybody depends on. A steel girder can carry a load that no stone beam ever could. A cantilever reaches out with no support beneath its far end. A simple truss turns a weak flat shape into a strong triangular one. Scaffold goes up first and comes down last. Never remove a loadbearing wall to make a room feel bigger. Reinforced concrete is strong in both directions, which plain concrete is not. Good masonry can stand for six hundred years with almost no maintenance."
383,13,B2,,img_day383.png,The Art of the Building,The Art of the Building,column · dome · vault · buttress · atrium · courtyard · ornament · minimalist · aesthetic,A column carries weight and also tells you which century you are in. A dome covers a wide space without a single pillar in the middle. A stone vault turns the weight of a roof into a sideways push.,"Illustrate one clear, concrete scene that explains ""The Art of the Building"" to a child, for a children's English book. Show real objects and people doing the action — not symbols or abstract shapes. Key ideas to show: column, dome, vault, buttress, atrium, courtyard, ornament, minimalist, aesthetic. children's storybook illustration, soft warm colors, friendly rounded shapes, gentle lighting, flat vector style with light texture, wide 16:9 scene, no text, no letters, no words, no watermark","A column carries weight and also tells you which century you are in. A dome covers a wide space without a single pillar in the middle. A stone vault turns the weight of a roof into a sideways push. A buttress exists to answer that push. An atrium brings daylight into the middle of a deep building. A courtyard cools a house in a hot climate better than any machine. For a century ornament was considered dishonest, and then it was not. A minimalist room is expensive to build and easy to photograph. An aesthetic choice is never only an aesthetic choice."
384,13,B2,,img_day384.png,Living Spaces,Living Spaces,floorplan · ventilation · acoustics · insulation · highrise · tenement · renovate · demolish · ergonomic,A good floorplan is felt rather than noticed. Cross ventilation costs nothing and cools a room all night. Poor acoustics can make an expensive hall unusable.,"Illustrate one clear, concrete scene that explains ""Living Spaces"" to a child, for a children's English book. Show real objects and people doing the action — not symbols or abstract shapes. Key ideas to show: floorplan, ventilation, acoustics, insulation, highrise, tenement, renovate, demolish, ergonomic. children's storybook illustration, soft warm colors, friendly rounded shapes, gentle lighting, flat vector style with light texture, wide 16:9 scene, no text, no letters, no words, no watermark","A good floorplan is felt rather than noticed. Cross ventilation costs nothing and cools a room all night. Poor acoustics can make an expensive hall unusable. Insulation pays for itself in about six winters. A highrise concentrates people and needs generous public space at the bottom. A crowded tenement in eighteen fifty taught cities why building rules exist. It is often cheaper to renovate than to demolish, and always kinder to the planet. Nobody demolishes a building because it is ugly; they demolish it because it is empty. An ergonomic chair is one you stop thinking about."
385,13,B2,,img_day385.png,Moving Through the City,Moving Through the City,junction · roundabout · underpass · flyover · boulevard · promenade · walkable · gridlock · sprawl,A busy junction is where most city accidents happen. A roundabout is slower to enter and much safer than a crossroads. An underpass keeps people apart from traffic and often feels unsafe at night.,"Illustrate one clear, concrete scene that explains ""Moving Through the City"" to a child, for a children's English book. Show real objects and people doing the action — not symbols or abstract shapes. Key ideas to show: junction, roundabout, underpass, flyover, boulevard, promenade, walkable, gridlock, sprawl. children's storybook illustration, soft warm colors, friendly rounded shapes, gentle lighting, flat vector style with light texture, wide 16:9 scene, no text, no letters, no words, no watermark","A busy junction is where most city accidents happen. A roundabout is slower to enter and much safer than a crossroads. An underpass keeps people apart from traffic and often feels unsafe at night. A flyover solves gridlock for about eight years. A wide boulevard with trees is cooler than the same street without them. A river promenade turns a barrier into the best address in town. A walkable district needs shops, homes and work within a few streets. Building more lanes reliably produces more gridlock, not less. Sprawl is cheap to build and extremely expensive to serve."
386,13,B2,,img_day386.png,Who Gets to Live Here,Who Gets to Live Here,zoning · gentrification · affordable · mixeduse · greenbelt · vista · listedbuilding · displacement · participation,"Zoning decides what may be built where, and therefore who can live there. Gentrification improves a street and slowly removes the people who improved it. Truly affordable housing has to be built, not merely hoped for.","Illustrate one clear, concrete scene that explains ""Who Gets to Live Here"" to a child, for a children's English book. Show real objects and people doing the action — not symbols or abstract shapes. Key ideas to show: zoning, gentrification, affordable, mixeduse, greenbelt, vista, listedbuilding, displacement, participation. children's storybook illustration, soft warm colors, friendly rounded shapes, gentle lighting, flat vector style with light texture, wide 16:9 scene, no text, no letters, no words, no watermark","Zoning decides what may be built where, and therefore who can live there. Gentrification improves a street and slowly removes the people who improved it. Truly affordable housing has to be built, not merely hoped for. A mixeduse block puts a bakery under the flats and life on the pavement. A greenbelt limits sprawl and can also limit new homes. A protected vista is a view the law will not let anyone block. A listedbuilding costs more to keep and is worth keeping. Displacement is the part of regeneration that rarely appears in the brochure. Real participation means the plan can still change after the meeting."
387,13,B2,,img_day387.png,The City Underground,The City Underground,sewer · drainage · grid · streetlight · prefabricated · modular · maintenance · resilient · subsidence,"A city is judged by its sewer system more honestly than by its skyline. Poor drainage turns an ordinary storm into a disaster. When the grid fails, everything modern fails with it.","Illustrate one clear, concrete scene that explains ""The City Underground"" to a child, for a children's English book. Show real objects and people doing the action — not symbols or abstract shapes. Key ideas to show: sewer, drainage, grid, streetlight, prefabricated, modular, maintenance, resilient, subsidence. children's storybook illustration, soft warm colors, friendly rounded shapes, gentle lighting, flat vector style with light texture, wide 16:9 scene, no text, no letters, no words, no watermark","A city is judged by its sewer system more honestly than by its skyline. Poor drainage turns an ordinary storm into a disaster. When the grid fails, everything modern fails with it. A working streetlight changes how safe a street feels after dark. Prefabricated parts are made in a dry factory and assembled in a wet street. A modular design lets one building be repaired without closing the rest. Maintenance is the least glamorous and most valuable budget line there is. A resilient city fails gently rather than suddenly. Subsidence cracks walls slowly and is expensive to stop."
388,13,B2,ทบทวน,img_day388.png,Week 56 Friends Review!,Week 56 Friends Review!,facade · footing · girder · cantilever · truss · scaffold · loadbearing · reinforced · masonry · column · dome · vault · buttress · atrium · courtyard · ornament · minimalist · aesthetic · floorplan · ventilation · acoustics · insulation · highrise · tenement · renovate · demolish · ergonomic · junction · roundabout · underpass · flyover · boulevard · promenade · walkable · gridlock · sprawl · zoning · gentrification · affordable · mixeduse · greenbelt · vista · listedbuilding · displacement · participation · sewer · drainage · grid · streetlight · prefabricated · modular · maintenance · resilient · subsidence,,"Illustrate a cheerful review-day celebration for a children's English book: two original child-friendly characters cheering together among floating stars, balloons and simple everyday objects. Theme: Week 56 Friends Review!. children's storybook illustration, soft warm colors, friendly rounded shapes, gentle lighting, flat vector style with light texture, wide 16:9 scene, no text, no letters, no words, no watermark",
389,13,B2,,img_day389.png,Putting It Together,Putting It Together,interdisciplinary · analogy · abstraction · generalise · specialise · transferable · expertise · novice · leverage,The most interesting problems are interdisciplinary; nature never divided itself into school subjects. A good analogy carries an idea from a field you know into one you do not. Abstraction is how one solution comes to fit a thousand cases.,"Illustrate one clear, concrete scene that explains ""Putting It Together"" to a child, for a children's English book. Show real objects and people doing the action — not symbols or abstract shapes. Key ideas to show: interdisciplinary, analogy, abstraction, generalise, specialise, transferable, expertise, novice, leverage. children's storybook illustration, soft warm colors, friendly rounded shapes, gentle lighting, flat vector style with light texture, wide 16:9 scene, no text, no letters, no words, no watermark",The most interesting problems are interdisciplinary; nature never divided itself into school subjects. A good analogy carries an idea from a field you know into one you do not. Abstraction is how one solution comes to fit a thousand cases. To generalise too early is to be confidently wrong. To specialise too early is to be narrow. A transferable skill is worth more than a fact. Expertise is knowing which detail matters and which does not. A novice sees only the surface features of a problem. Leverage means using a small effort where it does the most work.
390,13,B2,,img_day390.png,Three Hundred and Ninety,Three Hundred and Ninety,compounding · incremental · lull · milepost · scaffolding · automaticity · consolidation · capability · doggedness,Compounding is why ten words a day becomes three thousand and feels like nothing. Incremental progress is invisible on any single day and undeniable across a year. A lull is not a stop; it is the brain reorganising quietly.,"Illustrate one clear, concrete scene that explains ""Three Hundred and Ninety"" to a child, for a children's English book. Show real objects and people doing the action — not symbols or abstract shapes. Key ideas to show: compounding, incremental, lull, milepost, scaffolding, automaticity, consolidation, capability, doggedness. children's storybook illustration, soft warm colors, friendly rounded shapes, gentle lighting, flat vector style with light texture, wide 16:9 scene, no text, no letters, no words, no watermark","Compounding is why ten words a day becomes three thousand and feels like nothing. Incremental progress is invisible on any single day and undeniable across a year. A lull is not a stop; it is the brain reorganising quietly. Passing a milepost in a language feels sudden and was not. Scaffolding is help you are meant to outgrow. Automaticity is the moment you stop translating in your head. Consolidation matters more at this stage than adding anything new. Capability in a language is not a certificate; it is what you can do on a tired day. Doggedness brought you three hundred and ninety days, and it is the only rare ingredient."
391,14,B2,,img_day391.png,The Study of Language,The Study of Language,linguistics · phonetics · phoneme · semantics · pragmatics · lexicon · etymology · cognate · loanword,Linguistics studies language the way biology studies life. Phonetics describes the sounds a mouth can actually make. A phoneme is a sound that changes meaning: pat and bat differ by one.,"Illustrate one clear, concrete scene that explains ""The Study of Language"" to a child, for a children's English book. Show real objects and people doing the action — not symbols or abstract shapes. Key ideas to show: linguistics, phonetics, phoneme, semantics, pragmatics, lexicon, etymology, cognate, loanword. children's storybook illustration, soft warm colors, friendly rounded shapes, gentle lighting, flat vector style with light texture, wide 16:9 scene, no text, no letters, no words, no watermark",Linguistics studies language the way biology studies life. Phonetics describes the sounds a mouth can actually make. A phoneme is a sound that changes meaning: pat and bat differ by one. Semantics asks what a sentence means; pragmatics asks what the speaker meant by it. The lexicon of English is unusually large because it borrowed so freely. Etymology often shows that a familiar word once meant something surprising. A cognate is a word two languages inherited from the same ancestor. A loanword arrives with the thing it names and stays forever.
392,14,B2,,img_day392.png,How Words Are Built,How Words Are Built,morpheme · morphology · affix · prefix · suffix · inflection · neologism · coinage · archaic,A morpheme is the smallest piece of a word that still carries meaning. Morphology explains why unhappiness has three parts and not one. An affix is anything you attach to a root.,"Illustrate one clear, concrete scene that explains ""How Words Are Built"" to a child, for a children's English book. Show real objects and people doing the action — not symbols or abstract shapes. Key ideas to show: morpheme, morphology, affix, prefix, suffix, inflection, neologism, coinage, archaic. children's storybook illustration, soft warm colors, friendly rounded shapes, gentle lighting, flat vector style with light texture, wide 16:9 scene, no text, no letters, no words, no watermark","A morpheme is the smallest piece of a word that still carries meaning. Morphology explains why unhappiness has three parts and not one. An affix is anything you attach to a root. A prefix goes before, and a suffix goes after. English has lost most of its inflection, which is why word order matters so much. A neologism is a word younger than the person using it. Every coinage sounds ridiculous for about ten years. An archaic word survives in poems and in legal documents."
393,14,B2,,img_day393.png,The Shape of a Sentence,The Shape of a Sentence,syntax · subordinate · modifier · determiner · preposition · conjunction · ambiguity · polysemy · homophone,"Syntax is the set of rules that decides which orders are possible. A subordinate clause cannot stand alone, however long it is. A modifier belongs as close as possible to what it modifies.","Illustrate one clear, concrete scene that explains ""The Shape of a Sentence"" to a child, for a children's English book. Show real objects and people doing the action — not symbols or abstract shapes. Key ideas to show: syntax, subordinate, modifier, determiner, preposition, conjunction, ambiguity, polysemy, homophone. children's storybook illustration, soft warm colors, friendly rounded shapes, gentle lighting, flat vector style with light texture, wide 16:9 scene, no text, no letters, no words, no watermark","Syntax is the set of rules that decides which orders are possible. A subordinate clause cannot stand alone, however long it is. A modifier belongs as close as possible to what it modifies. A determiner tells you which one and how many. A preposition is the hardest part of any language to learn and the easiest to hear wrong. A conjunction joins two ideas and quietly says how they relate. Ambiguity is usually accidental and occasionally the whole point of a joke. Polysemy means one word carrying several related meanings at once. A homophone sounds identical and is spelled differently."
394,14,B2,,img_day394.png,Many Englishes,Many Englishes,vernacular · jargon · slang · creole · pidgin · multilingual · standardise · orthography · transliterate,"The vernacular of a neighbourhood is a real grammar, not a broken one. Jargon is useful inside a profession and rude outside it. Slang dates a speaker faster than any photograph.","Illustrate one clear, concrete scene that explains ""Many Englishes"" to a child, for a children's English book. Show real objects and people doing the action — not symbols or abstract shapes. Key ideas to show: vernacular, jargon, slang, creole, pidgin, multilingual, standardise, orthography, transliterate. children's storybook illustration, soft warm colors, friendly rounded shapes, gentle lighting, flat vector style with light texture, wide 16:9 scene, no text, no letters, no words, no watermark","The vernacular of a neighbourhood is a real grammar, not a broken one. Jargon is useful inside a profession and rude outside it. Slang dates a speaker faster than any photograph. A creole begins as a pidgin and becomes a full language within a generation. A pidgin is invented by adults who need to trade tomorrow. Most of the world is multilingual; monolingual countries are the unusual ones. To standardise a spelling is a political act as much as a practical one. English orthography records how words sounded five centuries ago. To transliterate a name is to keep the sound and change the letters."
395,14,B2,,img_day395.png,How Languages Change,How Languages Change,bilingualism · logogram · syllabary · alphabet · punctuation · apostrophe · semicolon · parenthesis · hyphen,Bilingualism in childhood costs nothing and pays for sixty years. A logogram stands for a whole word rather than a sound. A syllabary gives one symbol to each syllable.,"Illustrate one clear, concrete scene that explains ""How Languages Change"" to a child, for a children's English book. Show real objects and people doing the action — not symbols or abstract shapes. Key ideas to show: bilingualism, logogram, syllabary, alphabet, punctuation, apostrophe, semicolon, parenthesis, hyphen. children's storybook illustration, soft warm colors, friendly rounded shapes, gentle lighting, flat vector style with light texture, wide 16:9 scene, no text, no letters, no words, no watermark",Bilingualism in childhood costs nothing and pays for sixty years. A logogram stands for a whole word rather than a sound. A syllabary gives one symbol to each syllable. An alphabet needs only a few dozen symbols to write anything at all. Punctuation was invented to help people read aloud. The apostrophe is the most argued about mark in English. A semicolon joins two sentences that did not want to separate. A parenthesis is an aside the writer could not resist. A hyphen changes a small firm into something quite different from a small business.
396,14,B2,,img_day396.png,Speaking Clearly,Speaking Clearly,enunciate · mumble · accentuate · diction · cadence · elision · liaison · minimalpair · shadow,"To enunciate is to finish the ends of your words. People mumble when they are unsure, not when they are quiet. Accentuate the word that carries the new information.","Illustrate one clear, concrete scene that explains ""Speaking Clearly"" to a child, for a children's English book. Show real objects and people doing the action — not symbols or abstract shapes. Key ideas to show: enunciate, mumble, accentuate, diction, cadence, elision, liaison, minimalpair, shadow. children's storybook illustration, soft warm colors, friendly rounded shapes, gentle lighting, flat vector style with light texture, wide 16:9 scene, no text, no letters, no words, no watermark","To enunciate is to finish the ends of your words. People mumble when they are unsure, not when they are quiet. Accentuate the word that carries the new information. Diction is the choice of words; delivery is what you do with them. A natural cadence is what makes a fluent speaker restful to listen to. Elision is why did you sounds like one word in real speech. Liaison joins the end of one word to the start of the next. A minimalpair like ship and sheep trains one sound at a time. To shadow a recording is the fastest exercise for rhythm."
397,14,B2,ทบทวน,img_day397.png,Week 57 Friends Review!,Week 57 Friends Review!,linguistics · phonetics · phoneme · semantics · pragmatics · lexicon · etymology · cognate · loanword · morpheme · morphology · affix · prefix · suffix · inflection · neologism · coinage · archaic · syntax · subordinate · modifier · determiner · preposition · conjunction · ambiguity · polysemy · homophone · vernacular · jargon · slang · creole · pidgin · multilingual · standardise · orthography · transliterate · bilingualism · logogram · syllabary · alphabet · punctuation · apostrophe · semicolon · parenthesis · hyphen · enunciate · mumble · accentuate · diction · cadence · elision · liaison · minimalpair · shadow,,"Illustrate a cheerful review-day celebration for a children's English book: two original child-friendly characters cheering together among floating stars, balloons and simple everyday objects. Theme: Week 57 Friends Review!. children's storybook illustration, soft warm colors, friendly rounded shapes, gentle lighting, flat vector style with light texture, wide 16:9 scene, no text, no letters, no words, no watermark",
398,14,B2,,img_day398.png,What Makes a Story,What Makes a Story,protagonist · antagonist · exposition · climax · denouement · subplot · foreshadow · suspense · cliffhanger,A protagonist is not always likeable and must always want something. The best antagonist believes they are the hero of their own story. Exposition is necessary and should be almost invisible.,"Illustrate one clear, concrete scene that explains ""What Makes a Story"" to a child, for a children's English book. Show real objects and people doing the action — not symbols or abstract shapes. Key ideas to show: protagonist, antagonist, exposition, climax, denouement, subplot, foreshadow, suspense, cliffhanger. children's storybook illustration, soft warm colors, friendly rounded shapes, gentle lighting, flat vector style with light texture, wide 16:9 scene, no text, no letters, no words, no watermark",A protagonist is not always likeable and must always want something. The best antagonist believes they are the hero of their own story. Exposition is necessary and should be almost invisible. The climax is the moment the main question is finally answered. The denouement lets the reader breathe out. A good subplot echoes the main story instead of interrupting it. To foreshadow well is to make the ending feel both surprising and inevitable. Suspense is created by what the reader knows and the character does not. A cliffhanger works once per book and annoys everyone after that.
399,14,B2,,img_day399.png,Who Is Telling,Who Is Telling,omniscient · firstperson · unreliable · monologue · soliloquy · dialogue · characterisation · archetype · foil,"An omniscient narrator can enter any head and often enters too many. A firstperson story is limited on purpose, which is its strength. An unreliable narrator makes the reader do detective work.","Illustrate one clear, concrete scene that explains ""Who Is Telling"" to a child, for a children's English book. Show real objects and people doing the action — not symbols or abstract shapes. Key ideas to show: omniscient, firstperson, unreliable, monologue, soliloquy, dialogue, characterisation, archetype, foil. children's storybook illustration, soft warm colors, friendly rounded shapes, gentle lighting, flat vector style with light texture, wide 16:9 scene, no text, no letters, no words, no watermark","An omniscient narrator can enter any head and often enters too many. A firstperson story is limited on purpose, which is its strength. An unreliable narrator makes the reader do detective work. A monologue is one character speaking to others at length. A soliloquy is a character speaking honestly because nobody is listening. Dialogue should sound like speech without actually being a transcript. Characterisation happens through choices under pressure, not through descriptions of eyes. An archetype is a shape a character can start from, not a shape to stay in. A foil exists to make the main character visible by contrast."
400,14,B2,,img_day400.png,The Music of Words,The Music of Words,simile · personification · hyperbole · imagery · alliteration · symbolism · allegory · stanza · prose,A simile says one thing is like another and keeps a polite distance. Personification gives the wind a temper and the sea a mood. Hyperbole is not lying; everyone present knows the scale is wrong.,"Illustrate one clear, concrete scene that explains ""The Music of Words"" to a child, for a children's English book. Show real objects and people doing the action — not symbols or abstract shapes. Key ideas to show: simile, personification, hyperbole, imagery, alliteration, symbolism, allegory, stanza, prose. children's storybook illustration, soft warm colors, friendly rounded shapes, gentle lighting, flat vector style with light texture, wide 16:9 scene, no text, no letters, no words, no watermark",A simile says one thing is like another and keeps a polite distance. Personification gives the wind a temper and the sea a mood. Hyperbole is not lying; everyone present knows the scale is wrong. Strong imagery reaches the senses before it reaches the argument. Alliteration is why so many shops have names that repeat one sound. Symbolism only works if the object also makes sense literally. An allegory tells one story on the surface and a second underneath. A stanza is to a poem what a paragraph is to prose. Good prose has rhythm even when nobody notices it.
401,14,B2,,img_day401.png,Kinds of Story,Kinds of Story,category · fable · parable · epic · tragedy · satire · parody · anthology · worldbuilding,A category is a promise to the reader about the kind of pleasure ahead. A fable uses animals to say something about people. A parable makes you supply the meaning yourself.,"Illustrate one clear, concrete scene that explains ""Kinds of Story"" to a child, for a children's English book. Show real objects and people doing the action — not symbols or abstract shapes. Key ideas to show: category, fable, parable, epic, tragedy, satire, parody, anthology, worldbuilding. children's storybook illustration, soft warm colors, friendly rounded shapes, gentle lighting, flat vector style with light texture, wide 16:9 scene, no text, no letters, no words, no watermark","A category is a promise to the reader about the kind of pleasure ahead. A fable uses animals to say something about people. A parable makes you supply the meaning yourself. An epic follows a hero across a whole world and usually a whole war. In tragedy the flaw belongs to the hero, not to bad luck. Satire attacks by pretending to agree. Parody imitates a style closely enough to expose it. A good anthology introduces you to five writers you would never have found. Worldbuilding is invisible when it is done well and everywhere when it is not."
402,14,B2,,img_day402.png,From Manuscript to Shelf,From Manuscript to Shelf,typescript · publisher · royalties · bestseller · excerpt · prologue · epilogue · retelling · screenplay,"A finished typescript is the beginning of the work, not the end. A publisher takes the financial risk and earns the larger share for it. Royalties usually arrive twice a year and rarely change a life.","Illustrate one clear, concrete scene that explains ""From Manuscript to Shelf"" to a child, for a children's English book. Show real objects and people doing the action — not symbols or abstract shapes. Key ideas to show: typescript, publisher, royalties, bestseller, excerpt, prologue, epilogue, retelling, screenplay. children's storybook illustration, soft warm colors, friendly rounded shapes, gentle lighting, flat vector style with light texture, wide 16:9 scene, no text, no letters, no words, no watermark","A finished typescript is the beginning of the work, not the end. A publisher takes the financial risk and earns the larger share for it. Royalties usually arrive twice a year and rarely change a life. A bestseller is made in the first three weeks or not at all. An excerpt in a magazine sells more copies than any advertisement. A prologue should earn its place or be deleted. An epilogue answers the question the reader will otherwise ask on the last page. Every retelling must cut something the readers loved. A screenplay is mostly what people do, not what they think."
403,14,B2,,img_day403.png,Reading Closely,Reading Closely,theme · recurringimage · pacing · closure · interpretive · criticism · canon · closeread · resonate,A theme is what the book is about underneath what happens in it. A recurringimage is a small thing that keeps coming back until you notice it. Pacing is the difference between a long book and a slow one.,"Illustrate one clear, concrete scene that explains ""Reading Closely"" to a child, for a children's English book. Show real objects and people doing the action — not symbols or abstract shapes. Key ideas to show: theme, recurringimage, pacing, closure, interpretive, criticism, canon, closeread, resonate. children's storybook illustration, soft warm colors, friendly rounded shapes, gentle lighting, flat vector style with light texture, wide 16:9 scene, no text, no letters, no words, no watermark","A theme is what the book is about underneath what happens in it. A recurringimage is a small thing that keeps coming back until you notice it. Pacing is the difference between a long book and a slow one. Closure need not be happy; it must be earned. An interpretive reading offers evidence, not merely a feeling. Criticism at its best makes you want to read the book again. Every canon reflects who was allowed to publish at the time. A closeread exercise asks you to defend a reading from six lines alone. A story that continues to resonate is usually about something ordinary."
404,14,B2,ทบทวน,img_day404.png,Week 58 Friends Review!,Week 58 Friends Review!,protagonist · antagonist · exposition · climax · denouement · subplot · foreshadow · suspense · cliffhanger · omniscient · firstperson · unreliable · monologue · soliloquy · dialogue · characterisation · archetype · foil · simile · personification · hyperbole · imagery · alliteration · symbolism · allegory · stanza · prose · category · fable · parable · epic · tragedy · satire · parody · anthology · worldbuilding · typescript · publisher · royalties · bestseller · excerpt · prologue · epilogue · retelling · screenplay · theme · recurringimage · pacing · closure · interpretive · criticism · canon · closeread · resonate,,"Illustrate a cheerful review-day celebration for a children's English book: two original child-friendly characters cheering together among floating stars, balloons and simple everyday objects. Theme: Week 58 Friends Review!. children's storybook illustration, soft warm colors, friendly rounded shapes, gentle lighting, flat vector style with light texture, wide 16:9 scene, no text, no letters, no words, no watermark",
405,14,B2,,img_day405.png,Leading People,Leading People,morale · cohesion · micromanage · incentivise · onboarding · attrition · succession · facilitate · tactful,Morale is destroyed by small unfairness far more often than by hard work. Cohesion grows when a team survives something difficult together. Managers who micromanage produce staff who stop deciding anything.,"Illustrate one clear, concrete scene that explains ""Leading People"" to a child, for a children's English book. Show real objects and people doing the action — not symbols or abstract shapes. Key ideas to show: morale, cohesion, micromanage, incentivise, onboarding, attrition, succession, facilitate, tactful. children's storybook illustration, soft warm colors, friendly rounded shapes, gentle lighting, flat vector style with light texture, wide 16:9 scene, no text, no letters, no words, no watermark","Morale is destroyed by small unfairness far more often than by hard work. Cohesion grows when a team survives something difficult together. Managers who micromanage produce staff who stop deciding anything. To incentivise the wrong number is to guarantee the wrong behaviour. Good onboarding in week one saves six months of confusion. High attrition is a symptom, and the cause is usually one level above. Succession planning is the least urgent and most important task a leader has. To facilitate a meeting is to make room for the quiet person. A tactful correction is remembered; a public one is only resented."
406,14,B2,,img_day406.png,How Teams Work,How Teams Work,hierarchy · silo · crossfunctional · alignment · stakeholder · escalate · retrospective · norms · rapport,A flat hierarchy still has power in it; it is simply harder to see. A silo forms whenever two teams stop needing each other's approval. A crossfunctional group solves in one room what four emails cannot.,"Illustrate one clear, concrete scene that explains ""How Teams Work"" to a child, for a children's English book. Show real objects and people doing the action — not symbols or abstract shapes. Key ideas to show: hierarchy, silo, crossfunctional, alignment, stakeholder, escalate, retrospective, norms, rapport. children's storybook illustration, soft warm colors, friendly rounded shapes, gentle lighting, flat vector style with light texture, wide 16:9 scene, no text, no letters, no words, no watermark","A flat hierarchy still has power in it; it is simply harder to see. A silo forms whenever two teams stop needing each other's approval. A crossfunctional group solves in one room what four emails cannot. Alignment means everyone can state the goal in the same words. Every stakeholder should be identified before the plan, not after the complaint. Escalate early and calmly; escalating late looks like blame. A blameless retrospective finds five times as many real causes. Team norms are what happen when the manager is on holiday. Rapport is built in the five minutes before a meeting starts."
407,14,B2,,img_day407.png,Running a Project,Running a Project,deliverable · scopecreep · fallback · dependency · bottleneck · roadmap · forecasting · buffer · postmortem,"A deliverable is something someone else can check, not something you feel is done. Scopecreep never arrives as one large request; it arrives as nine small ones. A fallback is a plan you hope to waste.","Illustrate one clear, concrete scene that explains ""Running a Project"" to a child, for a children's English book. Show real objects and people doing the action — not symbols or abstract shapes. Key ideas to show: deliverable, scopecreep, fallback, dependency, bottleneck, roadmap, forecasting, buffer, postmortem. children's storybook illustration, soft warm colors, friendly rounded shapes, gentle lighting, flat vector style with light texture, wide 16:9 scene, no text, no letters, no words, no watermark","A deliverable is something someone else can check, not something you feel is done. Scopecreep never arrives as one large request; it arrives as nine small ones. A fallback is a plan you hope to waste. One unnoticed dependency can hold up eleven finished tasks. Find the bottleneck before optimising anything else. A roadmap shows direction; it is not a promise about dates. Honest forecasting carries the confidence attached to it. A schedule with no buffer is a schedule that has already failed. A postmortem should ask what the system allowed, not who was careless."
408,14,B2,,img_day408.png,At the Table,At the Table,bargaining · concession · counteroffer · anchor · walkaway · reciprocate · goodwill · winwin · zerosum,Bargaining begins long before anyone mentions a number. Never make a concession without asking for something in return. A counteroffer keeps the conversation alive better than a refusal does.,"Illustrate one clear, concrete scene that explains ""At the Table"" to a child, for a children's English book. Show real objects and people doing the action — not symbols or abstract shapes. Key ideas to show: bargaining, concession, counteroffer, anchor, walkaway, reciprocate, goodwill, winwin, zerosum. children's storybook illustration, soft warm colors, friendly rounded shapes, gentle lighting, flat vector style with light texture, wide 16:9 scene, no text, no letters, no words, no watermark","Bargaining begins long before anyone mentions a number. Never make a concession without asking for something in return. A counteroffer keeps the conversation alive better than a refusal does. The first number spoken becomes the anchor, fairly or not. Know your walkaway point before you enter the room. If they move and you never reciprocate, they will stop moving. Goodwill built over years is spent in a single greedy afternoon. A winwin is not a compromise; it is finding what each side values differently. Very few situations are truly zerosum, though many are argued as if they were."
409,14,B2,,img_day409.png,When Talks Stall,When Talks Stall,stalemate · impasse · ultimatum · mediator · arbitrator · assertiveness · cutoff · facesaving · deescalate,"A stalemate is not failure; it is information about what matters most. At an impasse, change the shape of the problem rather than the volume. An ultimatum removes every option except obedience and refusal.","Illustrate one clear, concrete scene that explains ""When Talks Stall"" to a child, for a children's English book. Show real objects and people doing the action — not symbols or abstract shapes. Key ideas to show: stalemate, impasse, ultimatum, mediator, arbitrator, assertiveness, cutoff, facesaving, deescalate. children's storybook illustration, soft warm colors, friendly rounded shapes, gentle lighting, flat vector style with light texture, wide 16:9 scene, no text, no letters, no words, no watermark","A stalemate is not failure; it is information about what matters most. At an impasse, change the shape of the problem rather than the volume. An ultimatum removes every option except obedience and refusal. A neutral mediator suggests; nobody has to accept. An arbitrator decides, and both sides agreed in advance to accept it. Assertiveness states a need without attacking a person. A real cutoff moves people; a fake one destroys trust once discovered. A facesaving exit lets someone change their mind without looking defeated. To deescalate is to lower the temperature before solving anything."
410,14,B2,,img_day410.png,The Long Game,The Long Game,longterm · shortterm · reputation · uprightness · steadiness · followthrough · forbearing · adaptability · endowment,"A longterm reputation is built by shortterm decisions nobody was watching. Shortterm pressure is real and is a poor reason to break a promise. Reputation travels faster than any advertisement, in both directions.","Illustrate one clear, concrete scene that explains ""The Long Game"" to a child, for a children's English book. Show real objects and people doing the action — not symbols or abstract shapes. Key ideas to show: longterm, shortterm, reputation, uprightness, steadiness, followthrough, forbearing, adaptability, endowment. children's storybook illustration, soft warm colors, friendly rounded shapes, gentle lighting, flat vector style with light texture, wide 16:9 scene, no text, no letters, no words, no watermark","A longterm reputation is built by shortterm decisions nobody was watching. Shortterm pressure is real and is a poor reason to break a promise. Reputation travels faster than any advertisement, in both directions. Uprightness is expensive exactly once, and cheap for the rest of your life. Steadiness beats brilliance in almost every job that lasts. Followthrough is rarer than talent and worth more. A forbearing leader is not passive; they choose the right moment on purpose. Adaptability is what keeps a long career from ending early. The best endowment is a colleague who learned to do it without you."
411,14,B2,ทบทวน,img_day411.png,Week 59 Friends Review!,Week 59 Friends Review!,morale · cohesion · micromanage · incentivise · onboarding · attrition · succession · facilitate · tactful · hierarchy · silo · crossfunctional · alignment · stakeholder · escalate · retrospective · norms · rapport · deliverable · scopecreep · fallback · dependency · bottleneck · roadmap · forecasting · buffer · postmortem · bargaining · concession · counteroffer · anchor · walkaway · reciprocate · goodwill · winwin · zerosum · stalemate · impasse · ultimatum · mediator · arbitrator · assertiveness · cutoff · facesaving · deescalate · longterm · shortterm · reputation · uprightness · steadiness · followthrough · forbearing · adaptability · endowment,,"Illustrate a cheerful review-day celebration for a children's English book: two original child-friendly characters cheering together among floating stars, balloons and simple everyday objects. Theme: Week 59 Friends Review!. children's storybook illustration, soft warm colors, friendly rounded shapes, gentle lighting, flat vector style with light texture, wide 16:9 scene, no text, no letters, no words, no watermark",
412,14,B2,,img_day412.png,"One World, Many Problems","One World, Many Problems",globalisation · interdependence · supplychain · protectionism · freetrade · sanction · reshoring · foodsecurity · watersecurity,Globalisation made goods cheaper and made every country easier to disrupt. Interdependence is safer than isolation and far less comfortable. One blocked canal showed the world how fragile a supplychain can be.,"Illustrate one clear, concrete scene that explains ""One World, Many Problems"" to a child, for a children's English book. Show real objects and people doing the action — not symbols or abstract shapes. Key ideas to show: globalisation, interdependence, supplychain, protectionism, freetrade, sanction, reshoring, foodsecurity, watersecurity. children's storybook illustration, soft warm colors, friendly rounded shapes, gentle lighting, flat vector style with light texture, wide 16:9 scene, no text, no letters, no words, no watermark","Globalisation made goods cheaper and made every country easier to disrupt. Interdependence is safer than isolation and far less comfortable. One blocked canal showed the world how fragile a supplychain can be. Protectionism saves visible jobs and costs invisible ones. Freetrade raises total wealth and does not share it evenly by itself. A sanction is meant to change behaviour without firing a shot, and often fails. Reshoring costs more per unit and buys certainty. Foodsecurity is not about growing everything; it is about never depending on one source. Watersecurity will decide more borders this century than oil did last century."
413,14,B2,,img_day413.png,Talking Between Nations,Talking Between Nations,multilateral · envoy · consulate · conference · communique · accord · pact · ratification · compliance,A multilateral agreement is slower to reach and much harder to abandon. An envoy carries a message and sometimes carries the blame. A consulate helps its own citizens; an embassy speaks to the government.,"Illustrate one clear, concrete scene that explains ""Talking Between Nations"" to a child, for a children's English book. Show real objects and people doing the action — not symbols or abstract shapes. Key ideas to show: multilateral, envoy, consulate, conference, communique, accord, pact, ratification, compliance. children's storybook illustration, soft warm colors, friendly rounded shapes, gentle lighting, flat vector style with light texture, wide 16:9 scene, no text, no letters, no words, no watermark","A multilateral agreement is slower to reach and much harder to abandon. An envoy carries a message and sometimes carries the blame. A consulate helps its own citizens; an embassy speaks to the government. A conference is mostly the ceremony at the end of a year of quiet work. A joint communique is written by people who disagree and must both sign. An accord announces intention; a treaty creates obligation. A pact between two states is only as strong as the weaker promise in it. Ratification at home is where many international agreements quietly die. Without monitoring, compliance is simply a hope printed on good paper."
414,14,B2,,img_day414.png,When Crisis Comes,When Crisis Comes,lifesaving · peacekeeping · ceasefire · resettlement · haulage · coordination · remit · neutral · auditing,"Lifesaving work is judged by whether it reaches the last village, not the first. Peacekeeping soldiers are not there to win; they are there to be seen. A ceasefire is fragile in the first seventy two hours and then usually holds.","Illustrate one clear, concrete scene that explains ""When Crisis Comes"" to a child, for a children's English book. Show real objects and people doing the action — not symbols or abstract shapes. Key ideas to show: lifesaving, peacekeeping, ceasefire, resettlement, haulage, coordination, remit, neutral, auditing. children's storybook illustration, soft warm colors, friendly rounded shapes, gentle lighting, flat vector style with light texture, wide 16:9 scene, no text, no letters, no words, no watermark","Lifesaving work is judged by whether it reaches the last village, not the first. Peacekeeping soldiers are not there to win; they are there to be seen. A ceasefire is fragile in the first seventy two hours and then usually holds. Resettlement asks a community to make room, and it works best when asked properly. In a disaster, haulage matters more than sympathy. Poor coordination means three agencies deliver blankets and nobody delivers water. A clear remit defines what a mission may do and, more importantly, may not. A neutral organisation can enter places a national army cannot. Careful auditing of aid money protects the donors and, far more, the recipients."
415,14,B2,,img_day415.png,Health Without Borders,Health Without Borders,preparedness · containment · eradicate · immunisation · mortality · lifeexpectancy · indicator · capacitybuilding · electrification,Preparedness is expensive before an outbreak and priceless during one. Early containment costs a fraction of late treatment. Only two diseases have ever been fully eradicated from the world.,"Illustrate one clear, concrete scene that explains ""Health Without Borders"" to a child, for a children's English book. Show real objects and people doing the action — not symbols or abstract shapes. Key ideas to show: preparedness, containment, eradicate, immunisation, mortality, lifeexpectancy, indicator, capacitybuilding, electrification. children's storybook illustration, soft warm colors, friendly rounded shapes, gentle lighting, flat vector style with light texture, wide 16:9 scene, no text, no letters, no words, no watermark","Preparedness is expensive before an outbreak and priceless during one. Early containment costs a fraction of late treatment. Only two diseases have ever been fully eradicated from the world. Mass immunisation protects the children who cannot be vaccinated at all. Falling child mortality is the clearest good news of the last century. Lifeexpectancy has risen almost everywhere and unevenly. A single indicator can hide as much as it reveals. Capacitybuilding means training local staff instead of flying experts in forever. Rural electrification changes education, health and income at the same time."
416,14,B2,,img_day416.png,Keeping the Peace,Keeping the Peace,proliferation · disarmament · deterrent · inspection · inspector · cybersecurity · escalation · selfrestraint · stability,"Proliferation is easier to prevent than to reverse. Disarmament agreements survive only when both sides can check. A deterrent works by never being used, which makes it hard to measure.","Illustrate one clear, concrete scene that explains ""Keeping the Peace"" to a child, for a children's English book. Show real objects and people doing the action — not symbols or abstract shapes. Key ideas to show: proliferation, disarmament, deterrent, inspection, inspector, cybersecurity, escalation, selfrestraint, stability. children's storybook illustration, soft warm colors, friendly rounded shapes, gentle lighting, flat vector style with light texture, wide 16:9 scene, no text, no letters, no words, no watermark","Proliferation is easier to prevent than to reverse. Disarmament agreements survive only when both sides can check. A deterrent works by never being used, which makes it hard to measure. Inspection requires access that nobody wants to grant. An independent inspector is the least glamorous guarantee of peace there is. Cybersecurity has become a national security question in twenty years. Escalation is rarely a decision; it is usually a series of small responses. Selfrestraint after a provocation is the most underrated act in diplomacy. Stability is not the same as justice, and a wise policy wants both."
417,14,B2,,img_day417.png,Measuring Progress,Measuring Progress,benchmark · baseline · aggregate · disaggregate · proxy · longitudinal · linkage · unintended · sustainability,"A benchmark tells you whether the number is good, which the number alone cannot. Without a baseline, no improvement can be honestly claimed. An aggregate figure can rise while most people get poorer.","Illustrate one clear, concrete scene that explains ""Measuring Progress"" to a child, for a children's English book. Show real objects and people doing the action — not symbols or abstract shapes. Key ideas to show: benchmark, baseline, aggregate, disaggregate, proxy, longitudinal, linkage, unintended, sustainability. children's storybook illustration, soft warm colors, friendly rounded shapes, gentle lighting, flat vector style with light texture, wide 16:9 scene, no text, no letters, no words, no watermark","A benchmark tells you whether the number is good, which the number alone cannot. Without a baseline, no improvement can be honestly claimed. An aggregate figure can rise while most people get poorer. Disaggregate the data by region and the story usually changes. A proxy measures what you can count instead of what you care about. A longitudinal study follows the same people for years and is worth the wait. Linkage is the hardest problem: the programme ran, and so did everything else. Every large intervention has an unintended consequence somewhere. Sustainability asks what remains three years after the funding stops."
418,14,B2,ทบทวน,img_day418.png,Week 60 Friends Review!,Week 60 Friends Review!,globalisation · interdependence · supplychain · protectionism · freetrade · sanction · reshoring · foodsecurity · watersecurity · multilateral · envoy · consulate · conference · communique · accord · pact · ratification · compliance · lifesaving · peacekeeping · ceasefire · resettlement · haulage · coordination · remit · neutral · auditing · preparedness · containment · eradicate · immunisation · mortality · lifeexpectancy · indicator · capacitybuilding · electrification · proliferation · disarmament · deterrent · inspection · inspector · cybersecurity · escalation · selfrestraint · stability · benchmark · baseline · aggregate · disaggregate · proxy · longitudinal · linkage · unintended · sustainability,,"Illustrate a cheerful review-day celebration for a children's English book: two original child-friendly characters cheering together among floating stars, balloons and simple everyday objects. Theme: Week 60 Friends Review!. children's storybook illustration, soft warm colors, friendly rounded shapes, gentle lighting, flat vector style with light texture, wide 16:9 scene, no text, no letters, no words, no watermark",
419,14,B2,,img_day419.png,The Habit of Thinking,The Habit of Thinking,metacognition · overconfidence · calibrated · steelman · openminded · falsifiable · parsimony · probabilistic · provisional,"Metacognition is thinking about how you are thinking, and it can be practised. Overconfidence is not the same as confidence; it is confidence without evidence. A calibrated thinker is right about how often they are right.","Illustrate one clear, concrete scene that explains ""The Habit of Thinking"" to a child, for a children's English book. Show real objects and people doing the action — not symbols or abstract shapes. Key ideas to show: metacognition, overconfidence, calibrated, steelman, openminded, falsifiable, parsimony, probabilistic, provisional. children's storybook illustration, soft warm colors, friendly rounded shapes, gentle lighting, flat vector style with light texture, wide 16:9 scene, no text, no letters, no words, no watermark","Metacognition is thinking about how you are thinking, and it can be practised. Overconfidence is not the same as confidence; it is confidence without evidence. A calibrated thinker is right about how often they are right. To steelman an opponent is to state their case better than they did. Being openminded is not believing everything; it is being willing to be moved. A claim that is not falsifiable cannot be tested and should not be trusted. Parsimony prefers the simplest explanation that still fits the facts. Probabilistic thinking replaces certain and impossible with more likely and less likely. Every conclusion should be held as provisional, including this one."
420,14,B2,,img_day420.png,Four Hundred and Twenty,Four Hundred and Twenty,immersion · spontaneity · precision · register · nuanced · unforced · versatile · cumulative · upkeep,Immersion did most of this quietly while you were paying attention to something else. Spontaneity arrives when you stop assembling sentences in advance. Precision is choosing between two words that a beginner thinks are the same.,"Illustrate one clear, concrete scene that explains ""Four Hundred and Twenty"" to a child, for a children's English book. Show real objects and people doing the action — not symbols or abstract shapes. Key ideas to show: immersion, spontaneity, precision, register, nuanced, unforced, versatile, cumulative, upkeep. children's storybook illustration, soft warm colors, friendly rounded shapes, gentle lighting, flat vector style with light texture, wide 16:9 scene, no text, no letters, no words, no watermark","Immersion did most of this quietly while you were paying attention to something else. Spontaneity arrives when you stop assembling sentences in advance. Precision is choosing between two words that a beginner thinks are the same. Register is knowing that an email to a friend is not an email to a stranger. A nuanced reader hears the difference between disagree and object. English will feel unforced on some days and not on others, and both are normal. A versatile speaker can be plain, formal, funny or exact, on purpose. Everything here has been cumulative: four hundred and twenty days, one habit. Upkeep of a language means using it often enough to keep it."
421,15,B2,,img_day421.png,Why Things Fly,Why Things Fly,aerodynamics · propulsion · thrust · upforce · fuselage · propeller · cockpit · altimeter · streamlined,Aerodynamics explains why a shape matters more than a size. Propulsion pushes forward; the air pushes back. Thrust must exceed the resistance of the air before anything moves quickly.,"Illustrate one clear, concrete scene that explains ""Why Things Fly"" to a child, for a children's English book. Show real objects and people doing the action — not symbols or abstract shapes. Key ideas to show: aerodynamics, propulsion, thrust, upforce, fuselage, propeller, cockpit, altimeter, streamlined. children's storybook illustration, soft warm colors, friendly rounded shapes, gentle lighting, flat vector style with light texture, wide 16:9 scene, no text, no letters, no words, no watermark","Aerodynamics explains why a shape matters more than a size. Propulsion pushes forward; the air pushes back. Thrust must exceed the resistance of the air before anything moves quickly. Upforce comes from the wing bending the air downwards. The fuselage carries the load and contributes almost nothing to upforce. A propeller is a rotating wing, which is a strange and useful idea. Two pilots sit in the cockpit so that one can always be checking the other. The altimeter is set against local air pressure before every landing. A streamlined shape can halve the fuel a vehicle needs."
422,15,B2,,img_day422.png,Across the Water,Across the Water,hull · keel · ballast · rudder · cargo · freight · tanker · shipyard · conveyor,"A hull is shaped to push water aside without pushing itself over. The keel runs along the bottom and keeps the ship pointing where it is aimed. Ballast is weight carried on purpose, low down, to stay upright.","Illustrate one clear, concrete scene that explains ""Across the Water"" to a child, for a children's English book. Show real objects and people doing the action — not symbols or abstract shapes. Key ideas to show: hull, keel, ballast, rudder, cargo, freight, tanker, shipyard, conveyor. children's storybook illustration, soft warm colors, friendly rounded shapes, gentle lighting, flat vector style with light texture, wide 16:9 scene, no text, no letters, no words, no watermark","A hull is shaped to push water aside without pushing itself over. The keel runs along the bottom and keeps the ship pointing where it is aimed. Ballast is weight carried on purpose, low down, to stay upright. The rudder is small and decides where a very large object goes. Ninety per cent of world cargo travels by sea. Sea freight is slow, cheap and astonishingly efficient per tonne. One tanker can carry two million barrels and be handled by twenty people. A modern shipyard builds in sections and joins them at the end. A port conveyor moves grain faster than a hundred workers with shovels."
423,15,B2,,img_day423.png,On Rails,On Rails,locomotive · railcar · gauge · signalling · rollingresistance · electrified · timing · interchange · throughput,"A single locomotive can pull a load no road vehicle could approach. Each railcar carries more people than a bus and uses less energy per head. Different countries chose a different gauge, and their trains still cannot meet.","Illustrate one clear, concrete scene that explains ""On Rails"" to a child, for a children's English book. Show real objects and people doing the action — not symbols or abstract shapes. Key ideas to show: locomotive, railcar, gauge, signalling, rollingresistance, electrified, timing, interchange, throughput. children's storybook illustration, soft warm colors, friendly rounded shapes, gentle lighting, flat vector style with light texture, wide 16:9 scene, no text, no letters, no words, no watermark","A single locomotive can pull a load no road vehicle could approach. Each railcar carries more people than a bus and uses less energy per head. Different countries chose a different gauge, and their trains still cannot meet. Modern signalling is what allows two trains on one line safely. Steel on steel produces very little rollingresistance, which is the whole advantage of rail. An electrified line removes the engine noise and most of the emissions. Regular timing is easier to remember and therefore better used. A good interchange is judged by the walk between platforms. Throughput is limited by the slowest train on the line."
424,15,B2,,img_day424.png,Bridges and Tunnels,Bridges and Tunnels,suspension · span · pylon · tension · compression · bore · tunnelling · settling · surveying,A suspension bridge hangs the road from cables instead of standing it on pillars. The longest span in the world is nearly two kilometres between towers. Each pylon carries the weight of the entire deck down into rock.,"Illustrate one clear, concrete scene that explains ""Bridges and Tunnels"" to a child, for a children's English book. Show real objects and people doing the action — not symbols or abstract shapes. Key ideas to show: suspension, span, pylon, tension, compression, bore, tunnelling, settling, surveying. children's storybook illustration, soft warm colors, friendly rounded shapes, gentle lighting, flat vector style with light texture, wide 16:9 scene, no text, no letters, no words, no watermark","A suspension bridge hangs the road from cables instead of standing it on pillars. The longest span in the world is nearly two kilometres between towers. Each pylon carries the weight of the entire deck down into rock. A cable works in tension; a stone column works in compression. Every structure is a conversation between those two forces. A tunnel boring machine can bore fifteen metres on a good day. Tunnelling under a city means negotiating with pipes nobody mapped. Watch for settling in the buildings above, not only in the tunnel. Regular surveying is why old bridges are usually safer than new drivers."
425,15,B2,,img_day425.png,The Car and Its Future,The Car and Its Future,chassis · axle · transmission · combustion · torque · hybrid · regenerative · autopilot · telemetry,The chassis is the frame everything else is bolted to. An axle carries the weight and turns the wheels at the same time. The transmission matches engine speed to road speed.,"Illustrate one clear, concrete scene that explains ""The Car and Its Future"" to a child, for a children's English book. Show real objects and people doing the action — not symbols or abstract shapes. Key ideas to show: chassis, axle, transmission, combustion, torque, hybrid, regenerative, autopilot, telemetry. children's storybook illustration, soft warm colors, friendly rounded shapes, gentle lighting, flat vector style with light texture, wide 16:9 scene, no text, no letters, no words, no watermark",The chassis is the frame everything else is bolted to. An axle carries the weight and turns the wheels at the same time. The transmission matches engine speed to road speed. A combustion engine wastes most of its fuel as heat. An electric motor delivers full torque from a standing start. A hybrid uses two systems and carries the weight of both. Regenerative braking turns stopping into charging. Current autopilot systems assist a driver; none of them replace one. Telemetry lets a workshop see a fault before the driver notices it.
426,15,B2,,img_day426.png,Keeping It All Running,Keeping It All Running,overhaul · wearandtear · clearance · calibration · redundancy · failsafe · warehouse · forklift · substation,"A scheduled overhaul is cheaper than an unscheduled failure every single time. Wearandtear is predictable, which is why it can be planned for. A clearance of half a millimetre is generous in some machines and impossible in others.","Illustrate one clear, concrete scene that explains ""Keeping It All Running"" to a child, for a children's English book. Show real objects and people doing the action — not symbols or abstract shapes. Key ideas to show: overhaul, wearandtear, clearance, calibration, redundancy, failsafe, warehouse, forklift, substation. children's storybook illustration, soft warm colors, friendly rounded shapes, gentle lighting, flat vector style with light texture, wide 16:9 scene, no text, no letters, no words, no watermark","A scheduled overhaul is cheaper than an unscheduled failure every single time. Wearandtear is predictable, which is why it can be planned for. A clearance of half a millimetre is generous in some machines and impossible in others. Regular calibration keeps a measurement honest. Redundancy means the aircraft has three of everything important. A failsafe design fails into the safe position, not the convenient one. A modern warehouse is organised by how often an item moves, not by what it is. One forklift driver moves what forty people once carried. A substation steps the voltage down before it reaches a street."
427,15,B2,ทบทวน,img_day427.png,Week 61 Friends Review!,Week 61 Friends Review!,aerodynamics · propulsion · thrust · upforce · fuselage · propeller · cockpit · altimeter · streamlined · hull · keel · ballast · rudder · cargo · freight · tanker · shipyard · conveyor · locomotive · railcar · gauge · signalling · rollingresistance · electrified · timing · interchange · throughput · suspension · span · pylon · tension · compression · bore · tunnelling · settling · surveying · chassis · axle · transmission · combustion · torque · hybrid · regenerative · autopilot · telemetry · overhaul · wearandtear · clearance · calibration · redundancy · failsafe · warehouse · forklift · substation,,"Illustrate a cheerful review-day celebration for a children's English book: two original child-friendly characters cheering together among floating stars, balloons and simple everyday objects. Theme: Week 61 Friends Review!. children's storybook illustration, soft warm colors, friendly rounded shapes, gentle lighting, flat vector style with light texture, wide 16:9 scene, no text, no letters, no words, no watermark",
428,15,B2,,img_day428.png,The Story of Life,The Story of Life,evolution · naturalselection · variation · speciation · lineage · fossilrecord · phylogeny · vestigial · convergent,"Evolution is not a plan; it is what remains after everything else fails. Naturalselection needs three things: variation, inheritance and pressure. Without variation in a population, selection has nothing to choose between.","Illustrate one clear, concrete scene that explains ""The Story of Life"" to a child, for a children's English book. Show real objects and people doing the action — not symbols or abstract shapes. Key ideas to show: evolution, naturalselection, variation, speciation, lineage, fossilrecord, phylogeny, vestigial, convergent. children's storybook illustration, soft warm colors, friendly rounded shapes, gentle lighting, flat vector style with light texture, wide 16:9 scene, no text, no letters, no words, no watermark","Evolution is not a plan; it is what remains after everything else fails. Naturalselection needs three things: variation, inheritance and pressure. Without variation in a population, selection has nothing to choose between. Speciation usually begins when a mountain or a river separates two groups. A lineage can be traced backwards but never predicted forwards. The fossilrecord is incomplete because fossilisation is rare and lucky. A phylogeny is a family tree for every living thing. A vestigial structure is a leftover from an ancestor that needed it. Convergent evolution gave wings to birds, bats and insects separately."
429,15,B2,,img_day429.png,Sorting the Living,Sorting the Living,taxonomy · genus · phylum · vertebrate · invertebrate · mammal · amphibian · arthropod · metamorphosis,Taxonomy gives every organism a two part name that works in any language. A genus groups species that share a recent common ancestor. A phylum is one of the very largest divisions of the animal kingdom.,"Illustrate one clear, concrete scene that explains ""Sorting the Living"" to a child, for a children's English book. Show real objects and people doing the action — not symbols or abstract shapes. Key ideas to show: taxonomy, genus, phylum, vertebrate, invertebrate, mammal, amphibian, arthropod, metamorphosis. children's storybook illustration, soft warm colors, friendly rounded shapes, gentle lighting, flat vector style with light texture, wide 16:9 scene, no text, no letters, no words, no watermark","Taxonomy gives every organism a two part name that works in any language. A genus groups species that share a recent common ancestor. A phylum is one of the very largest divisions of the animal kingdom. Every vertebrate on earth shares the same basic skeleton plan. More than ninety five per cent of animal species are invertebrate. A mammal feeds its young on milk and almost always has hair. An amphibian begins in water and moves onto land halfway through its life. The arthropod group includes insects, spiders and crabs together. Complete metamorphosis rebuilds an animal from the inside out."
430,15,B2,,img_day430.png,How Animals Survive,How Animals Survive,camouflage · mimicry · nocturnal · echolocation · hibernate · burrow · plumage · talon · instinct,Camouflage works by matching the background and by breaking up an outline. Mimicry lets a harmless insect borrow the reputation of a dangerous one. A nocturnal animal avoids both the heat and most of its predators.,"Illustrate one clear, concrete scene that explains ""How Animals Survive"" to a child, for a children's English book. Show real objects and people doing the action — not symbols or abstract shapes. Key ideas to show: camouflage, mimicry, nocturnal, echolocation, hibernate, burrow, plumage, talon, instinct. children's storybook illustration, soft warm colors, friendly rounded shapes, gentle lighting, flat vector style with light texture, wide 16:9 scene, no text, no letters, no words, no watermark",Camouflage works by matching the background and by breaking up an outline. Mimicry lets a harmless insect borrow the reputation of a dangerous one. A nocturnal animal avoids both the heat and most of its predators. Echolocation lets a bat build a picture of a room in complete darkness. To hibernate is to lower the body temperature and wait out the shortage. A deep burrow stays within a few degrees all year. Bright plumage advertises health and attracts exactly the wrong attention. A talon is a tool that a bird cannot put down. Instinct is a behaviour that works the first time it is needed.
431,15,B2,,img_day431.png,Living Together,Living Together,symbiosis · parasite · pollinator · swarm · pheromone · territory · courtship · imprinting · anthill,"Symbiosis covers every arrangement from generous to brutal. A parasite must not kill its host too quickly, or it dies as well. A pollinator is paid in sugar for a delivery it does not understand.","Illustrate one clear, concrete scene that explains ""Living Together"" to a child, for a children's English book. Show real objects and people doing the action — not symbols or abstract shapes. Key ideas to show: symbiosis, parasite, pollinator, swarm, pheromone, territory, courtship, imprinting, anthill. children's storybook illustration, soft warm colors, friendly rounded shapes, gentle lighting, flat vector style with light texture, wide 16:9 scene, no text, no letters, no words, no watermark","Symbiosis covers every arrangement from generous to brutal. A parasite must not kill its host too quickly, or it dies as well. A pollinator is paid in sugar for a delivery it does not understand. A swarm has no leader and still behaves as one animal. An ant follows a pheromone trail laid down by an ant it never met. Defending a territory costs energy and saves fighting later. Courtship displays are honest because they are expensive to fake. Imprinting means a duckling will follow whatever it first sees moving. An anthill makes decisions no single ant could make."
432,15,B2,,img_day432.png,The Web of Eating,The Web of Eating,herbivore · carnivore · omnivore · scavenger · decomposer · foodweb · niche · keystone · cascade,"A herbivore spends most of its waking life eating, because plants are poor fuel. A carnivore eats rarely and rests a great deal. An omnivore is flexible, which is why humans reached every continent.","Illustrate one clear, concrete scene that explains ""The Web of Eating"" to a child, for a children's English book. Show real objects and people doing the action — not symbols or abstract shapes. Key ideas to show: herbivore, carnivore, omnivore, scavenger, decomposer, foodweb, niche, keystone, cascade. children's storybook illustration, soft warm colors, friendly rounded shapes, gentle lighting, flat vector style with light texture, wide 16:9 scene, no text, no letters, no words, no watermark","A herbivore spends most of its waking life eating, because plants are poor fuel. A carnivore eats rarely and rests a great deal. An omnivore is flexible, which is why humans reached every continent. A scavenger prevents disease by removing what has already died. Without a decomposer the world would be buried in its own dead leaves. A foodweb is more honest than a food chain, because everything eats several things. A niche is not a place; it is a way of making a living. Remove a keystone species and the whole system rearranges itself. That rearrangement is called a trophic cascade."
433,15,B2,,img_day433.png,When Species Disappear,When Species Disappear,endemic · invasive · fragmentation · linkway · captivebreeding · rewilding · genepool · inbreeding · monitoring,An endemic species exists in one place and nowhere else on earth. An invasive species arrives without the predators that used to control it. Habitat fragmentation can be as damaging as habitat loss.,"Illustrate one clear, concrete scene that explains ""When Species Disappear"" to a child, for a children's English book. Show real objects and people doing the action — not symbols or abstract shapes. Key ideas to show: endemic, invasive, fragmentation, linkway, captivebreeding, rewilding, genepool, inbreeding, monitoring. children's storybook illustration, soft warm colors, friendly rounded shapes, gentle lighting, flat vector style with light texture, wide 16:9 scene, no text, no letters, no words, no watermark",An endemic species exists in one place and nowhere else on earth. An invasive species arrives without the predators that used to control it. Habitat fragmentation can be as damaging as habitat loss. A wildlife linkway lets a small population stop being small. Captivebreeding is a last resort and has genuinely saved several species. Rewilding returns a missing animal and lets the landscape rebuild itself. A narrow genepool leaves a population unable to answer a new disease. Inbreeding in a tiny group produces problems within a few generations. Long term monitoring is unglamorous and decides which programmes actually worked.
434,15,B2,ทบทวน,img_day434.png,Week 62 Friends Review!,Week 62 Friends Review!,evolution · naturalselection · variation · speciation · lineage · fossilrecord · phylogeny · vestigial · convergent · taxonomy · genus · phylum · vertebrate · invertebrate · mammal · amphibian · arthropod · metamorphosis · camouflage · mimicry · nocturnal · echolocation · hibernate · burrow · plumage · talon · instinct · symbiosis · parasite · pollinator · swarm · pheromone · territory · courtship · imprinting · anthill · herbivore · carnivore · omnivore · scavenger · decomposer · foodweb · niche · keystone · cascade · endemic · invasive · fragmentation · linkway · captivebreeding · rewilding · genepool · inbreeding · monitoring,,"Illustrate a cheerful review-day celebration for a children's English book: two original child-friendly characters cheering together among floating stars, balloons and simple everyday objects. Theme: Week 62 Friends Review!. children's storybook illustration, soft warm colors, friendly rounded shapes, gentle lighting, flat vector style with light texture, wide 16:9 scene, no text, no letters, no words, no watermark",
435,15,B2,,img_day435.png,What Things Are Made Of,What Things Are Made Of,alloy · polymer · composite · carbonfibre · elasticity · brittle · ductile · malleable · durability,An alloy is a mixture that behaves better than either metal alone. A polymer is a very long molecule repeated thousands of times. A composite combines two materials so that each covers the other's weakness.,"Illustrate one clear, concrete scene that explains ""What Things Are Made Of"" to a child, for a children's English book. Show real objects and people doing the action — not symbols or abstract shapes. Key ideas to show: alloy, polymer, composite, carbonfibre, elasticity, brittle, ductile, malleable, durability. children's storybook illustration, soft warm colors, friendly rounded shapes, gentle lighting, flat vector style with light texture, wide 16:9 scene, no text, no letters, no words, no watermark","An alloy is a mixture that behaves better than either metal alone. A polymer is a very long molecule repeated thousands of times. A composite combines two materials so that each covers the other's weakness. Carbonfibre is lighter than aluminium and stiffer than steel, and costly. Elasticity means a material returns to its shape after the load is removed. Glass is strong and brittle, which is a dangerous combination. A ductile metal can be drawn into wire without snapping. Gold is so malleable that one gram covers half a square metre. Durability is worth more than strength in almost every everyday object."
436,15,B2,,img_day436.png,Shaping Metal,Shaping Metal,forge · weld · solder · anneal · corrode · galvanise · lathe · kiln · extrude,To forge metal is to shape it while it is hot enough to move. A weld joins two pieces by melting them into each other. Solder melts at a low temperature and joins without melting the parts.,"Illustrate one clear, concrete scene that explains ""Shaping Metal"" to a child, for a children's English book. Show real objects and people doing the action — not symbols or abstract shapes. Key ideas to show: forge, weld, solder, anneal, corrode, galvanise, lathe, kiln, extrude. children's storybook illustration, soft warm colors, friendly rounded shapes, gentle lighting, flat vector style with light texture, wide 16:9 scene, no text, no letters, no words, no watermark",To forge metal is to shape it while it is hot enough to move. A weld joins two pieces by melting them into each other. Solder melts at a low temperature and joins without melting the parts. To anneal a metal is to heat it and cool it slowly so it stops being brittle. Iron will corrode wherever water and air meet it. Galvanised steel does not rust because the zinc corrodes instead. A lathe spins the work and holds the tool still. A pottery kiln reaches a temperature that changes clay permanently. To extrude aluminium is to squeeze it through a shaped hole like toothpaste.
437,15,B2,,img_day437.png,Thread and Cloth,Thread and Cloth,textile · loom · spindle · synthetic · breathable · waterproof · dyeing · tanning · crease,The textile industry was the first to be mechanised anywhere. A loom holds one set of threads still and passes another set through. A spindle twists loose fibre into thread strong enough to pull.,"Illustrate one clear, concrete scene that explains ""Thread and Cloth"" to a child, for a children's English book. Show real objects and people doing the action — not symbols or abstract shapes. Key ideas to show: textile, loom, spindle, synthetic, breathable, waterproof, dyeing, tanning, crease. children's storybook illustration, soft warm colors, friendly rounded shapes, gentle lighting, flat vector style with light texture, wide 16:9 scene, no text, no letters, no words, no watermark","The textile industry was the first to be mechanised anywhere. A loom holds one set of threads still and passes another set through. A spindle twists loose fibre into thread strong enough to pull. A synthetic fibre is cheap, strong and does not decay for centuries. Wool is breathable and stays warm even when it is damp. A waterproof jacket that is not breathable will soak you from the inside. Dyeing uses enormous quantities of water and is being redesigned. Leather tanning is ancient, effective and among the most polluting crafts there is. Linen creases beautifully, which is a polite way of saying it creases."
438,15,B2,,img_day438.png,Making a Garment,Making a Garment,garment · seam · hem · lining · bespoke · couture · mending · launder · craftsmanship,"A garment is judged from the inside, where nobody is looking. A straight seam is harder than it sounds and impossible to hide. A good hem hangs level even when the wearer moves.","Illustrate one clear, concrete scene that explains ""Making a Garment"" to a child, for a children's English book. Show real objects and people doing the action — not symbols or abstract shapes. Key ideas to show: garment, seam, hem, lining, bespoke, couture, mending, launder, craftsmanship. children's storybook illustration, soft warm colors, friendly rounded shapes, gentle lighting, flat vector style with light texture, wide 16:9 scene, no text, no letters, no words, no watermark","A garment is judged from the inside, where nobody is looking. A straight seam is harder than it sounds and impossible to hide. A good hem hangs level even when the wearer moves. A lining makes a jacket comfortable and doubles the work of making it. A bespoke suit is cut for one body and fits no other. Couture is made entirely by hand and priced accordingly. Ten minutes of mending saves a shirt for another two years. Wash less, launder gently, and clothes last three times longer. Craftsmanship is visible in the parts nobody photographs."
439,15,B2,,img_day439.png,The Cost of Fashion,The Cost of Fashion,fastfashion · readytowear · secondhand · upcycle · microfibre · overproduction · supplier · audit · livingwage,Fastfashion sells fifty collections a year and expects none of them to last. Readytowear democratised clothing and standardised bodies at the same time. Buying secondhand is the single largest reduction most wardrobes can make.,"Illustrate one clear, concrete scene that explains ""The Cost of Fashion"" to a child, for a children's English book. Show real objects and people doing the action — not symbols or abstract shapes. Key ideas to show: fastfashion, readytowear, secondhand, upcycle, microfibre, overproduction, supplier, audit, livingwage. children's storybook illustration, soft warm colors, friendly rounded shapes, gentle lighting, flat vector style with light texture, wide 16:9 scene, no text, no letters, no words, no watermark","Fastfashion sells fifty collections a year and expects none of them to last. Readytowear democratised clothing and standardised bodies at the same time. Buying secondhand is the single largest reduction most wardrobes can make. To upcycle is to make something more valuable, not merely to reuse it. Every wash releases microfibre plastic into the water system. Overproduction, not underselling, is the industry's real waste problem. A brand often does not know who its third supplier is. An unannounced audit finds what an announced one never will. A livingwage is not a minimum wage; it is what a family actually needs."
440,15,B2,,img_day440.png,Things That Last,Things That Last,repairable · modularity · sparepart · obsolescence · recyclable · biodegrade · lifecycle · provenance · memento,"A repairable product is a decision made at the design stage, not later. Modularity means one broken part does not condemn the whole object. If no sparepart exists, the product was designed to be thrown away.","Illustrate one clear, concrete scene that explains ""Things That Last"" to a child, for a children's English book. Show real objects and people doing the action — not symbols or abstract shapes. Key ideas to show: repairable, modularity, sparepart, obsolescence, recyclable, biodegrade, lifecycle, provenance, memento. children's storybook illustration, soft warm colors, friendly rounded shapes, gentle lighting, flat vector style with light texture, wide 16:9 scene, no text, no letters, no words, no watermark","A repairable product is a decision made at the design stage, not later. Modularity means one broken part does not condemn the whole object. If no sparepart exists, the product was designed to be thrown away. Planned obsolescence is legal in most countries and increasingly unpopular. Recyclable is not the same as recycled; one is a hope and one is a fact. Very few plastics genuinely biodegrade in ordinary conditions. A lifecycle assessment counts the energy from mining to disposal. Clear provenance tells you where a material came from and who handled it. A memento is simply an object somebody chose to repair."
441,15,B2,ทบทวน,img_day441.png,Week 63 Friends Review!,Week 63 Friends Review!,alloy · polymer · composite · carbonfibre · elasticity · brittle · ductile · malleable · durability · forge · weld · solder · anneal · corrode · galvanise · lathe · kiln · extrude · textile · loom · spindle · synthetic · breathable · waterproof · dyeing · tanning · crease · garment · seam · hem · lining · bespoke · couture · mending · launder · craftsmanship · fastfashion · readytowear · secondhand · upcycle · microfibre · overproduction · supplier · audit · livingwage · repairable · modularity · sparepart · obsolescence · recyclable · biodegrade · lifecycle · provenance · memento,,"Illustrate a cheerful review-day celebration for a children's English book: two original child-friendly characters cheering together among floating stars, balloons and simple everyday objects. Theme: Week 63 Friends Review!. children's storybook illustration, soft warm colors, friendly rounded shapes, gentle lighting, flat vector style with light texture, wide 16:9 scene, no text, no letters, no words, no watermark",
442,15,B2,,img_day442.png,Words That Trip People Up,Words That Trip People Up,imply · complement · discreet · discrete · elicit · illicit · ensure · comprise · continual,A speaker will imply something; a listener will infer it. Two things complement each other when each supplies what the other lacks. A discreet friend keeps your news to themselves.,"Illustrate one clear, concrete scene that explains ""Words That Trip People Up"" to a child, for a children's English book. Show real objects and people doing the action — not symbols or abstract shapes. Key ideas to show: imply, complement, discreet, discrete, elicit, illicit, ensure, comprise, continual. children's storybook illustration, soft warm colors, friendly rounded shapes, gentle lighting, flat vector style with light texture, wide 16:9 scene, no text, no letters, no words, no watermark",A speaker will imply something; a listener will infer it. Two things complement each other when each supplies what the other lacks. A discreet friend keeps your news to themselves. Discrete quantities can be counted; continuous ones can only be measured. A good question will elicit an honest answer. An illicit trade is one the law forbids and the market rewards. To ensure something is to make certain it happens. The committee comprises nine members; it is not comprised of them. Continual interruptions come again and again; continuous noise never stops at all.
443,15,B2,,img_day443.png,Saying What You Mean,Saying What You Mean,candid · blunt · courteous · gracious · concede · acknowledge · endorse · uphold · reckon,A candid answer is honest and still chooses its words. A blunt answer is honest and has not bothered to. Being courteous costs nothing and is remembered for years.,"Illustrate one clear, concrete scene that explains ""Saying What You Mean"" to a child, for a children's English book. Show real objects and people doing the action — not symbols or abstract shapes. Key ideas to show: candid, blunt, courteous, gracious, concede, acknowledge, endorse, uphold, reckon. children's storybook illustration, soft warm colors, friendly rounded shapes, gentle lighting, flat vector style with light texture, wide 16:9 scene, no text, no letters, no words, no watermark","A candid answer is honest and still chooses its words. A blunt answer is honest and has not bothered to. Being courteous costs nothing and is remembered for years. A gracious winner is far rarer than a good one. To concede a point in an argument makes your other points stronger. Acknowledge a mistake early and it stays small. To endorse something publicly is to lend it your own reputation. Uphold a rule you dislike and people will trust you with the ones you like. In everyday English, reckon simply means think."
444,15,B2,,img_day444.png,The Way You Say It,The Way You Say It,ballpark · upshot · grapple · linger · unfold · ponder · savour · cherish · strive,A ballpark figure is a rough estimate everyone understands is rough. The upshot of a long meeting can usually be written in one line. To grapple with an idea is more useful than to agree with it quickly.,"Illustrate one clear, concrete scene that explains ""The Way You Say It"" to a child, for a children's English book. Show real objects and people doing the action — not symbols or abstract shapes. Key ideas to show: ballpark, upshot, grapple, linger, unfold, ponder, savour, cherish, strive. children's storybook illustration, soft warm colors, friendly rounded shapes, gentle lighting, flat vector style with light texture, wide 16:9 scene, no text, no letters, no words, no watermark",A ballpark figure is a rough estimate everyone understands is rough. The upshot of a long meeting can usually be written in one line. To grapple with an idea is more useful than to agree with it quickly. A good ending will linger for days. Let a difficult conversation unfold instead of forcing it. It is worth taking a minute to ponder before replying to anything important. Savour a language rather than only using it. Cherish the words you found difficult; they are the ones you truly learned. Strive for better and accept good on the way there.
445,15,B2,,img_day445.png,The Kind of Person You Are,The Kind of Person You Are,tenacious · meticulous · scrupulous · resourceful · conscientious · astute · pragmatic · poised · earnest,A tenacious person is not stubborn; they simply have not finished. Meticulous work looks slow until you count the corrections it avoided. A scrupulous colleague is worth three clever ones.,"Illustrate one clear, concrete scene that explains ""The Kind of Person You Are"" to a child, for a children's English book. Show real objects and people doing the action — not symbols or abstract shapes. Key ideas to show: tenacious, meticulous, scrupulous, resourceful, conscientious, astute, pragmatic, poised, earnest. children's storybook illustration, soft warm colors, friendly rounded shapes, gentle lighting, flat vector style with light texture, wide 16:9 scene, no text, no letters, no words, no watermark",A tenacious person is not stubborn; they simply have not finished. Meticulous work looks slow until you count the corrections it avoided. A scrupulous colleague is worth three clever ones. Resourceful people solve problems with what is already in the room. A conscientious worker does the part nobody will inspect. An astute observer notices what everyone else walked past. A pragmatic approach chooses the option that will actually be used. Someone poised does not need to be the loudest person present. An earnest effort deserves respect even when it does not succeed.
446,15,B2,,img_day446.png,Keeping English Alive,Keeping English Alive,nurture · replenish · steep · revisit · broaden · hone · steadfastness · inquisitive · continuing,"Nurture the habit and the vocabulary looks after itself. To replenish a language you need contact, not lessons. Steep yourself in it a little every week rather than a great deal once a year.","Illustrate one clear, concrete scene that explains ""Keeping English Alive"" to a child, for a children's English book. Show real objects and people doing the action — not symbols or abstract shapes. Key ideas to show: nurture, replenish, steep, revisit, broaden, hone, steadfastness, inquisitive, continuing. children's storybook illustration, soft warm colors, friendly rounded shapes, gentle lighting, flat vector style with light texture, wide 16:9 scene, no text, no letters, no words, no watermark","Nurture the habit and the vocabulary looks after itself. To replenish a language you need contact, not lessons. Steep yourself in it a little every week rather than a great deal once a year. Revisit an old chapter and notice how much easier it has become. Broaden your reading before you deepen it. Hone one skill at a time: this month listening, next month writing. Modest steadfastness survives a busy season; an ambitious plan does not. An inquisitive mind is the only requirement discipline cannot replace. Continuing study is not a slogan here; it is simply what happens next."
447,15,B2,,img_day447.png,Four Hundred Forty Eight,Four Hundred Forty Eight,signpost · culmination · testament · gratifying · hardwon · unwavering · doorway · beckon · flourish · delve · resolute · boundless,"Day four hundred and forty eight is a signpost, not a finish. Three thousand words is a testament to showing up, not to talent. Hardwon skill is the only kind that stays.","Illustrate one clear, concrete scene that explains ""Four Hundred Forty Eight"" to a child, for a children's English book. Show real objects and people doing the action — not symbols or abstract shapes. Key ideas to show: signpost, culmination, testament, gratifying, hardwon, unwavering, doorway, beckon, flourish. children's storybook illustration, soft warm colors, friendly rounded shapes, gentle lighting, flat vector style with light texture, wide 16:9 scene, no text, no letters, no words, no watermark","Day four hundred and forty eight is a signpost, not a finish. This is the culmination of four hundred and forty eight ordinary decisions. Three thousand words is a testament to showing up, not to talent. It is gratifying to read a page now and forget it is not your first language. Hardwon skill is the only kind that stays. Unwavering habits beat brilliant beginnings every single time. You are standing in a doorway that is already open. From here the road will beckon and it is yours to follow. Given use, a language will flourish; given silence, it will fade. Delve into books, films and conversations that are slightly too hard. Stay resolute on the days when nothing feels like progress. The world you can now read in English is boundless."
448,15,B2,ทบทวน,img_day448.png,Week 64 Friends Review!,Week 64 Friends Review!,imply · complement · discreet · discrete · elicit · illicit · ensure · comprise · continual · candid · blunt · courteous · gracious · concede · acknowledge · endorse · uphold · reckon · ballpark · upshot · grapple · linger · unfold · ponder · savour · cherish · strive · tenacious · meticulous · scrupulous · resourceful · conscientious · astute · pragmatic · poised · earnest · nurture · replenish · steep · revisit · broaden · hone · steadfastness · inquisitive · continuing · signpost · culmination · testament · gratifying · hardwon · unwavering · doorway · beckon · flourish · delve · resolute · boundless,,"Illustrate a cheerful review-day celebration for a children's English book: two original child-friendly characters cheering together among floating stars, balloons and simple everyday objects. Theme: Week 64 Friends Review!. children's storybook illustration, soft warm colors, friendly rounded shapes, gentle lighting, flat vector style with light texture, wide 16:9 scene, no text, no letters, no words, no watermark",
